INSERT IGNORE INTO brand (name)
VALUES ('센트룸');
INSERT IGNORE INTO brand (name)
VALUES ('오쏘몰');
INSERT IGNORE INTO brand (name)
VALUES ('종근당건강');
INSERT IGNORE INTO brand (name)
VALUES ('기타');
INSERT IGNORE INTO brand (name)
VALUES ('고려은단');
INSERT IGNORE INTO brand (name)
VALUES ('아임비타');
INSERT IGNORE INTO brand (name)
VALUES ('라이프익스텐션');

INSERT INTO product (brand_id, name, code, description, instruction, ingredients, cautions, disclaimer,
                     sale_start_date, expiration_date, max_qty_per_order, sales, avg_rating, review_count, min_price)
VALUES ((SELECT id FROM brand WHERE name = '센트룸'),
        '센트룸 포 맨 더블업 종합 멀티 비타민 112정 남성 대용량 영양제',
        'P88179641598', '센트룸 포 맨 더블업 종합 멀티 비타민 112정 남성 대용량 영양제',
        '하루 1정을 식후에 섭취하세요.', '비타민 A, C, D, E, B군, 아연, 마그네슘, 셀레늄',
        '과다섭취 시 부작용이 있을 수 있습니다.', '본 제품은 질병의 예방 및 치료를 위한 의약품이 아닙니다.',
        '2024-12-30 00:00:00', 30, 6, 1890, 4.5, 340, 39990);
INSERT INTO product_img (product_id, image_url, alt_text, sort_idx, is_primary)
VALUES ((SELECT id FROM product WHERE code = 'P88179641598' LIMIT 1),
        'https://shopping-phinf.pstatic.net/main_8817964/88179641598.1.jpg', '대표 이미지', 0, 1),
       ((SELECT id FROM product WHERE code = 'P88179641598' LIMIT 1),
        'https://shopping-phinf.pstatic.net/main_8817964/88179641598.2.jpg', '상품 상세', 1, 0),
       ((SELECT id FROM product WHERE code = 'P88179641598' LIMIT 1),
        'https://shopping-phinf.pstatic.net/main_8817964/88179641598.3.jpg', '성분 정보', 2, 0);
INSERT INTO product_variant (product_id, variant_name, list_price, sale_price, volume, upc_code, pill_size,
                             nutrition_facts, max_qty_per_order, restock_eta)
VALUES ((SELECT id FROM product WHERE code = 'P88179641598' LIMIT 1), '112정', 39990, 36900, 112, '600000000001',
        '10x10x5mm', '비타민 및 미네랄 충족', 6, NULL),
       ((SELECT id FROM product WHERE code = 'P88179641598' LIMIT 1), '56정', 24990, 22990, 56, '600000000002',
        '10x10x5mm', '비타민 및 미네랄 충족', 6, NULL);
INSERT IGNORE INTO stock (product_variant_id, amount, updated_at, restocked_at)
VALUES ((SELECT id
         FROM product_variant
         WHERE variant_name = '112정'
           AND product_id = (SELECT id FROM product WHERE code = 'P88179641598' LIMIT 1)
         LIMIT 1),
        180, '2025-09-29 12:00:00', '2025-08-20 12:00:00'),
       ((SELECT id
         FROM product_variant
         WHERE variant_name = '56정'
           AND product_id = (SELECT id FROM product WHERE code = 'P88179641598' LIMIT 1)
         LIMIT 1),
        120, '2025-09-29 12:00:00', '2025-08-20 12:00:00');
INSERT INTO product_category (product_id, category_id)
VALUES ((SELECT id FROM product WHERE code = 'P88179641598' LIMIT 1),
        (SELECT id FROM category WHERE name = '종합비타민' LIMIT 1));
INSERT IGNORE INTO product_rank (product_id, recent_sales, updated_at)
VALUES ((SELECT id FROM product WHERE code = 'P88179641598' LIMIT 1), 1890, '2025-09-29 12:00:00');


INSERT INTO product (brand_id, name, code, description, instruction, ingredients, cautions, disclaimer,
                     sale_start_date, expiration_date, max_qty_per_order, sales, avg_rating, review_count, min_price)
VALUES ((SELECT id FROM brand WHERE name = '오쏘몰'),
        '오쏘몰 이뮨 멀티비타민 미네랄 (액상 20ml + 정제 919mg) x 30개입, 1개',
        'P51929317174', '오쏘몰 이뮨 멀티비타민 미네랄 (액상 20ml + 정제 919mg) x 30개입, 1개',
        '하루 1개를 식후에 섭취하세요.', '비타민 A, C, D, E, B군, 아연, 마그네슘, 셀레늄',
        '과다섭취 시 부작용이 있을 수 있습니다.', '본 제품은 질병의 예방 및 치료를 위한 의약품이 아닙니다.',
        '2024-12-31 00:00:00', 30, 6, 1890, 4.6, 280, 77270);
INSERT INTO product_img (product_id, image_url, alt_text, sort_idx, is_primary)
VALUES ((SELECT id FROM product WHERE code = 'P51929317174' LIMIT 1),
        'https://shopping-phinf.pstatic.net/main_5192931/51929317174.1.jpg', '대표 이미지', 0, 1),
       ((SELECT id FROM product WHERE code = 'P51929317174' LIMIT 1),
        'https://shopping-phinf.pstatic.net/main_5192931/51929317174.2.jpg', '상품 상세', 1, 0),
       ((SELECT id FROM product WHERE code = 'P51929317174' LIMIT 1),
        'https://shopping-phinf.pstatic.net/main_5192931/51929317174.3.jpg', '성분 정보', 2, 0);
INSERT INTO product_variant (product_id, variant_name, list_price, sale_price, volume, upc_code, pill_size,
                             nutrition_facts, max_qty_per_order, restock_eta)
VALUES ((SELECT id FROM product WHERE code = 'P51929317174' LIMIT 1), '30개입', 77270, 75270, 30, '600000000003', '액상+정제',
        '비타민 및 미네랄 충족', 6, NULL),
       ((SELECT id FROM product WHERE code = 'P51929317174' LIMIT 1), '15개입', 47270, 45270, 15, '600000000004', '액상+정제',
        '비타민 및 미네랄 충족', 6, NULL);
INSERT IGNORE INTO stock (product_variant_id, amount, updated_at, restocked_at)
VALUES ((SELECT id
         FROM product_variant
         WHERE variant_name = '30개입'
           AND product_id = (SELECT id FROM product WHERE code = 'P51929317174' LIMIT 1)
         LIMIT 1),
        150, '2025-09-29 12:00:00', '2025-08-20 12:00:00'),
       ((SELECT id
         FROM product_variant
         WHERE variant_name = '15개입'
           AND product_id = (SELECT id FROM product WHERE code = 'P51929317174' LIMIT 1)
         LIMIT 1),
        100, '2025-09-29 12:00:00', '2025-08-20 12:00:00');
INSERT INTO product_category (product_id, category_id)
VALUES ((SELECT id FROM product WHERE code = 'P51929317174' LIMIT 1),
        (SELECT id FROM category WHERE name = '종합비타민' LIMIT 1));
INSERT IGNORE INTO product_rank (product_id, recent_sales, updated_at)
VALUES ((SELECT id FROM product WHERE code = 'P51929317174' LIMIT 1), 1890, '2025-09-29 12:00:00');


INSERT INTO product (brand_id, name, code, description, instruction, ingredients, cautions, disclaimer,
                     sale_start_date, expiration_date, max_qty_per_order, sales, avg_rating, review_count, min_price)
VALUES ((SELECT id FROM brand WHERE name = '센트룸'),
        '센트룸 실버 포 우먼 종합 멀티 비타민 영양제 112정 비타민B12 대용량',
        'P86787803460', '센트룸 실버 포 우먼 종합 멀티 비타민 영양제 112정 비타민B12 대용량',
        '하루 1정을 식후에 섭취하세요.', '비타민 A, C, D, E, B군, 아연, 마그네슘, 셀레늄',
        '과다섭취 시 부작용이 있을 수 있습니다.', '본 제품은 질병의 예방 및 치료를 위한 의약품이 아닙니다.',
        '2025-01-01 00:00:00', 30, 6, 1890, 4.4, 280, 39990);
INSERT INTO product_img (product_id, image_url, alt_text, sort_idx, is_primary)
VALUES ((SELECT id FROM product WHERE code = 'P86787803460' LIMIT 1),
        'https://shopping-phinf.pstatic.net/main_8678780/86787803460.1.jpg', '대표 이미지', 0, 1),
       ((SELECT id FROM product WHERE code = 'P86787803460' LIMIT 1),
        'https://shopping-phinf.pstatic.net/main_8678780/86787803460.2.jpg', '상품 상세', 1, 0),
       ((SELECT id FROM product WHERE code = 'P86787803460' LIMIT 1),
        'https://shopping-phinf.pstatic.net/main_8678780/86787803460.3.jpg', '성분 정보', 2, 0);
INSERT INTO product_variant (product_id, variant_name, list_price, sale_price, volume, upc_code, pill_size,
                             nutrition_facts, max_qty_per_order, restock_eta)
VALUES ((SELECT id FROM product WHERE code = 'P86787803460' LIMIT 1), '112정', 39990, 36990, 112, '600000000005',
        '10x10x5mm', '비타민 및 미네랄 충족', 6, NULL),
       ((SELECT id FROM product WHERE code = 'P86787803460' LIMIT 1), '56정', 24990, 22990, 56, '600000000006',
        '10x10x5mm', '비타민 및 미네랄 충족', 6, NULL);
INSERT IGNORE INTO stock (product_variant_id, amount, updated_at, restocked_at)
VALUES ((SELECT id
         FROM product_variant
         WHERE variant_name = '112정'
           AND product_id = (SELECT id FROM product WHERE code = 'P86787803460' LIMIT 1)
         LIMIT 1),
        160, '2025-09-29 12:00:00', '2025-08-20 12:00:00'),
       ((SELECT id
         FROM product_variant
         WHERE variant_name = '56정'
           AND product_id = (SELECT id FROM product WHERE code = 'P86787803460' LIMIT 1)
         LIMIT 1),
        110, '2025-09-29 12:00:00', '2025-08-20 12:00:00');
INSERT INTO product_category (product_id, category_id)
VALUES ((SELECT id FROM product WHERE code = 'P86787803460' LIMIT 1),
        (SELECT id FROM category WHERE name = '종합비타민' LIMIT 1));
INSERT IGNORE INTO product_rank (product_id, recent_sales, updated_at)
VALUES ((SELECT id FROM product WHERE code = 'P86787803460' LIMIT 1), 1890, '2025-09-29 12:00:00');


INSERT INTO product (brand_id, name, code, description, instruction, ingredients, cautions, disclaimer,
                     sale_start_date, expiration_date, max_qty_per_order, sales, avg_rating, review_count, min_price)
VALUES ((SELECT id FROM brand WHERE name = '기타'),
        '이뮨 멀티비타민 올인원영양제 여성 남성 종합비타민 멀티팩',
        'P86602293233', '이뮨 멀티비타민 올인원영양제 여성 남성 종합비타민 멀티팩',
        '하루 1팩을 식후에 섭취하세요.', '비타민 A, C, D, E, B군, 아연, 마그네슘, 셀레늄',
        '과다섭취 시 부작용이 있을 수 있습니다.', '본 제품은 질병의 예방 및 치료를 위한 의약품이 아닙니다.',
        '2025-01-02 00:00:00', 30, 6, 1890, 4.2, 280, 38800);
INSERT INTO product_img (product_id, image_url, alt_text, sort_idx, is_primary)
VALUES ((SELECT id FROM product WHERE code = 'P86602293233' LIMIT 1),
        'https://shopping-phinf.pstatic.net/main_8660229/86602293233.1.jpg', '대표 이미지', 0, 1),
       ((SELECT id FROM product WHERE code = 'P86602293233' LIMIT 1),
        'https://shopping-phinf.pstatic.net/main_8660229/86602293233.2.jpg', '상품 상세', 1, 0),
       ((SELECT id FROM product WHERE code = 'P86602293233' LIMIT 1),
        'https://shopping-phinf.pstatic.net/main_8660229/86602293233.3.jpg', '성분 정보', 2, 0);
INSERT INTO product_variant (product_id, variant_name, list_price, sale_price, volume, upc_code, pill_size,
                             nutrition_facts, max_qty_per_order, restock_eta)
VALUES ((SELECT id FROM product WHERE code = 'P86602293233' LIMIT 1), '멀티팩', 38800, 36800, 1, '600000000007', '팩',
        '비타민 및 미네랄 충족', 6, NULL),
       ((SELECT id FROM product WHERE code = 'P86602293233' LIMIT 1), '단품', 28800, 26800, 1, '600000000008', '팩',
        '비타민 및 미네랄 충족', 6, NULL);
INSERT IGNORE INTO stock (product_variant_id, amount, updated_at, restocked_at)
VALUES ((SELECT id
         FROM product_variant
         WHERE variant_name = '멀티팩'
           AND product_id = (SELECT id FROM product WHERE code = 'P86602293233' LIMIT 1)
         LIMIT 1),
        90, '2025-09-29 12:00:00', '2025-08-20 12:00:00'),
       ((SELECT id
         FROM product_variant
         WHERE variant_name = '단품'
           AND product_id = (SELECT id FROM product WHERE code = 'P86602293233' LIMIT 1)
         LIMIT 1),
        70, '2025-09-29 12:00:00', '2025-08-20 12:00:00');
INSERT INTO product_category (product_id, category_id)
VALUES ((SELECT id FROM product WHERE code = 'P86602293233' LIMIT 1),
        (SELECT id FROM category WHERE name = '종합비타민' LIMIT 1));
INSERT IGNORE INTO product_rank (product_id, recent_sales, updated_at)
VALUES ((SELECT id FROM product WHERE code = 'P86602293233' LIMIT 1), 1890, '2025-09-29 12:00:00');


INSERT INTO product (brand_id, name, code, description, instruction, ingredients, cautions, disclaimer,
                     sale_start_date, expiration_date, max_qty_per_order, sales, avg_rating, review_count, min_price)
VALUES ((SELECT id FROM brand WHERE name = '종근당건강'),
        '[1+1]종근당 아임비타 이뮨플러스 2박스 샷 올인원영양제 마시는 액상 비타민',
        'P86110690330', '[1+1]종근당 아임비타 이뮨플러스 2박스 샷 올인원영양제 마시는 액상 비타민',
        '하루 1병을 식후에 섭취하세요.', '비타민 A, C, D, E, B군, 아연, 마그네슘, 셀레늄',
        '과다섭취 시 부작용이 있을 수 있습니다.', '본 제품은 질병의 예방 및 치료를 위한 의약품이 아닙니다.',
        '2025-01-03 00:00:00', 30, 6, 1890, 4.3, 280, 21500);
INSERT INTO product_img (product_id, image_url, alt_text, sort_idx, is_primary)
VALUES ((SELECT id FROM product WHERE code = 'P86110690330' LIMIT 1),
        'https://shopping-phinf.pstatic.net/main_8611069/86110690330.1.jpg', '대표 이미지', 0, 1),
       ((SELECT id FROM product WHERE code = 'P86110690330' LIMIT 1),
        'https://shopping-phinf.pstatic.net/main_8611069/86110690330.2.jpg', '상품 상세', 1, 0),
       ((SELECT id FROM product WHERE code = 'P86110690330' LIMIT 1),
        'https://shopping-phinf.pstatic.net/main_8611069/86110690330.3.jpg', '성분 정보', 2, 0);
INSERT INTO product_variant (product_id, variant_name, list_price, sale_price, volume, upc_code, pill_size,
                             nutrition_facts, max_qty_per_order, restock_eta)
VALUES ((SELECT id FROM product WHERE code = 'P86110690330' LIMIT 1), '2박스', 21500, 19500, 2, '600000000009', '액상',
        '비타민 및 미네랄 충족', 6, NULL),
       ((SELECT id FROM product WHERE code = 'P86110690330' LIMIT 1), '1박스', 15000, 13000, 1, '600000000010', '액상',
        '비타민 및 미네랄 충족', 6, NULL);
INSERT IGNORE INTO stock (product_variant_id, amount, updated_at, restocked_at)
VALUES ((SELECT id
         FROM product_variant
         WHERE variant_name = '2박스'
           AND product_id = (SELECT id FROM product WHERE code = 'P86110690330' LIMIT 1)
         LIMIT 1),
        200, '2025-09-29 12:00:00', '2025-08-20 12:00:00'),
       ((SELECT id
         FROM product_variant
         WHERE variant_name = '1박스'
           AND product_id = (SELECT id FROM product WHERE code = 'P86110690330' LIMIT 1)
         LIMIT 1),
        150, '2025-09-29 12:00:00', '2025-08-20 12:00:00');
INSERT INTO product_category (product_id, category_id)
VALUES ((SELECT id FROM product WHERE code = 'P86110690330' LIMIT 1),
        (SELECT id FROM category WHERE name = '종합비타민' LIMIT 1));
INSERT IGNORE INTO product_rank (product_id, recent_sales, updated_at)
VALUES ((SELECT id FROM product WHERE code = 'P86110690330' LIMIT 1), 1890, '2025-09-29 12:00:00');


INSERT INTO product (brand_id, name, code, description, instruction, ingredients, cautions, disclaimer,
                     sale_start_date, expiration_date, max_qty_per_order, sales, avg_rating, review_count, min_price)
VALUES ((SELECT id FROM brand WHERE name = '오쏘몰'),
        '[유통기한 25년 11월 21일] 멀티비타민 오쏘몰 바이탈 F 30일분 + 쇼핑백',
        'P89432010130', '[유통기한 25년 11월 21일] 멀티비타민 오쏘몰 바이탈 F 30일분 + 쇼핑백',
        '하루 1정을 식후에 섭취하세요.', '비타민 A, C, D, E, B군, 아연, 마그네슘, 셀레늄',
        '과다섭취 시 부작용이 있을 수 있습니다.', '본 제품은 질병의 예방 및 치료를 위한 의약품이 아닙니다.',
        '2025-01-04 00:00:00', 30, 6, 1890, 4.5, 280, 60830);
INSERT INTO product_img (product_id, image_url, alt_text, sort_idx, is_primary)
VALUES ((SELECT id FROM product WHERE code = 'P89432010130' LIMIT 1),
        'https://shopping-phinf.pstatic.net/main_8943201/89432010130.1.jpg', '대표 이미지', 0, 1),
       ((SELECT id FROM product WHERE code = 'P89432010130' LIMIT 1),
        'https://shopping-phinf.pstatic.net/main_8943201/89432010130.2.jpg', '상품 상세', 1, 0),
       ((SELECT id FROM product WHERE code = 'P89432010130' LIMIT 1),
        'https://shopping-phinf.pstatic.net/main_8943201/89432010130.3.jpg', '성분 정보', 2, 0);
INSERT INTO product_variant (product_id, variant_name, list_price, sale_price, volume, upc_code, pill_size,
                             nutrition_facts, max_qty_per_order, restock_eta)
VALUES ((SELECT id FROM product WHERE code = 'P89432010130' LIMIT 1), '30일분', 60830, 58830, 30, '600000000011',
        '10x10x5mm', '비타민 및 미네랄 충족', 6, NULL),
       ((SELECT id FROM product WHERE code = 'P89432010130' LIMIT 1), '15일분', 40830, 38830, 15, '600000000012',
        '10x10x5mm', '비타민 및 미네랄 충족', 6, NULL);
INSERT IGNORE INTO stock (product_variant_id, amount, updated_at, restocked_at)
VALUES ((SELECT id
         FROM product_variant
         WHERE variant_name = '30일분'
           AND product_id = (SELECT id FROM product WHERE code = 'P89432010130' LIMIT 1)
         LIMIT 1),
        80, '2025-09-29 12:00:00', '2025-08-20 12:00:00'),
       ((SELECT id
         FROM product_variant
         WHERE variant_name = '15일분'
           AND product_id = (SELECT id FROM product WHERE code = 'P89432010130' LIMIT 1)
         LIMIT 1),
        60, '2025-09-29 12:00:00', '2025-08-20 12:00:00');
INSERT INTO product_category (product_id, category_id)
VALUES ((SELECT id FROM product WHERE code = 'P89432010130' LIMIT 1),
        (SELECT id FROM category WHERE name = '종합비타민' LIMIT 1));
INSERT IGNORE INTO product_rank (product_id, recent_sales, updated_at)
VALUES ((SELECT id FROM product WHERE code = 'P89432010130' LIMIT 1), 1890, '2025-09-29 12:00:00');


INSERT INTO product (brand_id, name, code, description, instruction, ingredients, cautions, disclaimer,
                     sale_start_date, expiration_date, max_qty_per_order, sales, avg_rating, review_count, min_price)
VALUES ((SELECT id FROM brand WHERE name = '센트룸'),
        '센트룸 우먼 더블업 멀티비타민 112정',
        'P88179999195', '센트룸 우먼 더블업 멀티비타민 112정',
        '하루 1정을 식후에 섭취하세요.', '비타민 A, C, D, E, B군, 아연, 마그네슘, 셀레늄',
        '과다섭취 시 부작용이 있을 수 있습니다.', '본 제품은 질병의 예방 및 치료를 위한 의약품이 아닙니다.',
        '2025-01-05 00:00:00', 30, 6, 1890, 4.4, 280, 37990);
INSERT INTO product_img (product_id, image_url, alt_text, sort_idx, is_primary)
VALUES ((SELECT id FROM product WHERE code = 'P88179999195' LIMIT 1),
        'https://shopping-phinf.pstatic.net/main_8817999/88179999195.1.jpg', '대표 이미지', 0, 1),
       ((SELECT id FROM product WHERE code = 'P88179999195' LIMIT 1),
        'https://shopping-phinf.pstatic.net/main_8817999/88179999195.2.jpg', '상품 상세', 1, 0),
       ((SELECT id FROM product WHERE code = 'P88179999195' LIMIT 1),
        'https://shopping-phinf.pstatic.net/main_8817999/88179999195.3.jpg', '성분 정보', 2, 0);
INSERT INTO product_variant (product_id, variant_name, list_price, sale_price, volume, upc_code, pill_size,
                             nutrition_facts, max_qty_per_order, restock_eta)
VALUES ((SELECT id FROM product WHERE code = 'P88179999195' LIMIT 1), '112정', 37990, 35990, 112, '600000000013',
        '10x10x5mm', '비타민 및 미네랄 충족', 6, NULL),
       ((SELECT id FROM product WHERE code = 'P88179999195' LIMIT 1), '56정', 22990, 20990, 56, '600000000014',
        '10x10x5mm', '비타민 및 미네랄 충족', 6, NULL);
INSERT IGNORE INTO stock (product_variant_id, amount, updated_at, restocked_at)
VALUES ((SELECT id
         FROM product_variant
         WHERE variant_name = '112정'
           AND product_id = (SELECT id FROM product WHERE code = 'P88179999195' LIMIT 1)
         LIMIT 1),
        170, '2025-09-29 12:00:00', '2025-08-20 12:00:00'),
       ((SELECT id
         FROM product_variant
         WHERE variant_name = '56정'
           AND product_id = (SELECT id FROM product WHERE code = 'P88179999195' LIMIT 1)
         LIMIT 1),
        120, '2025-09-29 12:00:00', '2025-08-20 12:00:00');
INSERT INTO product_category (product_id, category_id)
VALUES ((SELECT id FROM product WHERE code = 'P88179999195' LIMIT 1),
        (SELECT id FROM category WHERE name = '종합비타민' LIMIT 1));
INSERT IGNORE INTO product_rank (product_id, recent_sales, updated_at)
VALUES ((SELECT id FROM product WHERE code = 'P88179999195' LIMIT 1), 1890, '2025-09-29 12:00:00');


INSERT INTO product (brand_id, name, code, description, instruction, ingredients, cautions, disclaimer,
                     sale_start_date, expiration_date, max_qty_per_order, sales, avg_rating, review_count, min_price)
VALUES ((SELECT id FROM brand WHERE name = '기타'),
        '뉴트리포유 듀얼 이뮨샷 멀티비타민 영양제 30개입 피로회복 액상 마시는 미네랄 종합영양제',
        'P88077354091', '뉴트리포유 듀얼 이뮨샷 멀티비타민 영양제 30개입 피로회복 액상 마시는 미네랄 종합영양제',
        '하루 1개를 식후에 섭취하세요.', '비타민 A, C, D, E, B군, 아연, 마그네슘, 셀레늄',
        '과다섭취 시 부작용이 있을 수 있습니다.', '본 제품은 질병의 예방 및 치료를 위한 의약품이 아닙니다.',
        '2025-01-06 00:00:00', 30, 6, 1890, 4.3, 280, 54900);
INSERT INTO product_img (product_id, image_url, alt_text, sort_idx, is_primary)
VALUES ((SELECT id FROM product WHERE code = 'P88077354091' LIMIT 1),
        'https://shopping-phinf.pstatic.net/main_8807735/88077354091.1.jpg', '대표 이미지', 0, 1),
       ((SELECT id FROM product WHERE code = 'P88077354091' LIMIT 1),
        'https://shopping-phinf.pstatic.net/main_8807735/88077354091.2.jpg', '상품 상세', 1, 0),
       ((SELECT id FROM product WHERE code = 'P88077354091' LIMIT 1),
        'https://shopping-phinf.pstatic.net/main_8807735/88077354091.3.jpg', '성분 정보', 2, 0);
INSERT INTO product_variant (product_id, variant_name, list_price, sale_price, volume, upc_code, pill_size,
                             nutrition_facts, max_qty_per_order, restock_eta)
VALUES ((SELECT id FROM product WHERE code = 'P88077354091' LIMIT 1), '30개입', 54900, 52900, 30, '600000000015', '액상',
        '비타민 및 미네랄 충족', 6, NULL),
       ((SELECT id FROM product WHERE code = 'P88077354091' LIMIT 1), '15개입', 34900, 32900, 15, '600000000016', '액상',
        '비타민 및 미네랄 충족', 6, NULL);
INSERT IGNORE INTO stock (product_variant_id, amount, updated_at, restocked_at)
VALUES ((SELECT id
         FROM product_variant
         WHERE variant_name = '30개입'
           AND product_id = (SELECT id FROM product WHERE code = 'P88077354091' LIMIT 1)
         LIMIT 1),
        140, '2025-09-29 12:00:00', '2025-08-20 12:00:00'),
       ((SELECT id
         FROM product_variant
         WHERE variant_name = '15개입'
           AND product_id = (SELECT id FROM product WHERE code = 'P88077354091' LIMIT 1)
         LIMIT 1),
        90, '2025-09-29 12:00:00', '2025-08-20 12:00:00');
INSERT INTO product_category (product_id, category_id)
VALUES ((SELECT id FROM product WHERE code = 'P88077354091' LIMIT 1),
        (SELECT id FROM category WHERE name = '종합비타민' LIMIT 1));
INSERT IGNORE INTO product_rank (product_id, recent_sales, updated_at)
VALUES ((SELECT id FROM product WHERE code = 'P88077354091' LIMIT 1), 1890, '2025-09-29 12:00:00');


INSERT INTO product (brand_id, name, code, description, instruction, ingredients, cautions, disclaimer,
                     sale_start_date, expiration_date, max_qty_per_order, sales, avg_rating, review_count, min_price)
VALUES ((SELECT id FROM brand WHERE name = '고려은단'),
        '고려은단 메가도스 이뮨샷 (액상 50ml + 정제 1.85g) x 30개입, 1개',
        'P54892035230', '고려은단 메가도스 이뮨샷 (액상 50ml + 정제 1.85g) x 30개입, 1개',
        '하루 1개를 식후에 섭취하세요.', '비타민 A, C, D, E, B군, 아연, 마그네슘, 셀레늄',
        '과다섭취 시 부작용이 있을 수 있습니다.', '본 제품은 질병의 예방 및 치료를 위한 의약품이 아닙니다.',
        '2025-01-07 00:00:00', 30, 6, 1890, 4.4, 280, 54900);
INSERT INTO product_img (product_id, image_url, alt_text, sort_idx, is_primary)
VALUES ((SELECT id FROM product WHERE code = 'P54892035230' LIMIT 1),
        'https://shopping-phinf.pstatic.net/main_5489203/54892035230.1.jpg', '대표 이미지', 0, 1),
       ((SELECT id FROM product WHERE code = 'P54892035230' LIMIT 1),
        'https://shopping-phinf.pstatic.net/main_5489203/54892035230.2.jpg', '상품 상세', 1, 0),
       ((SELECT id FROM product WHERE code = 'P54892035230' LIMIT 1),
        'https://shopping-phinf.pstatic.net/main_5489203/54892035230.3.jpg', '성분 정보', 2, 0);
INSERT INTO product_variant (product_id, variant_name, list_price, sale_price, volume, upc_code, pill_size,
                             nutrition_facts, max_qty_per_order, restock_eta)
VALUES ((SELECT id FROM product WHERE code = 'P54892035230' LIMIT 1), '30개입', 54900, 52900, 30, '600000000017', '액상+정제',
        '비타민 및 미네랄 충족', 6, NULL),
       ((SELECT id FROM product WHERE code = 'P54892035230' LIMIT 1), '15개입', 34900, 32900, 15, '600000000018', '액상+정제',
        '비타민 및 미네랄 충족', 6, NULL);
INSERT IGNORE INTO stock (product_variant_id, amount, updated_at, restocked_at)
VALUES ((SELECT id
         FROM product_variant
         WHERE variant_name = '30개입'
           AND product_id = (SELECT id FROM product WHERE code = 'P54892035230' LIMIT 1)
         LIMIT 1),
        130, '2025-09-29 12:00:00', '2025-08-20 12:00:00'),
       ((SELECT id
         FROM product_variant
         WHERE variant_name = '15개입'
           AND product_id = (SELECT id FROM product WHERE code = 'P54892035230' LIMIT 1)
         LIMIT 1),
        80, '2025-09-29 12:00:00', '2025-08-20 12:00:00');
INSERT INTO product_category (product_id, category_id)
VALUES ((SELECT id FROM product WHERE code = 'P54892035230' LIMIT 1),
        (SELECT id FROM category WHERE name = '종합비타민' LIMIT 1));
INSERT IGNORE INTO product_rank (product_id, recent_sales, updated_at)
VALUES ((SELECT id FROM product WHERE code = 'P54892035230' LIMIT 1), 1890, '2025-09-29 12:00:00');


INSERT INTO product (brand_id, name, code, description, instruction, ingredients, cautions, disclaimer,
                     sale_start_date, expiration_date, max_qty_per_order, sales, avg_rating, review_count, min_price)
VALUES ((SELECT id FROM brand WHERE name = '아임비타'),
        '아임비타 멀티비타민 이뮨샷 선물세트 (액상 20ml + 정제 700mg + 캡슐 500mg) x 20개입, 1개',
        'P56465476117', '아임비타 멀티비타민 이뮨샷 선물세트 (액상 20ml + 정제 700mg + 캡슐 500mg) x 20개입, 1개',
        '하루 1개를 식후에 섭취하세요.', '비타민 A, C, D, E, B군, 아연, 마그네슘, 셀레늄',
        '과다섭취 시 부작용이 있을 수 있습니다.', '본 제품은 질병의 예방 및 치료를 위한 의약품이 아닙니다.',
        '2025-01-08 00:00:00', 30, 6, 1890, 4.3, 280, 42300);
INSERT INTO product_img (product_id, image_url, alt_text, sort_idx, is_primary)
VALUES ((SELECT id FROM product WHERE code = 'P56465476117' LIMIT 1),
        'https://shopping-phinf.pstatic.net/main_5646547/56465476117.1.jpg', '대표 이미지', 0, 1),
       ((SELECT id FROM product WHERE code = 'P56465476117' LIMIT 1),
        'https://shopping-phinf.pstatic.net/main_5646547/56465476117.2.jpg', '상품 상세', 1, 0),
       ((SELECT id FROM product WHERE code = 'P56465476117' LIMIT 1),
        'https://shopping-phinf.pstatic.net/main_5646547/56465476117.3.jpg', '성분 정보', 2, 0);
INSERT INTO product_variant (product_id, variant_name, list_price, sale_price, volume, upc_code, pill_size,
                             nutrition_facts, max_qty_per_order, restock_eta)
VALUES ((SELECT id FROM product WHERE code = 'P56465476117' LIMIT 1), '20개입', 42300, 40300, 20, '600000000019',
        '액상+정제+캡슐', '비타민 및 미네랄 충족', 6, NULL),
       ((SELECT id FROM product WHERE code = 'P56465476117' LIMIT 1), '10개입', 27300, 25300, 10, '600000000020',
        '액상+정제+캡슐', '비타민 및 미네랄 충족', 6, NULL);
INSERT IGNORE INTO stock (product_variant_id, amount, updated_at, restocked_at)
VALUES ((SELECT id
         FROM product_variant
         WHERE variant_name = '20개입'
           AND product_id = (SELECT id FROM product WHERE code = 'P56465476117' LIMIT 1)
         LIMIT 1),
        120, '2025-09-29 12:00:00', '2025-08-20 12:00:00'),
       ((SELECT id
         FROM product_variant
         WHERE variant_name = '10개입'
           AND product_id = (SELECT id FROM product WHERE code = 'P56465476117' LIMIT 1)
         LIMIT 1),
        80, '2025-09-29 12:00:00', '2025-08-20 12:00:00');
INSERT INTO product_category (product_id, category_id)
VALUES ((SELECT id FROM product WHERE code = 'P56465476117' LIMIT 1),
        (SELECT id FROM category WHERE name = '종합비타민' LIMIT 1));
INSERT IGNORE INTO product_rank (product_id, recent_sales, updated_at)
VALUES ((SELECT id FROM product WHERE code = 'P56465476117' LIMIT 1), 1890, '2025-09-29 12:00:00');


INSERT INTO product (brand_id, name, code, description, instruction, ingredients, cautions, disclaimer,
                     sale_start_date, expiration_date, max_qty_per_order, sales, avg_rating, review_count, min_price)
VALUES ((SELECT id FROM brand WHERE name = '고려은단'),
        '고려은단 멀티비타민 올인원 1560mg x 60정, 3개',
        'P51929229300', '고려은단 멀티비타민 올인원 1560mg x 60정, 3개',
        '하루 1정을 식후에 섭취하세요.', '비타민 A, C, D, E, B군, 아연, 마그네슘, 셀레늄',
        '과다섭취 시 부작용이 있을 수 있습니다.', '본 제품은 질병의 예방 및 치료를 위한 의약품이 아닙니다.',
        '2025-01-09 00:00:00', 30, 6, 1890, 4.5, 280, 59750);
INSERT INTO product_img (product_id, image_url, alt_text, sort_idx, is_primary)
VALUES ((SELECT id FROM product WHERE code = 'P51929229300' LIMIT 1),
        'https://shopping-phinf.pstatic.net/main_5192922/51929229300.1.jpg', '대표 이미지', 0, 1),
       ((SELECT id FROM product WHERE code = 'P51929229300' LIMIT 1),
        'https://shopping-phinf.pstatic.net/main_5192922/51929229300.2.jpg', '상품 상세', 1, 0),
       ((SELECT id FROM product WHERE code = 'P51929229300' LIMIT 1),
        'https://shopping-phinf.pstatic.net/main_5192922/51929229300.3.jpg', '성분 정보', 2, 0);
INSERT INTO product_variant (product_id, variant_name, list_price, sale_price, volume, upc_code, pill_size,
                             nutrition_facts, max_qty_per_order, restock_eta)
VALUES ((SELECT id FROM product WHERE code = 'P51929229300' LIMIT 1), '3개', 59750, 57750, 3, '600000000021',
        '10x10x5mm', '비타민 및 미네랄 충족', 6, NULL),
       ((SELECT id FROM product WHERE code = 'P51929229300' LIMIT 1), '1개', 29750, 27750, 1, '600000000022',
        '10x10x5mm', '비타민 및 미네랄 충족', 6, NULL);
INSERT IGNORE INTO stock (product_variant_id, amount, updated_at, restocked_at)
VALUES ((SELECT id
         FROM product_variant
         WHERE variant_name = '3개'
           AND product_id = (SELECT id FROM product WHERE code = 'P51929229300' LIMIT 1)
         LIMIT 1),
        110, '2025-09-29 12:00:00', '2025-08-20 12:00:00'),
       ((SELECT id
         FROM product_variant
         WHERE variant_name = '1개'
           AND product_id = (SELECT id FROM product WHERE code = 'P51929229300' LIMIT 1)
         LIMIT 1),
        70, '2025-09-29 12:00:00', '2025-08-20 12:00:00');
INSERT INTO product_category (product_id, category_id)
VALUES ((SELECT id FROM product WHERE code = 'P51929229300' LIMIT 1),
        (SELECT id FROM category WHERE name = '종합비타민' LIMIT 1));
INSERT IGNORE INTO product_rank (product_id, recent_sales, updated_at)
VALUES ((SELECT id FROM product WHERE code = 'P51929229300' LIMIT 1), 1890, '2025-09-29 12:00:00');


INSERT INTO product (brand_id, name, code, description, instruction, ingredients, cautions, disclaimer,
                     sale_start_date, expiration_date, max_qty_per_order, sales, avg_rating, review_count, min_price)
VALUES ((SELECT id FROM brand WHERE name = '라이프익스텐션'),
        '라이프익스텐션 투 퍼 데이 종합비타민 120정',
        'P35324664624', '라이프익스텐션 투 퍼 데이 종합비타민 120정',
        '하루 2정을 식후에 섭취하세요.', '비타민 A, C, D, E, B군, 아연, 마그네슘, 셀레늄',
        '과다섭취 시 부작용이 있을 수 있습니다.', '본 제품은 질병의 예방 및 치료를 위한 의약품이 아닙니다.',
        '2025-01-10 00:00:00', 30, 6, 1890, 4.2, 280, 18900);
INSERT INTO product_img (product_id, image_url, alt_text, sort_idx, is_primary)
VALUES ((SELECT id FROM product WHERE code = 'P35324664624' LIMIT 1),
        'https://shopping-phinf.pstatic.net/main_3532466/35324664624.1.jpg', '대표 이미지', 0, 1),
       ((SELECT id FROM product WHERE code = 'P35324664624' LIMIT 1),
        'https://shopping-phinf.pstatic.net/main_3532466/35324664624.2.jpg', '상품 상세', 1, 0),
       ((SELECT id FROM product WHERE code = 'P35324664624' LIMIT 1),
        'https://shopping-phinf.pstatic.net/main_3532466/35324664624.3.jpg', '성분 정보', 2, 0);
INSERT INTO product_variant (product_id, variant_name, list_price, sale_price, volume, upc_code, pill_size,
                             nutrition_facts, max_qty_per_order, restock_eta)
VALUES ((SELECT id FROM product WHERE code = 'P35324664624' LIMIT 1), '120정', 18900, 16900, 120, '600000000023',
        '10x10x5mm', '비타민 및 미네랄 충족', 6, NULL),
       ((SELECT id FROM product WHERE code = 'P35324664624' LIMIT 1), '60정', 12900, 10900, 60, '600000000024',
        '10x10x5mm', '비타민 및 미네랄 충족', 6, NULL);
INSERT IGNORE INTO stock (product_variant_id, amount, updated_at, restocked_at)
VALUES ((SELECT id
         FROM product_variant
         WHERE variant_name = '120정'
           AND product_id = (SELECT id FROM product WHERE code = 'P35324664624' LIMIT 1)
         LIMIT 1),
        100, '2025-09-29 12:00:00', '2025-08-20 12:00:00'),
       ((SELECT id
         FROM product_variant
         WHERE variant_name = '60정'
           AND product_id = (SELECT id FROM product WHERE code = 'P35324664624' LIMIT 1)
         LIMIT 1),
        60, '2025-09-29 12:00:00', '2025-08-20 12:00:00');
INSERT INTO product_category (product_id, category_id)
VALUES ((SELECT id FROM product WHERE code = 'P35324664624' LIMIT 1),
        (SELECT id FROM category WHERE name = '종합비타민' LIMIT 1));
INSERT IGNORE INTO product_rank (product_id, recent_sales, updated_at)
VALUES ((SELECT id FROM product WHERE code = 'P35324664624' LIMIT 1), 1890, '2025-09-29 12:00:00');


INSERT INTO product (brand_id, name, code, description, instruction, ingredients, cautions, disclaimer,
                     sale_start_date, expiration_date, max_qty_per_order, sales, avg_rating, review_count, min_price)
VALUES ((SELECT id FROM brand WHERE name = '오쏘몰'),
        '오쏘몰 이뮨 30개입 액상 드링크 독일 멀티 비타민 오르토몰',
        'P9992298950', '오쏘몰 이뮨 30개입 액상 드링크 독일 멀티 비타민 오르토몰',
        '하루 1개를 식후에 섭취하세요.', '비타민 A, C, D, E, B군, 아연, 마그네슘, 셀레늄',
        '과다섭취 시 부작용이 있을 수 있습니다.', '본 제품은 질병의 예방 및 치료를 위한 의약품이 아닙니다.',
        '2025-01-11 00:00:00', 30, 6, 1890, 4.6, 280, 88900);
INSERT INTO product_img (product_id, image_url, alt_text, sort_idx, is_primary)
VALUES ((SELECT id FROM product WHERE code = 'P9992298950' LIMIT 1),
        'https://shopping-phinf.pstatic.net/main_9992298/9992298950.1.jpg', '대표 이미지', 0, 1),
       ((SELECT id FROM product WHERE code = 'P9992298950' LIMIT 1),
        'https://shopping-phinf.pstatic.net/main_9992298/9992298950.2.jpg', '상품 상세', 1, 0),
       ((SELECT id FROM product WHERE code = 'P9992298950' LIMIT 1),
        'https://shopping-phinf.pstatic.net/main_9992298/9992298950.3.jpg', '성분 정보', 2, 0);
INSERT INTO product_variant (product_id, variant_name, list_price, sale_price, volume, upc_code, pill_size,
                             nutrition_facts, max_qty_per_order, restock_eta)
VALUES ((SELECT id FROM product WHERE code = 'P9992298950' LIMIT 1), '30개입', 88900, 86900, 30, '600000000025', '액상',
        '비타민 및 미네랄 충족', 6, NULL),
       ((SELECT id FROM product WHERE code = 'P9992298950' LIMIT 1), '15개입', 58900, 56900, 15, '600000000026', '액상',
        '비타민 및 미네랄 충족', 6, NULL);
INSERT IGNORE INTO stock (product_variant_id, amount, updated_at, restocked_at)
VALUES ((SELECT id
         FROM product_variant
         WHERE variant_name = '30개입'
           AND product_id = (SELECT id FROM product WHERE code = 'P9992298950' LIMIT 1)
         LIMIT 1),
        50, '2025-09-29 12:00:00', '2025-08-20 12:00:00'),
       ((SELECT id
         FROM product_variant
         WHERE variant_name = '15개입'
           AND product_id = (SELECT id FROM product WHERE code = 'P9992298950' LIMIT 1)
         LIMIT 1),
        30, '2025-09-29 12:00:00', '2025-08-20 12:00:00');
INSERT INTO product_category (product_id, category_id)
VALUES ((SELECT id FROM product WHERE code = 'P9992298950' LIMIT 1),
        (SELECT id FROM category WHERE name = '종합비타민' LIMIT 1));
INSERT IGNORE INTO product_rank (product_id, recent_sales, updated_at)
VALUES ((SELECT id FROM product WHERE code = 'P9992298950' LIMIT 1), 1890, '2025-09-29 12:00:00');


INSERT INTO product (brand_id, name, code, description, instruction, ingredients, cautions, disclaimer,
                     sale_start_date, expiration_date, max_qty_per_order, sales, avg_rating, review_count, min_price)
VALUES ((SELECT id FROM brand WHERE name = '아임비타'),
        '종근당 아임비타 멀티비타민 이뮨플러스 14병 샷 마시는 액상 비타민 올인원영양제',
        'P88641950409', '종근당 아임비타 멀티비타민 이뮨플러스 14병 샷 마시는 액상 비타민 올인원영양제',
        '하루 1병을 식후에 섭취하세요.', '비타민 A, C, D, E, B군, 아연, 마그네슘, 셀레늄',
        '과다섭취 시 부작용이 있을 수 있습니다.', '본 제품은 질병의 예방 및 치료를 위한 의약품이 아닙니다.',
        '2025-01-12 00:00:00', 30, 6, 1890, 4.3, 280, 22900);
INSERT INTO product_img (product_id, image_url, alt_text, sort_idx, is_primary)
VALUES ((SELECT id FROM product WHERE code = 'P88641950409' LIMIT 1),
        'https://shopping-phinf.pstatic.net/main_8864195/88641950409.1.jpg', '대표 이미지', 0, 1),
       ((SELECT id FROM product WHERE code = 'P88641950409' LIMIT 1),
        'https://shopping-phinf.pstatic.net/main_8864195/88641950409.2.jpg', '상품 상세', 1, 0),
       ((SELECT id FROM product WHERE code = 'P88641950409' LIMIT 1),
        'https://shopping-phinf.pstatic.net/main_8864195/88641950409.3.jpg', '성분 정보', 2, 0);
INSERT INTO product_variant (product_id, variant_name, list_price, sale_price, volume, upc_code, pill_size,
                             nutrition_facts, max_qty_per_order, restock_eta)
VALUES ((SELECT id FROM product WHERE code = 'P88641950409' LIMIT 1), '14병', 22900, 20900, 14, '600000000027', '액상',
        '비타민 및 미네랄 충족', 6, NULL),
       ((SELECT id FROM product WHERE code = 'P88641950409' LIMIT 1), '7병', 15900, 13900, 7, '600000000028', '액상',
        '비타민 및 미네랄 충족', 6, NULL);
INSERT IGNORE INTO stock (product_variant_id, amount, updated_at, restocked_at)
VALUES ((SELECT id
         FROM product_variant
         WHERE variant_name = '14병'
           AND product_id = (SELECT id FROM product WHERE code = 'P88641950409' LIMIT 1)
         LIMIT 1),
        180, '2025-09-29 12:00:00', '2025-08-20 12:00:00'),
       ((SELECT id
         FROM product_variant
         WHERE variant_name = '7병'
           AND product_id = (SELECT id FROM product WHERE code = 'P88641950409' LIMIT 1)
         LIMIT 1),
        120, '2025-09-29 12:00:00', '2025-08-20 12:00:00');
INSERT INTO product_category (product_id, category_id)
VALUES ((SELECT id FROM product WHERE code = 'P88641950409' LIMIT 1),
        (SELECT id FROM category WHERE name = '종합비타민' LIMIT 1));
INSERT IGNORE INTO product_rank (product_id, recent_sales, updated_at)
VALUES ((SELECT id FROM product WHERE code = 'P88641950409' LIMIT 1), 1890, '2025-09-29 12:00:00');


INSERT IGNORE INTO brand (name)
VALUES ('덴프스');

INSERT INTO product (brand_id, name, code, description, instruction, ingredients, cautions, disclaimer,
                     sale_start_date, expiration_date, max_qty_per_order, sales, avg_rating, review_count, min_price)
VALUES ((SELECT id FROM brand WHERE name = '아임비타'),
        '아임비타 멀티비타민 이뮨플러스 (액상 20ml + 정제 600mg + 캡슐 500mg) x 7개입, 1개',
        'P51929307661', '아임비타 멀티비타민 이뮨플러스 (액상 20ml + 정제 600mg + 캡슐 500mg) x 7개입, 1개',
        '하루 1개를 식후에 섭취하세요.', '비타민 A, C, D, E, B군, 아연, 마그네슘, 셀레늄',
        '과다섭취 시 부작용이 있을 수 있습니다.', '본 제품은 질병의 예방 및 치료를 위한 의약품이 아닙니다.',
        '2025-01-13 00:00:00', 30, 6, 1890, 4.1, 280, 9900);
INSERT INTO product_img (product_id, image_url, alt_text, sort_idx, is_primary)
VALUES ((SELECT id FROM product WHERE code = 'P51929307661' LIMIT 1),
        'https://shopping-phinf.pstatic.net/main_5192930/51929307661.1.jpg', '대표 이미지', 0, 1),
       ((SELECT id FROM product WHERE code = 'P51929307661' LIMIT 1),
        'https://shopping-phinf.pstatic.net/main_5192930/51929307661.2.jpg', '상품 상세', 1, 0),
       ((SELECT id FROM product WHERE code = 'P51929307661' LIMIT 1),
        'https://shopping-phinf.pstatic.net/main_5192930/51929307661.3.jpg', '성분 정보', 2, 0);
INSERT INTO product_variant (product_id, variant_name, list_price, sale_price, volume, upc_code, pill_size,
                             nutrition_facts, max_qty_per_order, restock_eta)
VALUES ((SELECT id FROM product WHERE code = 'P51929307661' LIMIT 1), '7개입', 9900, 8900, 7, '600000000029', '액상+정제+캡슐',
        '비타민 및 미네랄 충족', 6, NULL),
       ((SELECT id FROM product WHERE code = 'P51929307661' LIMIT 1), '3개입', 6900, 5900, 3, '600000000030', '액상+정제+캡슐',
        '비타민 및 미네랄 충족', 6, NULL);
INSERT IGNORE INTO stock (product_variant_id, amount, updated_at, restocked_at)
VALUES ((SELECT id
         FROM product_variant
         WHERE variant_name = '7개입'
           AND product_id = (SELECT id FROM product WHERE code = 'P51929307661' LIMIT 1)
         LIMIT 1),
        250, '2025-09-29 12:00:00', '2025-08-20 12:00:00'),
       ((SELECT id
         FROM product_variant
         WHERE variant_name = '3개입'
           AND product_id = (SELECT id FROM product WHERE code = 'P51929307661' LIMIT 1)
         LIMIT 1),
        150, '2025-09-29 12:00:00', '2025-08-20 12:00:00');
INSERT INTO product_category (product_id, category_id)
VALUES ((SELECT id FROM product WHERE code = 'P51929307661' LIMIT 1),
        (SELECT id FROM category WHERE name = '비타민 A' LIMIT 1));
INSERT IGNORE INTO product_rank (product_id, recent_sales, updated_at)
VALUES ((SELECT id FROM product WHERE code = 'P51929307661' LIMIT 1), 1890, '2025-09-29 12:00:00');


INSERT INTO product (brand_id, name, code, description, instruction, ingredients, cautions, disclaimer,
                     sale_start_date, expiration_date, max_qty_per_order, sales, avg_rating, review_count, min_price)
VALUES ((SELECT id FROM brand WHERE name = '덴프스'),
        '덴프스 트루바이타민 I 1690mg x 30포, 4개',
        'P52649755414', '덴프스 트루바이타민 I 1690mg x 30포, 4개',
        '하루 1포를 식후에 섭취하세요.', '비타민 A, C, D, E, B군, 아연, 마그네슘, 셀레늄',
        '과다섭취 시 부작용이 있을 수 있습니다.', '본 제품은 질병의 예방 및 치료를 위한 의약품이 아닙니다.',
        '2025-01-14 00:00:00', 30, 6, 1890, 4.4, 280, 71950);
INSERT INTO product_img (product_id, image_url, alt_text, sort_idx, is_primary)
VALUES ((SELECT id FROM product WHERE code = 'P52649755414' LIMIT 1),
        'https://shopping-phinf.pstatic.net/main_5264975/52649755414.1.jpg', '대표 이미지', 0, 1),
       ((SELECT id FROM product WHERE code = 'P52649755414' LIMIT 1),
        'https://shopping-phinf.pstatic.net/main_5264975/52649755414.2.jpg', '상품 상세', 1, 0),
       ((SELECT id FROM product WHERE code = 'P52649755414' LIMIT 1),
        'https://shopping-phinf.pstatic.net/main_5264975/52649755414.3.jpg', '성분 정보', 2, 0);
INSERT INTO product_variant (product_id, variant_name, list_price, sale_price, volume, upc_code, pill_size,
                             nutrition_facts, max_qty_per_order, restock_eta)
VALUES ((SELECT id FROM product WHERE code = 'P52649755414' LIMIT 1), '4개', 71950, 69950, 4, '600000000031', '포',
        '비타민 및 미네랄 충족', 6, NULL),
       ((SELECT id FROM product WHERE code = 'P52649755414' LIMIT 1), '2개', 41950, 39950, 2, '600000000032', '포',
        '비타민 및 미네랄 충족', 6, NULL);
INSERT IGNORE INTO stock (product_variant_id, amount, updated_at, restocked_at)
VALUES ((SELECT id
         FROM product_variant
         WHERE variant_name = '4개'
           AND product_id = (SELECT id FROM product WHERE code = 'P52649755414' LIMIT 1)
         LIMIT 1),
        40, '2025-09-29 12:00:00', '2025-08-20 12:00:00'),
       ((SELECT id
         FROM product_variant
         WHERE variant_name = '2개'
           AND product_id = (SELECT id FROM product WHERE code = 'P52649755414' LIMIT 1)
         LIMIT 1),
        25, '2025-09-29 12:00:00', '2025-08-20 12:00:00');
INSERT INTO product_category (product_id, category_id)
VALUES ((SELECT id FROM product WHERE code = 'P52649755414' LIMIT 1),
        (SELECT id FROM category WHERE name = '비타민 A' LIMIT 1));
INSERT IGNORE INTO product_rank (product_id, recent_sales, updated_at)
VALUES ((SELECT id FROM product WHERE code = 'P52649755414' LIMIT 1), 1890, '2025-09-29 12:00:00');


INSERT INTO product (brand_id, name, code, description, instruction, ingredients, cautions, disclaimer,
                     sale_start_date, expiration_date, max_qty_per_order, sales, avg_rating, review_count, min_price)
VALUES ((SELECT id FROM brand WHERE name = '오쏘몰'),
        '오쏘몰 이뮨 오쏘뮬 샷 마시는 비타민 올인원영양제 30일 30개',
        'P89435303813', '오쏘몰 이뮨 오쏘뮬 샷 마시는 비타민 올인원영양제 30일 30개',
        '하루 1개를 식후에 섭취하세요.', '비타민 A, C, D, E, B군, 아연, 마그네슘, 셀레늄',
        '과다섭취 시 부작용이 있을 수 있습니다.', '본 제품은 질병의 예방 및 치료를 위한 의약품이 아닙니다.',
        '2025-01-15 00:00:00', 30, 6, 1890, 4.5, 280, 83300);
INSERT INTO product_img (product_id, image_url, alt_text, sort_idx, is_primary)
VALUES ((SELECT id FROM product WHERE code = 'P89435303813' LIMIT 1),
        'https://shopping-phinf.pstatic.net/main_8943530/89435303813.1.jpg', '대표 이미지', 0, 1),
       ((SELECT id FROM product WHERE code = 'P89435303813' LIMIT 1),
        'https://shopping-phinf.pstatic.net/main_8943530/89435303813.2.jpg', '상품 상세', 1, 0),
       ((SELECT id FROM product WHERE code = 'P89435303813' LIMIT 1),
        'https://shopping-phinf.pstatic.net/main_8943530/89435303813.3.jpg', '성분 정보', 2, 0);
INSERT INTO product_variant (product_id, variant_name, list_price, sale_price, volume, upc_code, pill_size,
                             nutrition_facts, max_qty_per_order, restock_eta)
VALUES ((SELECT id FROM product WHERE code = 'P89435303813' LIMIT 1), '30개', 83300, 81300, 30, '600000000033', '액상',
        '비타민 및 미네랄 충족', 6, NULL),
       ((SELECT id FROM product WHERE code = 'P89435303813' LIMIT 1), '15개', 53300, 51300, 15, '600000000034', '액상',
        '비타민 및 미네랄 충족', 6, NULL);
INSERT IGNORE INTO stock (product_variant_id, amount, updated_at, restocked_at)
VALUES ((SELECT id
         FROM product_variant
         WHERE variant_name = '30개'
           AND product_id = (SELECT id FROM product WHERE code = 'P89435303813' LIMIT 1)
         LIMIT 1),
        60, '2025-09-29 12:00:00', '2025-08-20 12:00:00'),
       ((SELECT id
         FROM product_variant
         WHERE variant_name = '15개'
           AND product_id = (SELECT id FROM product WHERE code = 'P89435303813' LIMIT 1)
         LIMIT 1),
        40, '2025-09-29 12:00:00', '2025-08-20 12:00:00');
INSERT INTO product_category (product_id, category_id)
VALUES ((SELECT id FROM product WHERE code = 'P89435303813' LIMIT 1),
        (SELECT id FROM category WHERE name = '비타민 A' LIMIT 1));
INSERT IGNORE INTO product_rank (product_id, recent_sales, updated_at)
VALUES ((SELECT id FROM product WHERE code = 'P89435303813' LIMIT 1), 1890, '2025-09-29 12:00:00');


INSERT INTO product (brand_id, name, code, description, instruction, ingredients, cautions, disclaimer,
                     sale_start_date, expiration_date, max_qty_per_order, sales, avg_rating, review_count, min_price)
VALUES ((SELECT id FROM brand WHERE name = '센트룸'),
        '센트룸 멀티 구미 2g x 80구미, 1개',
        'P51929526540', '센트룸 멀티 구미 2g x 80구미, 1개',
        '하루 2구미를 식후에 섭취하세요.', '비타민 A, C, D, E, B군, 아연, 마그네슘, 셀레늄',
        '과다섭취 시 부작용이 있을 수 있습니다.', '본 제품은 질병의 예방 및 치료를 위한 의약품이 아닙니다.',
        '2025-01-16 00:00:00', 30, 6, 1890, 4.3, 280, 22840);
INSERT INTO product_img (product_id, image_url, alt_text, sort_idx, is_primary)
VALUES ((SELECT id FROM product WHERE code = 'P51929526540' LIMIT 1),
        'https://shopping-phinf.pstatic.net/main_5192952/51929526540.1.jpg', '대표 이미지', 0, 1),
       ((SELECT id FROM product WHERE code = 'P51929526540' LIMIT 1),
        'https://shopping-phinf.pstatic.net/main_5192952/51929526540.2.jpg', '상품 상세', 1, 0),
       ((SELECT id FROM product WHERE code = 'P51929526540' LIMIT 1),
        'https://shopping-phinf.pstatic.net/main_5192952/51929526540.3.jpg', '성분 정보', 2, 0);
INSERT INTO product_variant (product_id, variant_name, list_price, sale_price, volume, upc_code, pill_size,
                             nutrition_facts, max_qty_per_order, restock_eta)
VALUES ((SELECT id FROM product WHERE code = 'P51929526540' LIMIT 1), '80구미', 22840, 20840, 80, '600000000035', '구미',
        '비타민 및 미네랄 충족', 6, NULL),
       ((SELECT id FROM product WHERE code = 'P51929526540' LIMIT 1), '40구미', 15840, 13840, 40, '600000000036', '구미',
        '비타민 및 미네랄 충족', 6, NULL);
INSERT IGNORE INTO stock (product_variant_id, amount, updated_at, restocked_at)
VALUES ((SELECT id
         FROM product_variant
         WHERE variant_name = '80구미'
           AND product_id = (SELECT id FROM product WHERE code = 'P51929526540' LIMIT 1)
         LIMIT 1),
        200, '2025-09-29 12:00:00', '2025-08-20 12:00:00'),
       ((SELECT id
         FROM product_variant
         WHERE variant_name = '40구미'
           AND product_id = (SELECT id FROM product WHERE code = 'P51929526540' LIMIT 1)
         LIMIT 1),
        130, '2025-09-29 12:00:00', '2025-08-20 12:00:00');
INSERT INTO product_category (product_id, category_id)
VALUES ((SELECT id FROM product WHERE code = 'P51929526540' LIMIT 1),
        (SELECT id FROM category WHERE name = '비타민 A' LIMIT 1));
INSERT IGNORE INTO product_rank (product_id, recent_sales, updated_at)
VALUES ((SELECT id FROM product WHERE code = 'P51929526540' LIMIT 1), 1890, '2025-09-29 12:00:00');


INSERT IGNORE INTO brand (name)
VALUES ('종근당');
INSERT IGNORE INTO brand (name)
VALUES ('칼맥');
INSERT IGNORE INTO brand (name)
VALUES ('튼튼백서');
INSERT IGNORE INTO brand (name)
VALUES ('솔가');
INSERT IGNORE INTO brand (name)
VALUES ('푸드버킷');
INSERT IGNORE INTO brand (name)
VALUES ('파미나');

INSERT INTO product (brand_id, name, code, description, instruction, ingredients, cautions, disclaimer,
                     sale_start_date, expiration_date, max_qty_per_order, sales, avg_rating, review_count, min_price)
VALUES ((SELECT id FROM brand WHERE name = '종근당'),
        '종근당 고함량 비타민B 비타민비 군 영양제 활성 수용성 컴플렉스 B12 B1 B3 B6',
        'P81588702516', '종근당 고함량 비타민B 비타민비 군 영양제 활성 수용성 컴플렉스 B12 B1 B3 B6',
        '하루 1정을 식후에 섭취하세요.', '비타민 B1, B3, B6, B12, 엽산, 판토텐산',
        '과다섭취 시 부작용이 있을 수 있습니다.', '본 제품은 질병의 예방 및 치료를 위한 의약품이 아닙니다.',
        '2025-01-17 00:00:00', 30, 6, 1890, 4.2, 280, 14900);
INSERT INTO product_img (product_id, image_url, alt_text, sort_idx, is_primary)
VALUES ((SELECT id FROM product WHERE code = 'P81588702516' LIMIT 1),
        'https://shopping-phinf.pstatic.net/main_8158870/81588702516.1.jpg', '대표 이미지', 0, 1),
       ((SELECT id FROM product WHERE code = 'P81588702516' LIMIT 1),
        'https://shopping-phinf.pstatic.net/main_8158870/81588702516.2.jpg', '상품 상세', 1, 0),
       ((SELECT id FROM product WHERE code = 'P81588702516' LIMIT 1),
        'https://shopping-phinf.pstatic.net/main_8158870/81588702516.3.jpg', '성분 정보', 2, 0);
INSERT INTO product_variant (product_id, variant_name, list_price, sale_price, volume, upc_code, pill_size,
                             nutrition_facts, max_qty_per_order, restock_eta)
VALUES ((SELECT id FROM product WHERE code = 'P81588702516' LIMIT 1), '60정', 14900, 12900, 60, '600000000037',
        '10x10x5mm', '비타민B군 복합', 6, NULL),
       ((SELECT id FROM product WHERE code = 'P81588702516' LIMIT 1), '30정', 9900, 7900, 30, '600000000038',
        '10x10x5mm', '비타민B군 복합', 6, NULL);
INSERT IGNORE INTO stock (product_variant_id, amount, updated_at, restocked_at)
VALUES ((SELECT id
         FROM product_variant
         WHERE variant_name = '60정'
           AND product_id = (SELECT id FROM product WHERE code = 'P81588702516' LIMIT 1)
         LIMIT 1),
        180, '2025-09-29 12:00:00', '2025-08-20 12:00:00'),
       ((SELECT id
         FROM product_variant
         WHERE variant_name = '30정'
           AND product_id = (SELECT id FROM product WHERE code = 'P81588702516' LIMIT 1)
         LIMIT 1),
        120, '2025-09-29 12:00:00', '2025-08-20 12:00:00');
INSERT INTO product_category (product_id, category_id)
VALUES ((SELECT id FROM product WHERE code = 'P81588702516' LIMIT 1),
        (SELECT id FROM category WHERE name = '비타민 B' LIMIT 1));
INSERT IGNORE INTO product_rank (product_id, recent_sales, updated_at)
VALUES ((SELECT id FROM product WHERE code = 'P81588702516' LIMIT 1), 1890, '2025-09-29 12:00:00');


INSERT INTO product (brand_id, name, code, description, instruction, ingredients, cautions, disclaimer,
                     sale_start_date, expiration_date, max_qty_per_order, sales, avg_rating, review_count, min_price)
VALUES ((SELECT id FROM brand WHERE name = '기타'),
        '에코뉴트리션 3개월분 캐나다산 비타민B B12 B1 B2 B3 B6 B군 컴플렉스 영양제',
        'P83373983481', '에코뉴트리션 3개월분 캐나다산 비타민B B12 B1 B2 B3 B6 B군 컴플렉스 영양제',
        '하루 1정을 식후에 섭취하세요.', '비타민 B1, B2, B3, B6, B12, 엽산, 판토텐산',
        '과다섭취 시 부작용이 있을 수 있습니다.', '본 제품은 질병의 예방 및 치료를 위한 의약품이 아닙니다.',
        '2025-01-18 00:00:00', 30, 6, 1890, 4.3, 280, 19800);
INSERT INTO product_img (product_id, image_url, alt_text, sort_idx, is_primary)
VALUES ((SELECT id FROM product WHERE code = 'P83373983481' LIMIT 1),
        'https://shopping-phinf.pstatic.net/main_8337398/83373983481.1.jpg', '대표 이미지', 0, 1),
       ((SELECT id FROM product WHERE code = 'P83373983481' LIMIT 1),
        'https://shopping-phinf.pstatic.net/main_8337398/83373983481.2.jpg', '상품 상세', 1, 0),
       ((SELECT id FROM product WHERE code = 'P83373983481' LIMIT 1),
        'https://shopping-phinf.pstatic.net/main_8337398/83373983481.3.jpg', '성분 정보', 2, 0);
INSERT INTO product_variant (product_id, variant_name, list_price, sale_price, volume, upc_code, pill_size,
                             nutrition_facts, max_qty_per_order, restock_eta)
VALUES ((SELECT id FROM product WHERE code = 'P83373983481' LIMIT 1), '3개월분', 19800, 17800, 90, '600000000039',
        '10x10x5mm', '비타민B군 복합', 6, NULL),
       ((SELECT id FROM product WHERE code = 'P83373983481' LIMIT 1), '1개월분', 8900, 6900, 30, '600000000040',
        '10x10x5mm', '비타민B군 복합', 6, NULL);
INSERT IGNORE INTO stock (product_variant_id, amount, updated_at, restocked_at)
VALUES ((SELECT id
         FROM product_variant
         WHERE variant_name = '3개월분'
           AND product_id = (SELECT id FROM product WHERE code = 'P83373983481' LIMIT 1)
         LIMIT 1),
        150, '2025-09-29 12:00:00', '2025-08-20 12:00:00'),
       ((SELECT id
         FROM product_variant
         WHERE variant_name = '1개월분'
           AND product_id = (SELECT id FROM product WHERE code = 'P83373983481' LIMIT 1)
         LIMIT 1),
        100, '2025-09-29 12:00:00', '2025-08-20 12:00:00');
INSERT INTO product_category (product_id, category_id)
VALUES ((SELECT id FROM product WHERE code = 'P83373983481' LIMIT 1),
        (SELECT id FROM category WHERE name = '비타민 B' LIMIT 1));
INSERT IGNORE INTO product_rank (product_id, recent_sales, updated_at)
VALUES ((SELECT id FROM product WHERE code = 'P83373983481' LIMIT 1), 1890, '2025-09-29 12:00:00');


INSERT INTO product (brand_id, name, code, description, instruction, ingredients, cautions, disclaimer,
                     sale_start_date, expiration_date, max_qty_per_order, sales, avg_rating, review_count, min_price)
VALUES ((SELECT id FROM brand WHERE name = '고려은단'),
        '고려은단 메가도스B 비타민B군 850mg x 60정, 3개',
        'P51929354084', '고려은단 메가도스B 비타민B군 850mg x 60정, 3개',
        '하루 1정을 식후에 섭취하세요.', '비타민 B1, B2, B3, B6, B12, 엽산, 판토텐산',
        '과다섭취 시 부작용이 있을 수 있습니다.', '본 제품은 질병의 예방 및 치료를 위한 의약품이 아닙니다.',
        '2025-01-19 00:00:00', 30, 6, 1890, 4.4, 280, 46080);
INSERT INTO product_img (product_id, image_url, alt_text, sort_idx, is_primary)
VALUES ((SELECT id FROM product WHERE code = 'P51929354084' LIMIT 1),
        'https://shopping-phinf.pstatic.net/main_5192935/51929354084.1.jpg', '대표 이미지', 0, 1),
       ((SELECT id FROM product WHERE code = 'P51929354084' LIMIT 1),
        'https://shopping-phinf.pstatic.net/main_5192935/51929354084.2.jpg', '상품 상세', 1, 0),
       ((SELECT id FROM product WHERE code = 'P51929354084' LIMIT 1),
        'https://shopping-phinf.pstatic.net/main_5192935/51929354084.3.jpg', '성분 정보', 2, 0);
INSERT INTO product_variant (product_id, variant_name, list_price, sale_price, volume, upc_code, pill_size,
                             nutrition_facts, max_qty_per_order, restock_eta)
VALUES ((SELECT id FROM product WHERE code = 'P51929354084' LIMIT 1), '3개', 46080, 44080, 3, '600000000041',
        '10x10x5mm', '비타민B군 복합', 6, NULL),
       ((SELECT id FROM product WHERE code = 'P51929354084' LIMIT 1), '1개', 20080, 18080, 1, '600000000042',
        '10x10x5mm', '비타민B군 복합', 6, NULL);
INSERT IGNORE INTO stock (product_variant_id, amount, updated_at, restocked_at)
VALUES ((SELECT id
         FROM product_variant
         WHERE variant_name = '3개'
           AND product_id = (SELECT id FROM product WHERE code = 'P51929354084' LIMIT 1)
         LIMIT 1),
        80, '2025-09-29 12:00:00', '2025-08-20 12:00:00'),
       ((SELECT id
         FROM product_variant
         WHERE variant_name = '1개'
           AND product_id = (SELECT id FROM product WHERE code = 'P51929354084' LIMIT 1)
         LIMIT 1),
        50, '2025-09-29 12:00:00', '2025-08-20 12:00:00');
INSERT INTO product_category (product_id, category_id)
VALUES ((SELECT id FROM product WHERE code = 'P51929354084' LIMIT 1),
        (SELECT id FROM category WHERE name = '비타민 B' LIMIT 1));
INSERT IGNORE INTO product_rank (product_id, recent_sales, updated_at)
VALUES ((SELECT id FROM product WHERE code = 'P51929354084' LIMIT 1), 1890, '2025-09-29 12:00:00');


INSERT INTO product (brand_id, name, code, description, instruction, ingredients, cautions, disclaimer,
                     sale_start_date, expiration_date, max_qty_per_order, sales, avg_rating, review_count, min_price)
VALUES ((SELECT id FROM brand WHERE name = '칼맥'),
        '종근당 비타민B군 비군 고함량 B3 B5 B7 B9 B12 영양제 수용성 컴플렉스',
        'P82310385955', '종근당 비타민B군 비군 고함량 B3 B5 B7 B9 B12 영양제 수용성 컴플렉스',
        '하루 1정을 식후에 섭취하세요.', '비타민 B3, B5, B7, B9, B12, 엽산, 판토텐산',
        '과다섭취 시 부작용이 있을 수 있습니다.', '본 제품은 질병의 예방 및 치료를 위한 의약품이 아닙니다.',
        '2025-01-20 00:00:00', 30, 6, 1890, 4.1, 280, 14900);
INSERT INTO product_img (product_id, image_url, alt_text, sort_idx, is_primary)
VALUES ((SELECT id FROM product WHERE code = 'P82310385955' LIMIT 1),
        'https://shopping-phinf.pstatic.net/main_8231038/82310385955.1.jpg', '대표 이미지', 0, 1),
       ((SELECT id FROM product WHERE code = 'P82310385955' LIMIT 1),
        'https://shopping-phinf.pstatic.net/main_8231038/82310385955.2.jpg', '상품 상세', 1, 0),
       ((SELECT id FROM product WHERE code = 'P82310385955' LIMIT 1),
        'https://shopping-phinf.pstatic.net/main_8231038/82310385955.3.jpg', '성분 정보', 2, 0);
INSERT INTO product_variant (product_id, variant_name, list_price, sale_price, volume, upc_code, pill_size,
                             nutrition_facts, max_qty_per_order, restock_eta)
VALUES ((SELECT id FROM product WHERE code = 'P82310385955' LIMIT 1), '60정', 14900, 12900, 60, '600000000043',
        '10x10x5mm', '비타민B군 복합', 6, NULL),
       ((SELECT id FROM product WHERE code = 'P82310385955' LIMIT 1), '30정', 9900, 7900, 30, '600000000044',
        '10x10x5mm', '비타민B군 복합', 6, NULL);
INSERT IGNORE INTO stock (product_variant_id, amount, updated_at, restocked_at)
VALUES ((SELECT id
         FROM product_variant
         WHERE variant_name = '60정'
           AND product_id = (SELECT id FROM product WHERE code = 'P82310385955' LIMIT 1)
         LIMIT 1),
        160, '2025-09-29 12:00:00', '2025-08-20 12:00:00'),
       ((SELECT id
         FROM product_variant
         WHERE variant_name = '30정'
           AND product_id = (SELECT id FROM product WHERE code = 'P82310385955' LIMIT 1)
         LIMIT 1),
        110, '2025-09-29 12:00:00', '2025-08-20 12:00:00');
INSERT INTO product_category (product_id, category_id)
VALUES ((SELECT id FROM product WHERE code = 'P82310385955' LIMIT 1),
        (SELECT id FROM category WHERE name = '비타민 B' LIMIT 1));
INSERT IGNORE INTO product_rank (product_id, recent_sales, updated_at)
VALUES ((SELECT id FROM product WHERE code = 'P82310385955' LIMIT 1), 1890, '2025-09-29 12:00:00');


INSERT INTO product (brand_id, name, code, description, instruction, ingredients, cautions, disclaimer,
                     sale_start_date, expiration_date, max_qty_per_order, sales, avg_rating, review_count, min_price)
VALUES ((SELECT id FROM brand WHERE name = '기타'),
        '배석철의 아미나 고용량 비타민B3 500mg 미국산 니코틴산아미드 100캡슐, 1개',
        'P88837633834', '배석철의 아미나 고용량 비타민B3 500mg 미국산 니코틴산아미드 100캡슐, 1개',
        '하루 1캡슐을 식후에 섭취하세요.', '비타민 B3, 니코틴산아미드',
        '과다섭취 시 부작용이 있을 수 있습니다.', '본 제품은 질병의 예방 및 치료를 위한 의약품이 아닙니다.',
        '2025-01-21 00:00:00', 30, 6, 1890, 4.5, 280, 48000);
INSERT INTO product_img (product_id, image_url, alt_text, sort_idx, is_primary)
VALUES ((SELECT id FROM product WHERE code = 'P88837633834' LIMIT 1),
        'https://shopping-phinf.pstatic.net/main_8883763/88837633834.1.jpg', '대표 이미지', 0, 1),
       ((SELECT id FROM product WHERE code = 'P88837633834' LIMIT 1),
        'https://shopping-phinf.pstatic.net/main_8883763/88837633834.2.jpg', '상품 상세', 1, 0),
       ((SELECT id FROM product WHERE code = 'P88837633834' LIMIT 1),
        'https://shopping-phinf.pstatic.net/main_8883763/88837633834.3.jpg', '성분 정보', 2, 0);
INSERT INTO product_variant (product_id, variant_name, list_price, sale_price, volume, upc_code, pill_size,
                             nutrition_facts, max_qty_per_order, restock_eta)
VALUES ((SELECT id FROM product WHERE code = 'P88837633834' LIMIT 1), '100캡슐', 48000, 46000, 100, '600000000045',
        '10x10x5mm', '비타민B3 고함량', 6, NULL),
       ((SELECT id FROM product WHERE code = 'P88837633834' LIMIT 1), '50캡슐', 28000, 26000, 50, '600000000046',
        '10x10x5mm', '비타민B3 고함량', 6, NULL);
INSERT IGNORE INTO stock (product_variant_id, amount, updated_at, restocked_at)
VALUES ((SELECT id
         FROM product_variant
         WHERE variant_name = '100캡슐'
           AND product_id = (SELECT id FROM product WHERE code = 'P88837633834' LIMIT 1)
         LIMIT 1),
        70, '2025-09-29 12:00:00', '2025-08-20 12:00:00'),
       ((SELECT id
         FROM product_variant
         WHERE variant_name = '50캡슐'
           AND product_id = (SELECT id FROM product WHERE code = 'P88837633834' LIMIT 1)
         LIMIT 1),
        40, '2025-09-29 12:00:00', '2025-08-20 12:00:00');
INSERT INTO product_category (product_id, category_id)
VALUES ((SELECT id FROM product WHERE code = 'P88837633834' LIMIT 1),
        (SELECT id FROM category WHERE name = '비타민 B' LIMIT 1));
INSERT IGNORE INTO product_rank (product_id, recent_sales, updated_at)
VALUES ((SELECT id FROM product WHERE code = 'P88837633834' LIMIT 1), 1890, '2025-09-29 12:00:00');


INSERT INTO product (brand_id, name, code, description, instruction, ingredients, cautions, disclaimer,
                     sale_start_date, expiration_date, max_qty_per_order, sales, avg_rating, review_count, min_price)
VALUES ((SELECT id FROM brand WHERE name = '튼튼백서'),
        '튼튼백서 활력 튼튼 비타민B 컴플렉스 500mg x 90정, 1개',
        'P51929252328', '튼튼백서 활력 튼튼 비타민B 컴플렉스 500mg x 90정, 1개',
        '하루 1정을 식후에 섭취하세요.', '비타민 B1, B2, B3, B6, B12, 엽산, 판토텐산',
        '과다섭취 시 부작용이 있을 수 있습니다.', '본 제품은 질병의 예방 및 치료를 위한 의약품이 아닙니다.',
        '2025-01-22 00:00:00', 30, 6, 1890, 4.0, 280, 9900);
INSERT INTO product_img (product_id, image_url, alt_text, sort_idx, is_primary)
VALUES ((SELECT id FROM product WHERE code = 'P51929252328' LIMIT 1),
        'https://shopping-phinf.pstatic.net/main_5192925/51929252328.1.jpg', '대표 이미지', 0, 1),
       ((SELECT id FROM product WHERE code = 'P51929252328' LIMIT 1),
        'https://shopping-phinf.pstatic.net/main_5192925/51929252328.2.jpg', '상품 상세', 1, 0),
       ((SELECT id FROM product WHERE code = 'P51929252328' LIMIT 1),
        'https://shopping-phinf.pstatic.net/main_5192925/51929252328.3.jpg', '성분 정보', 2, 0);
INSERT INTO product_variant (product_id, variant_name, list_price, sale_price, volume, upc_code, pill_size,
                             nutrition_facts, max_qty_per_order, restock_eta)
VALUES ((SELECT id FROM product WHERE code = 'P51929252328' LIMIT 1), '90정', 9900, 7900, 90, '600000000047',
        '10x10x5mm', '비타민B군 복합', 6, NULL),
       ((SELECT id FROM product WHERE code = 'P51929252328' LIMIT 1), '45정', 6900, 4900, 45, '600000000048',
        '10x10x5mm', '비타민B군 복합', 6, NULL);
INSERT IGNORE INTO stock (product_variant_id, amount, updated_at, restocked_at)
VALUES ((SELECT id
         FROM product_variant
         WHERE variant_name = '90정'
           AND product_id = (SELECT id FROM product WHERE code = 'P51929252328' LIMIT 1)
         LIMIT 1),
        220, '2025-09-29 12:00:00', '2025-08-20 12:00:00'),
       ((SELECT id
         FROM product_variant
         WHERE variant_name = '45정'
           AND product_id = (SELECT id FROM product WHERE code = 'P51929252328' LIMIT 1)
         LIMIT 1),
        150, '2025-09-29 12:00:00', '2025-08-20 12:00:00');
INSERT INTO product_category (product_id, category_id)
VALUES ((SELECT id FROM product WHERE code = 'P51929252328' LIMIT 1),
        (SELECT id FROM category WHERE name = '비타민 B' LIMIT 1));
INSERT IGNORE INTO product_rank (product_id, recent_sales, updated_at)
VALUES ((SELECT id FROM product WHERE code = 'P51929252328' LIMIT 1), 1890, '2025-09-29 12:00:00');


INSERT INTO product (brand_id, name, code, description, instruction, ingredients, cautions, disclaimer,
                     sale_start_date, expiration_date, max_qty_per_order, sales, avg_rating, review_count, min_price)
VALUES ((SELECT id FROM brand WHERE name = '솔가'),
        '솔가 비타민B 컴플렉스 100 250베지캡슐',
        'P36465556619', '솔가 비타민B 컴플렉스 100 250베지캡슐',
        '하루 1캡슐을 식후에 섭취하세요.', '비타민 B1, B2, B3, B6, B12, 엽산, 판토텐산',
        '과다섭취 시 부작용이 있을 수 있습니다.', '본 제품은 질병의 예방 및 치료를 위한 의약품이 아닙니다.',
        '2025-01-23 00:00:00', 30, 6, 1890, 4.6, 280, 34280);
INSERT INTO product_img (product_id, image_url, alt_text, sort_idx, is_primary)
VALUES ((SELECT id FROM product WHERE code = 'P36465556619' LIMIT 1),
        'https://shopping-phinf.pstatic.net/main_3646555/36465556619.1.jpg', '대표 이미지', 0, 1),
       ((SELECT id FROM product WHERE code = 'P36465556619' LIMIT 1),
        'https://shopping-phinf.pstatic.net/main_3646555/36465556619.2.jpg', '상품 상세', 1, 0),
       ((SELECT id FROM product WHERE code = 'P36465556619' LIMIT 1),
        'https://shopping-phinf.pstatic.net/main_3646555/36465556619.3.jpg', '성분 정보', 2, 0);
INSERT INTO product_variant (product_id, variant_name, list_price, sale_price, volume, upc_code, pill_size,
                             nutrition_facts, max_qty_per_order, restock_eta)
VALUES ((SELECT id FROM product WHERE code = 'P36465556619' LIMIT 1), '250캡슐', 34280, 32280, 250, '600000000049',
        '10x10x5mm', '비타민B군 복합', 6, NULL),
       ((SELECT id FROM product WHERE code = 'P36465556619' LIMIT 1), '100캡슐', 24280, 22280, 100, '600000000050',
        '10x10x5mm', '비타민B군 복합', 6, NULL);
INSERT IGNORE INTO stock (product_variant_id, amount, updated_at, restocked_at)
VALUES ((SELECT id
         FROM product_variant
         WHERE variant_name = '250캡슐'
           AND product_id = (SELECT id FROM product WHERE code = 'P36465556619' LIMIT 1)
         LIMIT 1),
        60, '2025-09-29 12:00:00', '2025-08-20 12:00:00'),
       ((SELECT id
         FROM product_variant
         WHERE variant_name = '100캡슐'
           AND product_id = (SELECT id FROM product WHERE code = 'P36465556619' LIMIT 1)
         LIMIT 1),
        40, '2025-09-29 12:00:00', '2025-08-20 12:00:00');
INSERT INTO product_category (product_id, category_id)
VALUES ((SELECT id FROM product WHERE code = 'P36465556619' LIMIT 1),
        (SELECT id FROM category WHERE name = '비타민 B' LIMIT 1));
INSERT IGNORE INTO product_rank (product_id, recent_sales, updated_at)
VALUES ((SELECT id FROM product WHERE code = 'P36465556619' LIMIT 1), 1890, '2025-09-29 12:00:00');


INSERT INTO product (brand_id, name, code, description, instruction, ingredients, cautions, disclaimer,
                     sale_start_date, expiration_date, max_qty_per_order, sales, avg_rating, review_count, min_price)
VALUES ((SELECT id FROM brand WHERE name = '종근당'),
        '종근당 활력 비타민B 플러스 800mg x 60정, 2개',
        'P51929174017', '종근당 활력 비타민B 플러스 800mg x 60정, 2개',
        '하루 1정을 식후에 섭취하세요.', '비타민 B1, B2, B3, B6, B12, 엽산, 판토텐산',
        '과다섭취 시 부작용이 있을 수 있습니다.', '본 제품은 질병의 예방 및 치료를 위한 의약품이 아닙니다.',
        '2025-01-24 00:00:00', 30, 6, 1890, 4.3, 280, 25960);
INSERT INTO product_img (product_id, image_url, alt_text, sort_idx, is_primary)
VALUES ((SELECT id FROM product WHERE code = 'P51929174017' LIMIT 1),
        'https://shopping-phinf.pstatic.net/main_5192917/51929174017.1.jpg', '대표 이미지', 0, 1),
       ((SELECT id FROM product WHERE code = 'P51929174017' LIMIT 1),
        'https://shopping-phinf.pstatic.net/main_5192917/51929174017.2.jpg', '상품 상세', 1, 0),
       ((SELECT id FROM product WHERE code = 'P51929174017' LIMIT 1),
        'https://shopping-phinf.pstatic.net/main_5192917/51929174017.3.jpg', '성분 정보', 2, 0);
INSERT INTO product_variant (product_id, variant_name, list_price, sale_price, volume, upc_code, pill_size,
                             nutrition_facts, max_qty_per_order, restock_eta)
VALUES ((SELECT id FROM product WHERE code = 'P51929174017' LIMIT 1), '2개', 25960, 23960, 2, '600000000051',
        '10x10x5mm', '비타민B군 복합', 6, NULL),
       ((SELECT id FROM product WHERE code = 'P51929174017' LIMIT 1), '1개', 15960, 13960, 1, '600000000052',
        '10x10x5mm', '비타민B군 복합', 6, NULL);
INSERT IGNORE INTO stock (product_variant_id, amount, updated_at, restocked_at)
VALUES ((SELECT id
         FROM product_variant
         WHERE variant_name = '2개'
           AND product_id = (SELECT id FROM product WHERE code = 'P51929174017' LIMIT 1)
         LIMIT 1),
        140, '2025-09-29 12:00:00', '2025-08-20 12:00:00'),
       ((SELECT id
         FROM product_variant
         WHERE variant_name = '1개'
           AND product_id = (SELECT id FROM product WHERE code = 'P51929174017' LIMIT 1)
         LIMIT 1),
        90, '2025-09-29 12:00:00', '2025-08-20 12:00:00');
INSERT INTO product_category (product_id, category_id)
VALUES ((SELECT id FROM product WHERE code = 'P51929174017' LIMIT 1),
        (SELECT id FROM category WHERE name = '비타민 B' LIMIT 1));
INSERT IGNORE INTO product_rank (product_id, recent_sales, updated_at)
VALUES ((SELECT id FROM product WHERE code = 'P51929174017' LIMIT 1), 1890, '2025-09-29 12:00:00');


INSERT INTO product (brand_id, name, code, description, instruction, ingredients, cautions, disclaimer,
                     sale_start_date, expiration_date, max_qty_per_order, sales, avg_rating, review_count, min_price)
VALUES ((SELECT id FROM brand WHERE name = '푸드버킷'),
        '푸드버킷 비오틴 활력 비타민B 90정, 1개',
        'P82863574906', '푸드버킷 비오틴 활력 비타민B 90정, 1개',
        '하루 1정을 식후에 섭취하세요.', '비타민 B1, B2, B3, B6, B12, 엽산, 판토텐산, 비오틴',
        '과다섭취 시 부작용이 있을 수 있습니다.', '본 제품은 질병의 예방 및 치료를 위한 의약품이 아닙니다.',
        '2025-01-25 00:00:00', 30, 6, 1890, 4.2, 280, 12500);
INSERT INTO product_img (product_id, image_url, alt_text, sort_idx, is_primary)
VALUES ((SELECT id FROM product WHERE code = 'P82863574906' LIMIT 1),
        'https://shopping-phinf.pstatic.net/main_8286357/82863574906.1.jpg', '대표 이미지', 0, 1),
       ((SELECT id FROM product WHERE code = 'P82863574906' LIMIT 1),
        'https://shopping-phinf.pstatic.net/main_8286357/82863574906.2.jpg', '상품 상세', 1, 0),
       ((SELECT id FROM product WHERE code = 'P82863574906' LIMIT 1),
        'https://shopping-phinf.pstatic.net/main_8286357/82863574906.3.jpg', '성분 정보', 2, 0);
INSERT INTO product_variant (product_id, variant_name, list_price, sale_price, volume, upc_code, pill_size,
                             nutrition_facts, max_qty_per_order, restock_eta)
VALUES ((SELECT id FROM product WHERE code = 'P82863574906' LIMIT 1), '90정', 12500, 10500, 90, '600000000053',
        '10x10x5mm', '비타민B군 복합', 6, NULL),
       ((SELECT id FROM product WHERE code = 'P82863574906' LIMIT 1), '45정', 8500, 6500, 45, '600000000054',
        '10x10x5mm', '비타민B군 복합', 6, NULL);
INSERT IGNORE INTO stock (product_variant_id, amount, updated_at, restocked_at)
VALUES ((SELECT id
         FROM product_variant
         WHERE variant_name = '90정'
           AND product_id = (SELECT id FROM product WHERE code = 'P82863574906' LIMIT 1)
         LIMIT 1),
        190, '2025-09-29 12:00:00', '2025-08-20 12:00:00'),
       ((SELECT id
         FROM product_variant
         WHERE variant_name = '45정'
           AND product_id = (SELECT id FROM product WHERE code = 'P82863574906' LIMIT 1)
         LIMIT 1),
        130, '2025-09-29 12:00:00', '2025-08-20 12:00:00');
INSERT INTO product_category (product_id, category_id)
VALUES ((SELECT id FROM product WHERE code = 'P82863574906' LIMIT 1),
        (SELECT id FROM category WHERE name = '비타민 B' LIMIT 1));
INSERT IGNORE INTO product_rank (product_id, recent_sales, updated_at)
VALUES ((SELECT id FROM product WHERE code = 'P82863574906' LIMIT 1), 1890, '2025-09-29 12:00:00');


INSERT INTO product (brand_id, name, code, description, instruction, ingredients, cautions, disclaimer,
                     sale_start_date, expiration_date, max_qty_per_order, sales, avg_rating, review_count, min_price)
VALUES ((SELECT id FROM brand WHERE name = '기타'),
        '배석철의 아미나 고용량 비타민B3 500mg 미국산 니코틴산아미드 3개 묶음 선물세트',
        'P89324158747', '배석철의 아미나 고용량 비타민B3 500mg 미국산 니코틴산아미드 3개 묶음 선물세트',
        '하루 1캡슐을 식후에 섭취하세요.', '비타민 B3, 니코틴산아미드',
        '과다섭취 시 부작용이 있을 수 있습니다.', '본 제품은 질병의 예방 및 치료를 위한 의약품이 아닙니다.',
        '2025-01-26 00:00:00', 30, 6, 1890, 4.7, 280, 121500);
INSERT INTO product_img (product_id, image_url, alt_text, sort_idx, is_primary)
VALUES ((SELECT id FROM product WHERE code = 'P89324158747' LIMIT 1),
        'https://shopping-phinf.pstatic.net/main_8932415/89324158747.1.jpg', '대표 이미지', 0, 1),
       ((SELECT id FROM product WHERE code = 'P89324158747' LIMIT 1),
        'https://shopping-phinf.pstatic.net/main_8932415/89324158747.2.jpg', '상품 상세', 1, 0),
       ((SELECT id FROM product WHERE code = 'P89324158747' LIMIT 1),
        'https://shopping-phinf.pstatic.net/main_8932415/89324158747.3.jpg', '성분 정보', 2, 0);
INSERT INTO product_variant (product_id, variant_name, list_price, sale_price, volume, upc_code, pill_size,
                             nutrition_facts, max_qty_per_order, restock_eta)
VALUES ((SELECT id FROM product WHERE code = 'P89324158747' LIMIT 1), '3개 묶음', 121500, 119500, 3, '600000000055',
        '10x10x5mm', '비타민B3 고함량', 6, NULL),
       ((SELECT id FROM product WHERE code = 'P89324158747' LIMIT 1), '1개', 48000, 46000, 1, '600000000056',
        '10x10x5mm', '비타민B3 고함량', 6, NULL);
INSERT IGNORE INTO stock (product_variant_id, amount, updated_at, restocked_at)
VALUES ((SELECT id
         FROM product_variant
         WHERE variant_name = '3개 묶음'
           AND product_id = (SELECT id FROM product WHERE code = 'P89324158747' LIMIT 1)
         LIMIT 1),
        20, '2025-09-29 12:00:00', '2025-08-20 12:00:00'),
       ((SELECT id
         FROM product_variant
         WHERE variant_name = '1개'
           AND product_id = (SELECT id FROM product WHERE code = 'P89324158747' LIMIT 1)
         LIMIT 1),
        15, '2025-09-29 12:00:00', '2025-08-20 12:00:00');
INSERT INTO product_category (product_id, category_id)
VALUES ((SELECT id FROM product WHERE code = 'P89324158747' LIMIT 1),
        (SELECT id FROM category WHERE name = '비타민 B' LIMIT 1));
INSERT IGNORE INTO product_rank (product_id, recent_sales, updated_at)
VALUES ((SELECT id FROM product WHERE code = 'P89324158747' LIMIT 1), 1890, '2025-09-29 12:00:00');


INSERT IGNORE INTO brand (name)
VALUES ('영롱');
INSERT IGNORE INTO brand (name)
VALUES ('인테로');
INSERT IGNORE INTO brand (name)
VALUES ('자로우포뮬러스');

INSERT INTO product (brand_id, name, code, description, instruction, ingredients, cautions, disclaimer,
                     sale_start_date, expiration_date, max_qty_per_order, sales, avg_rating, review_count, min_price)
VALUES ((SELECT id FROM brand WHERE name = '영롱'),
        '[3+1]영롱 판토쉴드 비타민B 판토텐산 [장용성 코팅 캡슐]비타민비 영양제 B6 B12',
        'P83696034930', '[3+1]영롱 판토쉴드 비타민B 판토텐산 [장용성 코팅 캡슐]비타민비 영양제 B6 B12',
        '하루 1캡슐을 식후에 섭취하세요.', '비타민 B5, B6, B12, 판토텐산',
        '과다섭취 시 부작용이 있을 수 있습니다.', '본 제품은 질병의 예방 및 치료를 위한 의약품이 아닙니다.',
        '2025-01-27 00:00:00', 30, 6, 1890, 4.4, 280, 84000);
INSERT INTO product_img (product_id, image_url, alt_text, sort_idx, is_primary)
VALUES ((SELECT id FROM product WHERE code = 'P83696034930' LIMIT 1),
        'https://shopping-phinf.pstatic.net/main_8369603/83696034930.1.jpg', '대표 이미지', 0, 1),
       ((SELECT id FROM product WHERE code = 'P83696034930' LIMIT 1),
        'https://shopping-phinf.pstatic.net/main_8369603/83696034930.2.jpg', '상품 상세', 1, 0),
       ((SELECT id FROM product WHERE code = 'P83696034930' LIMIT 1),
        'https://shopping-phinf.pstatic.net/main_8369603/83696034930.3.jpg', '성분 정보', 2, 0);
INSERT INTO product_variant (product_id, variant_name, list_price, sale_price, volume, upc_code, pill_size,
                             nutrition_facts, max_qty_per_order, restock_eta)
VALUES ((SELECT id FROM product WHERE code = 'P83696034930' LIMIT 1), '4개', 84000, 82000, 4, '600000000057', '장용성 캡슐',
        '비타민B군 복합', 6, NULL),
       ((SELECT id FROM product WHERE code = 'P83696034930' LIMIT 1), '2개', 54000, 52000, 2, '600000000058', '장용성 캡슐',
        '비타민B군 복합', 6, NULL);
INSERT IGNORE INTO stock (product_variant_id, amount, updated_at, restocked_at)
VALUES ((SELECT id
         FROM product_variant
         WHERE variant_name = '4개'
           AND product_id = (SELECT id FROM product WHERE code = 'P83696034930' LIMIT 1)
         LIMIT 1),
        30, '2025-09-29 12:00:00', '2025-08-20 12:00:00'),
       ((SELECT id
         FROM product_variant
         WHERE variant_name = '2개'
           AND product_id = (SELECT id FROM product WHERE code = 'P83696034930' LIMIT 1)
         LIMIT 1),
        20, '2025-09-29 12:00:00', '2025-08-20 12:00:00');
INSERT INTO product_category (product_id, category_id)
VALUES ((SELECT id FROM product WHERE code = 'P83696034930' LIMIT 1),
        (SELECT id FROM category WHERE name = '비타민 B' LIMIT 1));
INSERT IGNORE INTO product_rank (product_id, recent_sales, updated_at)
VALUES ((SELECT id FROM product WHERE code = 'P83696034930' LIMIT 1), 1890, '2025-09-29 12:00:00');


INSERT INTO product (brand_id, name, code, description, instruction, ingredients, cautions, disclaimer,
                     sale_start_date, expiration_date, max_qty_per_order, sales, avg_rating, review_count, min_price)
VALUES ((SELECT id FROM brand WHERE name = '기타'),
        '종근당 비타민B 컴플렉스 수용성 b3 b5 b7 비군 판토텐산(4개월분)',
        'P9979544183', '종근당 비타민B 컴플렉스 수용성 b3 b5 b7 비군 판토텐산(4개월분)',
        '하루 1정을 식후에 섭취하세요.', '비타민 B3, B5, B7, 판토텐산',
        '과다섭취 시 부작용이 있을 수 있습니다.', '본 제품은 질병의 예방 및 치료를 위한 의약품이 아닙니다.',
        '2025-01-28 00:00:00', 30, 6, 1890, 4.2, 280, 28900);
INSERT INTO product_img (product_id, image_url, alt_text, sort_idx, is_primary)
VALUES ((SELECT id FROM product WHERE code = 'P9979544183' LIMIT 1),
        'https://shopping-phinf.pstatic.net/main_9979544/9979544183.1.jpg', '대표 이미지', 0, 1),
       ((SELECT id FROM product WHERE code = 'P9979544183' LIMIT 1),
        'https://shopping-phinf.pstatic.net/main_9979544/9979544183.2.jpg', '상품 상세', 1, 0),
       ((SELECT id FROM product WHERE code = 'P9979544183' LIMIT 1),
        'https://shopping-phinf.pstatic.net/main_9979544/9979544183.3.jpg', '성분 정보', 2, 0);
INSERT INTO product_variant (product_id, variant_name, list_price, sale_price, volume, upc_code, pill_size,
                             nutrition_facts, max_qty_per_order, restock_eta)
VALUES ((SELECT id FROM product WHERE code = 'P9979544183' LIMIT 1), '4개월분', 28900, 26900, 120, '600000000059',
        '10x10x5mm', '비타민B군 복합', 6, NULL),
       ((SELECT id FROM product WHERE code = 'P9979544183' LIMIT 1), '2개월분', 18900, 16900, 60, '600000000060',
        '10x10x5mm', '비타민B군 복합', 6, NULL);
INSERT IGNORE INTO stock (product_variant_id, amount, updated_at, restocked_at)
VALUES ((SELECT id
         FROM product_variant
         WHERE variant_name = '4개월분'
           AND product_id = (SELECT id FROM product WHERE code = 'P9979544183' LIMIT 1)
         LIMIT 1),
        100, '2025-09-29 12:00:00', '2025-08-20 12:00:00'),
       ((SELECT id
         FROM product_variant
         WHERE variant_name = '2개월분'
           AND product_id = (SELECT id FROM product WHERE code = 'P9979544183' LIMIT 1)
         LIMIT 1),
        70, '2025-09-29 12:00:00', '2025-08-20 12:00:00');
INSERT INTO product_category (product_id, category_id)
VALUES ((SELECT id FROM product WHERE code = 'P9979544183' LIMIT 1),
        (SELECT id FROM category WHERE name = '비타민 B' LIMIT 1));
INSERT IGNORE INTO product_rank (product_id, recent_sales, updated_at)
VALUES ((SELECT id FROM product WHERE code = 'P9979544183' LIMIT 1), 1890, '2025-09-29 12:00:00');


INSERT INTO product (brand_id, name, code, description, instruction, ingredients, cautions, disclaimer,
                     sale_start_date, expiration_date, max_qty_per_order, sales, avg_rating, review_count, min_price)
VALUES ((SELECT id FROM brand WHERE name = '인테로'),
        '인테로 비타민B 컴플렉스 밸런스 1131mg x 90정, 1개',
        'P51929595673', '인테로 비타민B 컴플렉스 밸런스 1131mg x 90정, 1개',
        '하루 1정을 식후에 섭취하세요.', '비타민 B1, B2, B3, B6, B12, 엽산, 판토텐산',
        '과다섭취 시 부작용이 있을 수 있습니다.', '본 제품은 질병의 예방 및 치료를 위한 의약품이 아닙니다.',
        '2025-01-29 00:00:00', 30, 6, 1890, 4.3, 280, 19780);
INSERT INTO product_img (product_id, image_url, alt_text, sort_idx, is_primary)
VALUES ((SELECT id FROM product WHERE code = 'P51929595673' LIMIT 1),
        'https://shopping-phinf.pstatic.net/main_5192959/51929595673.1.jpg', '대표 이미지', 0, 1),
       ((SELECT id FROM product WHERE code = 'P51929595673' LIMIT 1),
        'https://shopping-phinf.pstatic.net/main_5192959/51929595673.2.jpg', '상품 상세', 1, 0),
       ((SELECT id FROM product WHERE code = 'P51929595673' LIMIT 1),
        'https://shopping-phinf.pstatic.net/main_5192959/51929595673.3.jpg', '성분 정보', 2, 0);
INSERT INTO product_variant (product_id, variant_name, list_price, sale_price, volume, upc_code, pill_size,
                             nutrition_facts, max_qty_per_order, restock_eta)
VALUES ((SELECT id FROM product WHERE code = 'P51929595673' LIMIT 1), '90정', 19780, 17780, 90, '600000000061',
        '10x10x5mm', '비타민B군 복합', 6, NULL),
       ((SELECT id FROM product WHERE code = 'P51929595673' LIMIT 1), '45정', 12780, 10780, 45, '600000000062',
        '10x10x5mm', '비타민B군 복합', 6, NULL);
INSERT IGNORE INTO stock (product_variant_id, amount, updated_at, restocked_at)
VALUES ((SELECT id
         FROM product_variant
         WHERE variant_name = '90정'
           AND product_id = (SELECT id FROM product WHERE code = 'P51929595673' LIMIT 1)
         LIMIT 1),
        170, '2025-09-29 12:00:00', '2025-08-20 12:00:00'),
       ((SELECT id
         FROM product_variant
         WHERE variant_name = '45정'
           AND product_id = (SELECT id FROM product WHERE code = 'P51929595673' LIMIT 1)
         LIMIT 1),
        110, '2025-09-29 12:00:00', '2025-08-20 12:00:00');
INSERT INTO product_category (product_id, category_id)
VALUES ((SELECT id FROM product WHERE code = 'P51929595673' LIMIT 1),
        (SELECT id FROM category WHERE name = '비타민 B' LIMIT 1));
INSERT IGNORE INTO product_rank (product_id, recent_sales, updated_at)
VALUES ((SELECT id FROM product WHERE code = 'P51929595673' LIMIT 1), 1890, '2025-09-29 12:00:00');


INSERT INTO product (brand_id, name, code, description, instruction, ingredients, cautions, disclaimer,
                     sale_start_date, expiration_date, max_qty_per_order, sales, avg_rating, review_count, min_price)
VALUES ((SELECT id FROM brand WHERE name = '솔가'),
        '솔가 비타민 B 컴플렉스 100 100베지캡슐',
        'P35322629619', '솔가 비타민 B 컴플렉스 100 100베지캡슐',
        '하루 1캡슐을 식후에 섭취하세요.', '비타민 B1, B2, B3, B6, B12, 엽산, 판토텐산',
        '과다섭취 시 부작용이 있을 수 있습니다.', '본 제품은 질병의 예방 및 치료를 위한 의약품이 아닙니다.',
        '2025-01-30 00:00:00', 30, 6, 1890, 4.5, 280, 16800);
INSERT INTO product_img (product_id, image_url, alt_text, sort_idx, is_primary)
VALUES ((SELECT id FROM product WHERE code = 'P35322629619' LIMIT 1),
        'https://shopping-phinf.pstatic.net/main_3532262/35322629619.1.jpg', '대표 이미지', 0, 1),
       ((SELECT id FROM product WHERE code = 'P35322629619' LIMIT 1),
        'https://shopping-phinf.pstatic.net/main_3532262/35322629619.2.jpg', '상품 상세', 1, 0),
       ((SELECT id FROM product WHERE code = 'P35322629619' LIMIT 1),
        'https://shopping-phinf.pstatic.net/main_3532262/35322629619.3.jpg', '성분 정보', 2, 0);
INSERT INTO product_variant (product_id, variant_name, list_price, sale_price, volume, upc_code, pill_size,
                             nutrition_facts, max_qty_per_order, restock_eta)
VALUES ((SELECT id FROM product WHERE code = 'P35322629619' LIMIT 1), '100캡슐', 16800, 14800, 100, '600000000063',
        '10x10x5mm', '비타민B군 복합', 6, NULL),
       ((SELECT id FROM product WHERE code = 'P35322629619' LIMIT 1), '50캡슐', 11800, 9800, 50, '600000000064',
        '10x10x5mm', '비타민B군 복합', 6, NULL);
INSERT IGNORE INTO stock (product_variant_id, amount, updated_at, restocked_at)
VALUES ((SELECT id
         FROM product_variant
         WHERE variant_name = '100캡슐'
           AND product_id = (SELECT id FROM product WHERE code = 'P35322629619' LIMIT 1)
         LIMIT 1),
        120, '2025-09-29 12:00:00', '2025-08-20 12:00:00'),
       ((SELECT id
         FROM product_variant
         WHERE variant_name = '50캡슐'
           AND product_id = (SELECT id FROM product WHERE code = 'P35322629619' LIMIT 1)
         LIMIT 1),
        80, '2025-09-29 12:00:00', '2025-08-20 12:00:00');
INSERT INTO product_category (product_id, category_id)
VALUES ((SELECT id FROM product WHERE code = 'P35322629619' LIMIT 1),
        (SELECT id FROM category WHERE name = '비타민 B' LIMIT 1));
INSERT IGNORE INTO product_rank (product_id, recent_sales, updated_at)
VALUES ((SELECT id FROM product WHERE code = 'P35322629619' LIMIT 1), 1890, '2025-09-29 12:00:00');


INSERT INTO product (brand_id, name, code, description, instruction, ingredients, cautions, disclaimer,
                     sale_start_date, expiration_date, max_qty_per_order, sales, avg_rating, review_count, min_price)
VALUES ((SELECT id FROM brand WHERE name = '자로우포뮬러스'),
        '자로우 판토텐산 B5 500mg 100캡슐 재로우',
        'P82642627596', '자로우 판토텐산 B5 500mg 100캡슐 재로우',
        '하루 1캡슐을 식후에 섭취하세요.', '비타민 B5, 판토텐산',
        '과다섭취 시 부작용이 있을 수 있습니다.', '본 제품은 질병의 예방 및 치료를 위한 의약품이 아닙니다.',
        '2025-01-31 00:00:00', 30, 6, 1890, 4.4, 280, 20800);
INSERT INTO product_img (product_id, image_url, alt_text, sort_idx, is_primary)
VALUES ((SELECT id FROM product WHERE code = 'P82642627596' LIMIT 1),
        'https://shopping-phinf.pstatic.net/main_8264262/82642627596.1.jpg', '대표 이미지', 0, 1),
       ((SELECT id FROM product WHERE code = 'P82642627596' LIMIT 1),
        'https://shopping-phinf.pstatic.net/main_8264262/82642627596.2.jpg', '상품 상세', 1, 0),
       ((SELECT id FROM product WHERE code = 'P82642627596' LIMIT 1),
        'https://shopping-phinf.pstatic.net/main_8264262/82642627596.3.jpg', '성분 정보', 2, 0);
INSERT INTO product_variant (product_id, variant_name, list_price, sale_price, volume, upc_code, pill_size,
                             nutrition_facts, max_qty_per_order, restock_eta)
VALUES ((SELECT id FROM product WHERE code = 'P82642627596' LIMIT 1), '100캡슐', 20800, 18800, 100, '600000000065',
        '10x10x5mm', '비타민B5 고함량', 6, NULL),
       ((SELECT id FROM product WHERE code = 'P82642627596' LIMIT 1), '50캡슐', 13800, 11800, 50, '600000000066',
        '10x10x5mm', '비타민B5 고함량', 6, NULL);
INSERT IGNORE INTO stock (product_variant_id, amount, updated_at, restocked_at)
VALUES ((SELECT id
         FROM product_variant
         WHERE variant_name = '100캡슐'
           AND product_id = (SELECT id FROM product WHERE code = 'P82642627596' LIMIT 1)
         LIMIT 1),
        90, '2025-09-29 12:00:00', '2025-08-20 12:00:00'),
       ((SELECT id
         FROM product_variant
         WHERE variant_name = '50캡슐'
           AND product_id = (SELECT id FROM product WHERE code = 'P82642627596' LIMIT 1)
         LIMIT 1),
        60, '2025-09-29 12:00:00', '2025-08-20 12:00:00');
INSERT INTO product_category (product_id, category_id)
VALUES ((SELECT id FROM product WHERE code = 'P82642627596' LIMIT 1),
        (SELECT id FROM category WHERE name = '비타민 B' LIMIT 1));
INSERT IGNORE INTO product_rank (product_id, recent_sales, updated_at)
VALUES ((SELECT id FROM product WHERE code = 'P82642627596' LIMIT 1), 1890, '2025-09-29 12:00:00');


INSERT IGNORE INTO brand (name)
VALUES ('고려은단비타민C1000');
INSERT IGNORE INTO brand (name)
VALUES ('종근당건강');
INSERT IGNORE INTO brand (name)
VALUES ('ALLBARUN');
INSERT IGNORE INTO brand (name)
VALUES ('닥터가');

INSERT INTO product (brand_id, name, code, description, instruction, ingredients, cautions, disclaimer,
                     sale_start_date, expiration_date, max_qty_per_order, sales, avg_rating, review_count, min_price)
VALUES ((SELECT id FROM brand WHERE name = '고려은단비타민C1000'),
        '고려은단비타민C1000 1080mg x 600정, 1개',
        'P51929305232', '고려은단비타민C1000 1080mg x 600정, 1개',
        '하루 1-2정을 식후에 섭취하세요.', '비타민 C, 아스코르빈산',
        '과다섭취 시 부작용이 있을 수 있습니다.', '본 제품은 질병의 예방 및 치료를 위한 의약품이 아닙니다.',
        '2025-02-01 00:00:00', 30, 6, 1890, 4.5, 280, 40420);
INSERT INTO product_img (product_id, image_url, alt_text, sort_idx, is_primary)
VALUES ((SELECT id FROM product WHERE code = 'P51929305232' LIMIT 1),
        'https://shopping-phinf.pstatic.net/main_5192930/51929305232.1.jpg', '대표 이미지', 0, 1),
       ((SELECT id FROM product WHERE code = 'P51929305232' LIMIT 1),
        'https://shopping-phinf.pstatic.net/main_5192930/51929305232.2.jpg', '상품 상세', 1, 0),
       ((SELECT id FROM product WHERE code = 'P51929305232' LIMIT 1),
        'https://shopping-phinf.pstatic.net/main_5192930/51929305232.3.jpg', '성분 정보', 2, 0);
INSERT INTO product_variant (product_id, variant_name, list_price, sale_price, volume, upc_code, pill_size,
                             nutrition_facts, max_qty_per_order, restock_eta)
VALUES ((SELECT id FROM product WHERE code = 'P51929305232' LIMIT 1), '600정', 40420, 38420, 600, '600000000067',
        '10x10x5mm', '비타민C 고함량', 6, NULL),
       ((SELECT id FROM product WHERE code = 'P51929305232' LIMIT 1), '300정', 25420, 23420, 300, '600000000068',
        '10x10x5mm', '비타민C 고함량', 6, NULL);
INSERT IGNORE INTO stock (product_variant_id, amount, updated_at, restocked_at)
VALUES ((SELECT id
         FROM product_variant
         WHERE variant_name = '600정'
           AND product_id = (SELECT id FROM product WHERE code = 'P51929305232' LIMIT 1)
         LIMIT 1),
        80, '2025-09-29 12:00:00', '2025-08-20 12:00:00'),
       ((SELECT id
         FROM product_variant
         WHERE variant_name = '300정'
           AND product_id = (SELECT id FROM product WHERE code = 'P51929305232' LIMIT 1)
         LIMIT 1),
        50, '2025-09-29 12:00:00', '2025-08-20 12:00:00');
INSERT INTO product_category (product_id, category_id)
VALUES ((SELECT id FROM product WHERE code = 'P51929305232' LIMIT 1),
        (SELECT id FROM category WHERE name = '비타민 C' LIMIT 1));
INSERT IGNORE INTO product_rank (product_id, recent_sales, updated_at)
VALUES ((SELECT id FROM product WHERE code = 'P51929305232' LIMIT 1), 1890, '2025-09-29 12:00:00');


INSERT INTO product (brand_id, name, code, description, instruction, ingredients, cautions, disclaimer,
                     sale_start_date, expiration_date, max_qty_per_order, sales, avg_rating, review_count, min_price)
VALUES ((SELECT id FROM brand WHERE name = '고려은단'),
        '고려은단 고려은단비타민C1000 이지 + 비타민D 600mg x 180정, 2개',
        'P51929436663', '고려은단 고려은단비타민C1000 이지 + 비타민D 600mg x 180정, 2개',
        '하루 1-2정을 식후에 섭취하세요.', '비타민 C, 비타민 D, 아스코르빈산',
        '과다섭취 시 부작용이 있을 수 있습니다.', '본 제품은 질병의 예방 및 치료를 위한 의약품이 아닙니다.',
        '2025-02-02 00:00:00', 30, 6, 1890, 4.4, 280, 26920);
INSERT INTO product_img (product_id, image_url, alt_text, sort_idx, is_primary)
VALUES ((SELECT id FROM product WHERE code = 'P51929436663' LIMIT 1),
        'https://shopping-phinf.pstatic.net/main_5192943/51929436663.1.jpg', '대표 이미지', 0, 1),
       ((SELECT id FROM product WHERE code = 'P51929436663' LIMIT 1),
        'https://shopping-phinf.pstatic.net/main_5192943/51929436663.2.jpg', '상품 상세', 1, 0),
       ((SELECT id FROM product WHERE code = 'P51929436663' LIMIT 1),
        'https://shopping-phinf.pstatic.net/main_5192943/51929436663.3.jpg', '성분 정보', 2, 0);
INSERT INTO product_variant (product_id, variant_name, list_price, sale_price, volume, upc_code, pill_size,
                             nutrition_facts, max_qty_per_order, restock_eta)
VALUES ((SELECT id FROM product WHERE code = 'P51929436663' LIMIT 1), '2개', 26920, 24920, 2, '600000000069',
        '10x10x5mm', '비타민C+비타민D', 6, NULL),
       ((SELECT id FROM product WHERE code = 'P51929436663' LIMIT 1), '1개', 16920, 14920, 1, '600000000070',
        '10x10x5mm', '비타민C+비타민D', 6, NULL);
INSERT IGNORE INTO stock (product_variant_id, amount, updated_at, restocked_at)
VALUES ((SELECT id
         FROM product_variant
         WHERE variant_name = '2개'
           AND product_id = (SELECT id FROM product WHERE code = 'P51929436663' LIMIT 1)
         LIMIT 1),
        120, '2025-09-29 12:00:00', '2025-08-20 12:00:00'),
       ((SELECT id
         FROM product_variant
         WHERE variant_name = '1개'
           AND product_id = (SELECT id FROM product WHERE code = 'P51929436663' LIMIT 1)
         LIMIT 1),
        80, '2025-09-29 12:00:00', '2025-08-20 12:00:00');
INSERT INTO product_category (product_id, category_id)
VALUES ((SELECT id FROM product WHERE code = 'P51929436663' LIMIT 1),
        (SELECT id FROM category WHERE name = '비타민 C' LIMIT 1));
INSERT IGNORE INTO product_rank (product_id, recent_sales, updated_at)
VALUES ((SELECT id FROM product WHERE code = 'P51929436663' LIMIT 1), 1890, '2025-09-29 12:00:00');


INSERT INTO product (brand_id, name, code, description, instruction, ingredients, cautions, disclaimer,
                     sale_start_date, expiration_date, max_qty_per_order, sales, avg_rating, review_count, min_price)
VALUES ((SELECT id FROM brand WHERE name = '종근당건강'),
        '비타민c 종근당 1000mg 600정 바이탈프로그램 비타민씨 선물용 아스코르빈산',
        'P83642336651', '비타민c 종근당 1000mg 600정 바이탈프로그램 비타민씨 선물용 아스코르빈산',
        '하루 1-2정을 식후에 섭취하세요.', '비타민 C, 아스코르빈산',
        '과다섭취 시 부작용이 있을 수 있습니다.', '본 제품은 질병의 예방 및 치료를 위한 의약품이 아닙니다.',
        '2025-02-03 00:00:00', 30, 6, 1890, 4.3, 280, 28500);
INSERT INTO product_img (product_id, image_url, alt_text, sort_idx, is_primary)
VALUES ((SELECT id FROM product WHERE code = 'P83642336651' LIMIT 1),
        'https://shopping-phinf.pstatic.net/main_8364233/83642336651.1.jpg', '대표 이미지', 0, 1),
       ((SELECT id FROM product WHERE code = 'P83642336651' LIMIT 1),
        'https://shopping-phinf.pstatic.net/main_8364233/83642336651.2.jpg', '상품 상세', 1, 0),
       ((SELECT id FROM product WHERE code = 'P83642336651' LIMIT 1),
        'https://shopping-phinf.pstatic.net/main_8364233/83642336651.3.jpg', '성분 정보', 2, 0);
INSERT INTO product_variant (product_id, variant_name, list_price, sale_price, volume, upc_code, pill_size,
                             nutrition_facts, max_qty_per_order, restock_eta)
VALUES ((SELECT id FROM product WHERE code = 'P83642336651' LIMIT 1), '600정', 28500, 26500, 600, '600000000071',
        '10x10x5mm', '비타민C 고함량', 6, NULL),
       ((SELECT id FROM product WHERE code = 'P83642336651' LIMIT 1), '300정', 18500, 16500, 300, '600000000072',
        '10x10x5mm', '비타민C 고함량', 6, NULL);
INSERT IGNORE INTO stock (product_variant_id, amount, updated_at, restocked_at)
VALUES ((SELECT id
         FROM product_variant
         WHERE variant_name = '600정'
           AND product_id = (SELECT id FROM product WHERE code = 'P83642336651' LIMIT 1)
         LIMIT 1),
        90, '2025-09-29 12:00:00', '2025-08-20 12:00:00'),
       ((SELECT id
         FROM product_variant
         WHERE variant_name = '300정'
           AND product_id = (SELECT id FROM product WHERE code = 'P83642336651' LIMIT 1)
         LIMIT 1),
        60, '2025-09-29 12:00:00', '2025-08-20 12:00:00');
INSERT INTO product_category (product_id, category_id)
VALUES ((SELECT id FROM product WHERE code = 'P83642336651' LIMIT 1),
        (SELECT id FROM category WHERE name = '비타민 C' LIMIT 1));
INSERT IGNORE INTO product_rank (product_id, recent_sales, updated_at)
VALUES ((SELECT id FROM product WHERE code = 'P83642336651' LIMIT 1), 1890, '2025-09-29 12:00:00');


INSERT INTO product (brand_id, name, code, description, instruction, ingredients, cautions, disclaimer,
                     sale_start_date, expiration_date, max_qty_per_order, sales, avg_rating, review_count, min_price)
VALUES ((SELECT id FROM brand WHERE name = '고려은단'),
        '고려은단 메가도스C 비타민C 3000mg 3g x 100포, 2개',
        'P51929176649', '고려은단 메가도스C 비타민C 3000mg 3g x 100포, 2개',
        '하루 1포를 물에 타서 섭취하세요.', '비타민 C, 아스코르빈산',
        '과다섭취 시 부작용이 있을 수 있습니다.', '본 제품은 질병의 예방 및 치료를 위한 의약품이 아닙니다.',
        '2025-02-04 00:00:00', 30, 6, 1890, 4.6, 280, 49890);
INSERT INTO product_img (product_id, image_url, alt_text, sort_idx, is_primary)
VALUES ((SELECT id FROM product WHERE code = 'P51929176649' LIMIT 1),
        'https://shopping-phinf.pstatic.net/main_5192917/51929176649.1.jpg', '대표 이미지', 0, 1),
       ((SELECT id FROM product WHERE code = 'P51929176649' LIMIT 1),
        'https://shopping-phinf.pstatic.net/main_5192917/51929176649.2.jpg', '상품 상세', 1, 0),
       ((SELECT id FROM product WHERE code = 'P51929176649' LIMIT 1),
        'https://shopping-phinf.pstatic.net/main_5192917/51929176649.3.jpg', '성분 정보', 2, 0);
INSERT INTO product_variant (product_id, variant_name, list_price, sale_price, volume, upc_code, pill_size,
                             nutrition_facts, max_qty_per_order, restock_eta)
VALUES ((SELECT id FROM product WHERE code = 'P51929176649' LIMIT 1), '2개', 49890, 47890, 2, '600000000073', '포',
        '비타민C 초고함량', 6, NULL),
       ((SELECT id FROM product WHERE code = 'P51929176649' LIMIT 1), '1개', 29890, 27890, 1, '600000000074', '포',
        '비타민C 초고함량', 6, NULL);
INSERT IGNORE INTO stock (product_variant_id, amount, updated_at, restocked_at)
VALUES ((SELECT id
         FROM product_variant
         WHERE variant_name = '2개'
           AND product_id = (SELECT id FROM product WHERE code = 'P51929176649' LIMIT 1)
         LIMIT 1),
        50, '2025-09-29 12:00:00', '2025-08-20 12:00:00'),
       ((SELECT id
         FROM product_variant
         WHERE variant_name = '1개'
           AND product_id = (SELECT id FROM product WHERE code = 'P51929176649' LIMIT 1)
         LIMIT 1),
        30, '2025-09-29 12:00:00', '2025-08-20 12:00:00');
INSERT INTO product_category (product_id, category_id)
VALUES ((SELECT id FROM product WHERE code = 'P51929176649' LIMIT 1),
        (SELECT id FROM category WHERE name = '비타민 C' LIMIT 1));
INSERT IGNORE INTO product_rank (product_id, recent_sales, updated_at)
VALUES ((SELECT id FROM product WHERE code = 'P51929176649' LIMIT 1), 1890, '2025-09-29 12:00:00');


INSERT INTO product (brand_id, name, code, description, instruction, ingredients, cautions, disclaimer,
                     sale_start_date, expiration_date, max_qty_per_order, sales, avg_rating, review_count, min_price)
VALUES ((SELECT id FROM brand WHERE name = '고려은단'),
        '고려은단 메가도스C 2000 2g x 100포, 2개',
        'P51929173380', '고려은단 메가도스C 2000 2g x 100포, 2개',
        '하루 1포를 물에 타서 섭취하세요.', '비타민 C, 아스코르빈산',
        '과다섭취 시 부작용이 있을 수 있습니다.', '본 제품은 질병의 예방 및 치료를 위한 의약품이 아닙니다.',
        '2025-02-05 00:00:00', 30, 6, 1890, 4.4, 280, 29060);
INSERT INTO product_img (product_id, image_url, alt_text, sort_idx, is_primary)
VALUES ((SELECT id FROM product WHERE code = 'P51929173380' LIMIT 1),
        'https://shopping-phinf.pstatic.net/main_5192917/51929173380.1.jpg', '대표 이미지', 0, 1),
       ((SELECT id FROM product WHERE code = 'P51929173380' LIMIT 1),
        'https://shopping-phinf.pstatic.net/main_5192917/51929173380.2.jpg', '상품 상세', 1, 0),
       ((SELECT id FROM product WHERE code = 'P51929173380' LIMIT 1),
        'https://shopping-phinf.pstatic.net/main_5192917/51929173380.3.jpg', '성분 정보', 2, 0);
INSERT INTO product_variant (product_id, variant_name, list_price, sale_price, volume, upc_code, pill_size,
                             nutrition_facts, max_qty_per_order, restock_eta)
VALUES ((SELECT id FROM product WHERE code = 'P51929173380' LIMIT 1), '2개', 29060, 27060, 2, '600000000075', '포',
        '비타민C 고함량', 6, NULL),
       ((SELECT id FROM product WHERE code = 'P51929173380' LIMIT 1), '1개', 19060, 17060, 1, '600000000076', '포',
        '비타민C 고함량', 6, NULL);
INSERT IGNORE INTO stock (product_variant_id, amount, updated_at, restocked_at)
VALUES ((SELECT id
         FROM product_variant
         WHERE variant_name = '2개'
           AND product_id = (SELECT id FROM product WHERE code = 'P51929173380' LIMIT 1)
         LIMIT 1),
        70, '2025-09-29 12:00:00', '2025-08-20 12:00:00'),
       ((SELECT id
         FROM product_variant
         WHERE variant_name = '1개'
           AND product_id = (SELECT id FROM product WHERE code = 'P51929173380' LIMIT 1)
         LIMIT 1),
        45, '2025-09-29 12:00:00', '2025-08-20 12:00:00');
INSERT INTO product_category (product_id, category_id)
VALUES ((SELECT id FROM product WHERE code = 'P51929173380' LIMIT 1),
        (SELECT id FROM category WHERE name = '비타민 C' LIMIT 1));
INSERT IGNORE INTO product_rank (product_id, recent_sales, updated_at)
VALUES ((SELECT id FROM product WHERE code = 'P51929173380' LIMIT 1), 1890, '2025-09-29 12:00:00');


INSERT INTO product (brand_id, name, code, description, instruction, ingredients, cautions, disclaimer,
                     sale_start_date, expiration_date, max_qty_per_order, sales, avg_rating, review_count, min_price)
VALUES ((SELECT id FROM brand WHERE name = 'ALLBARUN'),
        'ALLBARUN 올바른 맥스 비타민C 3000 3g x 90포, 1개',
        'P51929519350', 'ALLBARUN 올바른 맥스 비타민C 3000 3g x 90포, 1개',
        '하루 1포를 물에 타서 섭취하세요.', '비타민 C, 아스코르빈산',
        '과다섭취 시 부작용이 있을 수 있습니다.', '본 제품은 질병의 예방 및 치료를 위한 의약품이 아닙니다.',
        '2025-02-06 00:00:00', 30, 6, 1890, 4.2, 280, 12900);
INSERT INTO product_img (product_id, image_url, alt_text, sort_idx, is_primary)
VALUES ((SELECT id FROM product WHERE code = 'P51929519350' LIMIT 1),
        'https://shopping-phinf.pstatic.net/main_5192951/51929519350.1.jpg', '대표 이미지', 0, 1),
       ((SELECT id FROM product WHERE code = 'P51929519350' LIMIT 1),
        'https://shopping-phinf.pstatic.net/main_5192951/51929519350.2.jpg', '상품 상세', 1, 0),
       ((SELECT id FROM product WHERE code = 'P51929519350' LIMIT 1),
        'https://shopping-phinf.pstatic.net/main_5192951/51929519350.3.jpg', '성분 정보', 2, 0);
INSERT INTO product_variant (product_id, variant_name, list_price, sale_price, volume, upc_code, pill_size,
                             nutrition_facts, max_qty_per_order, restock_eta)
VALUES ((SELECT id FROM product WHERE code = 'P51929519350' LIMIT 1), '90포', 12900, 10900, 90, '600000000077', '포',
        '비타민C 초고함량', 6, NULL),
       ((SELECT id FROM product WHERE code = 'P51929519350' LIMIT 1), '45포', 8900, 6900, 45, '600000000078', '포',
        '비타민C 초고함량', 6, NULL);
INSERT IGNORE INTO stock (product_variant_id, amount, updated_at, restocked_at)
VALUES ((SELECT id
         FROM product_variant
         WHERE variant_name = '90포'
           AND product_id = (SELECT id FROM product WHERE code = 'P51929519350' LIMIT 1)
         LIMIT 1),
        200, '2025-09-29 12:00:00', '2025-08-20 12:00:00'),
       ((SELECT id
         FROM product_variant
         WHERE variant_name = '45포'
           AND product_id = (SELECT id FROM product WHERE code = 'P51929519350' LIMIT 1)
         LIMIT 1),
        130, '2025-09-29 12:00:00', '2025-08-20 12:00:00');
INSERT INTO product_category (product_id, category_id)
VALUES ((SELECT id FROM product WHERE code = 'P51929519350' LIMIT 1),
        (SELECT id FROM category WHERE name = '비타민 C' LIMIT 1));
INSERT IGNORE INTO product_rank (product_id, recent_sales, updated_at)
VALUES ((SELECT id FROM product WHERE code = 'P51929519350' LIMIT 1), 1890, '2025-09-29 12:00:00');


INSERT INTO product (brand_id, name, code, description, instruction, ingredients, cautions, disclaimer,
                     sale_start_date, expiration_date, max_qty_per_order, sales, avg_rating, review_count, min_price)
VALUES ((SELECT id FROM brand WHERE name = '닥터가'),
        '닥터가 비타도스C 3g x 30포, 1개',
        'P55697462292', '닥터가 비타도스C 3g x 30포, 1개',
        '하루 1포를 물에 타서 섭취하세요.', '비타민 C, 아스코르빈산',
        '과다섭취 시 부작용이 있을 수 있습니다.', '본 제품은 질병의 예방 및 치료를 위한 의약품이 아닙니다.',
        '2025-02-07 00:00:00', 30, 6, 1890, 4.1, 280, 3900);
INSERT INTO product_img (product_id, image_url, alt_text, sort_idx, is_primary)
VALUES ((SELECT id FROM product WHERE code = 'P55697462292' LIMIT 1),
        'https://shopping-phinf.pstatic.net/main_5569746/55697462292.1.jpg', '대표 이미지', 0, 1),
       ((SELECT id FROM product WHERE code = 'P55697462292' LIMIT 1),
        'https://shopping-phinf.pstatic.net/main_5569746/55697462292.2.jpg', '상품 상세', 1, 0),
       ((SELECT id FROM product WHERE code = 'P55697462292' LIMIT 1),
        'https://shopping-phinf.pstatic.net/main_5569746/55697462292.3.jpg', '성분 정보', 2, 0);
INSERT INTO product_variant (product_id, variant_name, list_price, sale_price, volume, upc_code, pill_size,
                             nutrition_facts, max_qty_per_order, restock_eta)
VALUES ((SELECT id FROM product WHERE code = 'P55697462292' LIMIT 1), '30포', 3900, 2900, 30, '600000000079', '포',
        '비타민C 고함량', 6, NULL),
       ((SELECT id FROM product WHERE code = 'P55697462292' LIMIT 1), '15포', 2900, 1900, 15, '600000000080', '포',
        '비타민C 고함량', 6, NULL);
INSERT IGNORE INTO stock (product_variant_id, amount, updated_at, restocked_at)
VALUES ((SELECT id
         FROM product_variant
         WHERE variant_name = '30포'
           AND product_id = (SELECT id FROM product WHERE code = 'P55697462292' LIMIT 1)
         LIMIT 1),
        300, '2025-09-29 12:00:00', '2025-08-20 12:00:00'),
       ((SELECT id
         FROM product_variant
         WHERE variant_name = '15포'
           AND product_id = (SELECT id FROM product WHERE code = 'P55697462292' LIMIT 1)
         LIMIT 1),
        200, '2025-09-29 12:00:00', '2025-08-20 12:00:00');
INSERT INTO product_category (product_id, category_id)
VALUES ((SELECT id FROM product WHERE code = 'P55697462292' LIMIT 1),
        (SELECT id FROM category WHERE name = '비타민 C' LIMIT 1));
INSERT IGNORE INTO product_rank (product_id, recent_sales, updated_at)
VALUES ((SELECT id FROM product WHERE code = 'P55697462292' LIMIT 1), 1890, '2025-09-29 12:00:00');


INSERT IGNORE INTO brand (name)
VALUES ('유한양행');

INSERT INTO product (brand_id, name, code, description, instruction, ingredients, cautions, disclaimer,
                     sale_start_date, expiration_date, max_qty_per_order, sales, avg_rating, review_count, min_price)
VALUES ((SELECT id FROM brand WHERE name = '고려은단'),
        '고려은단 메가도스C 비타민C 3000 3g x 60포, 1개',
        'P51929521203', '고려은단 메가도스C 비타민C 3000 3g x 60포, 1개',
        '하루 1포를 물에 타서 섭취하세요.', '비타민 C, 아스코르빈산',
        '과다섭취 시 부작용이 있을 수 있습니다.', '본 제품은 질병의 예방 및 치료를 위한 의약품이 아닙니다.',
        '2025-02-08 00:00:00', 30, 6, 1890, 4.3, 280, 12540);
INSERT INTO product_img (product_id, image_url, alt_text, sort_idx, is_primary)
VALUES ((SELECT id FROM product WHERE code = 'P51929521203' LIMIT 1),
        'https://shopping-phinf.pstatic.net/main_5192952/51929521203.1.jpg', '대표 이미지', 0, 1),
       ((SELECT id FROM product WHERE code = 'P51929521203' LIMIT 1),
        'https://shopping-phinf.pstatic.net/main_5192952/51929521203.2.jpg', '상품 상세', 1, 0),
       ((SELECT id FROM product WHERE code = 'P51929521203' LIMIT 1),
        'https://shopping-phinf.pstatic.net/main_5192952/51929521203.3.jpg', '성분 정보', 2, 0);
INSERT INTO product_variant (product_id, variant_name, list_price, sale_price, volume, upc_code, pill_size,
                             nutrition_facts, max_qty_per_order, restock_eta)
VALUES ((SELECT id FROM product WHERE code = 'P51929521203' LIMIT 1), '60포', 12540, 10540, 60, '600000000081', '포',
        '비타민C 초고함량', 6, NULL),
       ((SELECT id FROM product WHERE code = 'P51929521203' LIMIT 1), '30포', 8540, 6540, 30, '600000000082', '포',
        '비타민C 초고함량', 6, NULL);
INSERT IGNORE INTO stock (product_variant_id, amount, updated_at, restocked_at)
VALUES ((SELECT id
         FROM product_variant
         WHERE variant_name = '60포'
           AND product_id = (SELECT id FROM product WHERE code = 'P51929521203' LIMIT 1)
         LIMIT 1),
        180, '2025-09-29 12:00:00', '2025-08-20 12:00:00'),
       ((SELECT id
         FROM product_variant
         WHERE variant_name = '30포'
           AND product_id = (SELECT id FROM product WHERE code = 'P51929521203' LIMIT 1)
         LIMIT 1),
        120, '2025-09-29 12:00:00', '2025-08-20 12:00:00');
INSERT INTO product_category (product_id, category_id)
VALUES ((SELECT id FROM product WHERE code = 'P51929521203' LIMIT 1),
        (SELECT id FROM category WHERE name = '비타민 C' LIMIT 1));
INSERT IGNORE INTO product_rank (product_id, recent_sales, updated_at)
VALUES ((SELECT id FROM product WHERE code = 'P51929521203' LIMIT 1), 1890, '2025-09-29 12:00:00');


INSERT INTO product (brand_id, name, code, description, instruction, ingredients, cautions, disclaimer,
                     sale_start_date, expiration_date, max_qty_per_order, sales, avg_rating, review_count, min_price)
VALUES ((SELECT id FROM brand WHERE name = '유한양행'),
        '유한양행 비타 바이탈씨 유한 비타민C 가루 1000mg 120포',
        'P82342426626', '유한양행 비타 바이탈씨 유한 비타민C 가루 1000mg 120포',
        '하루 1포를 물에 타서 섭취하세요.', '비타민 C, 아스코르빈산',
        '과다섭취 시 부작용이 있을 수 있습니다.', '본 제품은 질병의 예방 및 치료를 위한 의약품이 아닙니다.',
        '2025-02-09 00:00:00', 30, 6, 1890, 4.1, 280, 9400);
INSERT INTO product_img (product_id, image_url, alt_text, sort_idx, is_primary)
VALUES ((SELECT id FROM product WHERE code = 'P82342426626' LIMIT 1),
        'https://shopping-phinf.pstatic.net/main_8234242/82342426626.1.jpg', '대표 이미지', 0, 1),
       ((SELECT id FROM product WHERE code = 'P82342426626' LIMIT 1),
        'https://shopping-phinf.pstatic.net/main_8234242/82342426626.2.jpg', '상품 상세', 1, 0),
       ((SELECT id FROM product WHERE code = 'P82342426626' LIMIT 1),
        'https://shopping-phinf.pstatic.net/main_8234242/82342426626.3.jpg', '성분 정보', 2, 0);
INSERT INTO product_variant (product_id, variant_name, list_price, sale_price, volume, upc_code, pill_size,
                             nutrition_facts, max_qty_per_order, restock_eta)
VALUES ((SELECT id FROM product WHERE code = 'P82342426626' LIMIT 1), '120포', 9400, 7400, 120, '600000000083', '포',
        '비타민C 고함량', 6, NULL),
       ((SELECT id FROM product WHERE code = 'P82342426626' LIMIT 1), '60포', 6400, 4400, 60, '600000000084', '포',
        '비타민C 고함량', 6, NULL);
INSERT IGNORE INTO stock (product_variant_id, amount, updated_at, restocked_at)
VALUES ((SELECT id
         FROM product_variant
         WHERE variant_name = '120포'
           AND product_id = (SELECT id FROM product WHERE code = 'P82342426626' LIMIT 1)
         LIMIT 1),
        250, '2025-09-29 12:00:00', '2025-08-20 12:00:00'),
       ((SELECT id
         FROM product_variant
         WHERE variant_name = '60포'
           AND product_id = (SELECT id FROM product WHERE code = 'P82342426626' LIMIT 1)
         LIMIT 1),
        160, '2025-09-29 12:00:00', '2025-08-20 12:00:00');
INSERT INTO product_category (product_id, category_id)
VALUES ((SELECT id FROM product WHERE code = 'P82342426626' LIMIT 1),
        (SELECT id FROM category WHERE name = '비타민 C' LIMIT 1));
INSERT IGNORE INTO product_rank (product_id, recent_sales, updated_at)
VALUES ((SELECT id FROM product WHERE code = 'P82342426626' LIMIT 1), 1890, '2025-09-29 12:00:00');


INSERT INTO product (brand_id, name, code, description, instruction, ingredients, cautions, disclaimer,
                     sale_start_date, expiration_date, max_qty_per_order, sales, avg_rating, review_count, min_price)
VALUES ((SELECT id FROM brand WHERE name = '고려은단'),
        '고려은단 비타민C 1000 영국산 고함량 비타민씨 600정',
        'P86785276085', '고려은단 비타민C 1000 영국산 고함량 비타민씨 600정',
        '하루 1-2정을 식후에 섭취하세요.', '비타민 C, 아스코르빈산',
        '과다섭취 시 부작용이 있을 수 있습니다.', '본 제품은 질병의 예방 및 치료를 위한 의약품이 아닙니다.',
        '2025-02-10 00:00:00', 30, 6, 1890, 4.5, 280, 40900);
INSERT INTO product_img (product_id, image_url, alt_text, sort_idx, is_primary)
VALUES ((SELECT id FROM product WHERE code = 'P86785276085' LIMIT 1),
        'https://shopping-phinf.pstatic.net/main_8678527/86785276085.1.jpg', '대표 이미지', 0, 1),
       ((SELECT id FROM product WHERE code = 'P86785276085' LIMIT 1),
        'https://shopping-phinf.pstatic.net/main_8678527/86785276085.2.jpg', '상품 상세', 1, 0),
       ((SELECT id FROM product WHERE code = 'P86785276085' LIMIT 1),
        'https://shopping-phinf.pstatic.net/main_8678527/86785276085.3.jpg', '성분 정보', 2, 0);
INSERT INTO product_variant (product_id, variant_name, list_price, sale_price, volume, upc_code, pill_size,
                             nutrition_facts, max_qty_per_order, restock_eta)
VALUES ((SELECT id FROM product WHERE code = 'P86785276085' LIMIT 1), '600정', 40900, 38900, 600, '600000000085',
        '10x10x5mm', '비타민C 고함량', 6, NULL),
       ((SELECT id FROM product WHERE code = 'P86785276085' LIMIT 1), '300정', 25900, 23900, 300, '600000000086',
        '10x10x5mm', '비타민C 고함량', 6, NULL);
INSERT IGNORE INTO stock (product_variant_id, amount, updated_at, restocked_at)
VALUES ((SELECT id
         FROM product_variant
         WHERE variant_name = '600정'
           AND product_id = (SELECT id FROM product WHERE code = 'P86785276085' LIMIT 1)
         LIMIT 1),
        70, '2025-09-29 12:00:00', '2025-08-20 12:00:00'),
       ((SELECT id
         FROM product_variant
         WHERE variant_name = '300정'
           AND product_id = (SELECT id FROM product WHERE code = 'P86785276085' LIMIT 1)
         LIMIT 1),
        45, '2025-09-29 12:00:00', '2025-08-20 12:00:00');
INSERT INTO product_category (product_id, category_id)
VALUES ((SELECT id FROM product WHERE code = 'P86785276085' LIMIT 1),
        (SELECT id FROM category WHERE name = '비타민 C' LIMIT 1));
INSERT IGNORE INTO product_rank (product_id, recent_sales, updated_at)
VALUES ((SELECT id FROM product WHERE code = 'P86785276085' LIMIT 1), 1890, '2025-09-29 12:00:00');


INSERT INTO product (brand_id, name, code, description, instruction, ingredients, cautions, disclaimer,
                     sale_start_date, expiration_date, max_qty_per_order, sales, avg_rating, review_count, min_price)
VALUES ((SELECT id FROM brand WHERE name = '고려은단'),
        '고려은단 비타민C 골드 플러스 1120mg x 240정, 1개',
        'P51929207895', '고려은단 비타민C 골드 플러스 1120mg x 240정, 1개',
        '하루 1-2정을 식후에 섭취하세요.', '비타민 C, 아스코르빈산',
        '과다섭취 시 부작용이 있을 수 있습니다.', '본 제품은 질병의 예방 및 치료를 위한 의약품이 아닙니다.',
        '2025-02-11 00:00:00', 30, 6, 1890, 4.4, 280, 35690);
INSERT INTO product_img (product_id, image_url, alt_text, sort_idx, is_primary)
VALUES ((SELECT id FROM product WHERE code = 'P51929207895' LIMIT 1),
        'https://shopping-phinf.pstatic.net/main_5192920/51929207895.1.jpg', '대표 이미지', 0, 1),
       ((SELECT id FROM product WHERE code = 'P51929207895' LIMIT 1),
        'https://shopping-phinf.pstatic.net/main_5192920/51929207895.2.jpg', '상품 상세', 1, 0),
       ((SELECT id FROM product WHERE code = 'P51929207895' LIMIT 1),
        'https://shopping-phinf.pstatic.net/main_5192920/51929207895.3.jpg', '성분 정보', 2, 0);
INSERT INTO product_variant (product_id, variant_name, list_price, sale_price, volume, upc_code, pill_size,
                             nutrition_facts, max_qty_per_order, restock_eta)
VALUES ((SELECT id FROM product WHERE code = 'P51929207895' LIMIT 1), '240정', 35690, 33690, 240, '600000000087',
        '10x10x5mm', '비타민C 고함량', 6, NULL),
       ((SELECT id FROM product WHERE code = 'P51929207895' LIMIT 1), '120정', 22690, 20690, 120, '600000000088',
        '10x10x5mm', '비타민C 고함량', 6, NULL);
INSERT IGNORE INTO stock (product_variant_id, amount, updated_at, restocked_at)
VALUES ((SELECT id
         FROM product_variant
         WHERE variant_name = '240정'
           AND product_id = (SELECT id FROM product WHERE code = 'P51929207895' LIMIT 1)
         LIMIT 1),
        100, '2025-09-29 12:00:00', '2025-08-20 12:00:00'),
       ((SELECT id
         FROM product_variant
         WHERE variant_name = '120정'
           AND product_id = (SELECT id FROM product WHERE code = 'P51929207895' LIMIT 1)
         LIMIT 1),
        70, '2025-09-29 12:00:00', '2025-08-20 12:00:00');
INSERT INTO product_category (product_id, category_id)
VALUES ((SELECT id FROM product WHERE code = 'P51929207895' LIMIT 1),
        (SELECT id FROM category WHERE name = '비타민 C' LIMIT 1));
INSERT IGNORE INTO product_rank (product_id, recent_sales, updated_at)
VALUES ((SELECT id FROM product WHERE code = 'P51929207895' LIMIT 1), 1890, '2025-09-29 12:00:00');


INSERT INTO product (brand_id, name, code, description, instruction, ingredients, cautions, disclaimer,
                     sale_start_date, expiration_date, max_qty_per_order, sales, avg_rating, review_count, min_price)
VALUES ((SELECT id FROM brand WHERE name = '종근당'),
        '종근당 비타민C 1000mg 1100mg x 600정, 1개',
        'P51929353863', '종근당 비타민C 1000mg 1100mg x 600정, 1개',
        '하루 1-2정을 식후에 섭취하세요.', '비타민 C, 아스코르빈산',
        '과다섭취 시 부작용이 있을 수 있습니다.', '본 제품은 질병의 예방 및 치료를 위한 의약품이 아닙니다.',
        '2025-02-12 00:00:00', 30, 6, 1890, 4.3, 280, 25690);
INSERT INTO product_img (product_id, image_url, alt_text, sort_idx, is_primary)
VALUES ((SELECT id FROM product WHERE code = 'P51929353863' LIMIT 1),
        'https://shopping-phinf.pstatic.net/main_5192935/51929353863.1.jpg', '대표 이미지', 0, 1),
       ((SELECT id FROM product WHERE code = 'P51929353863' LIMIT 1),
        'https://shopping-phinf.pstatic.net/main_5192935/51929353863.2.jpg', '상품 상세', 1, 0),
       ((SELECT id FROM product WHERE code = 'P51929353863' LIMIT 1),
        'https://shopping-phinf.pstatic.net/main_5192935/51929353863.3.jpg', '성분 정보', 2, 0);
INSERT INTO product_variant (product_id, variant_name, list_price, sale_price, volume, upc_code, pill_size,
                             nutrition_facts, max_qty_per_order, restock_eta)
VALUES ((SELECT id FROM product WHERE code = 'P51929353863' LIMIT 1), '600정', 25690, 23690, 600, '600000000089',
        '10x10x5mm', '비타민C 고함량', 6, NULL),
       ((SELECT id FROM product WHERE code = 'P51929353863' LIMIT 1), '300정', 16690, 14690, 300, '600000000090',
        '10x10x5mm', '비타민C 고함량', 6, NULL);
INSERT IGNORE INTO stock (product_variant_id, amount, updated_at, restocked_at)
VALUES ((SELECT id
         FROM product_variant
         WHERE variant_name = '600정'
           AND product_id = (SELECT id FROM product WHERE code = 'P51929353863' LIMIT 1)
         LIMIT 1),
        110, '2025-09-29 12:00:00', '2025-08-20 12:00:00'),
       ((SELECT id
         FROM product_variant
         WHERE variant_name = '300정'
           AND product_id = (SELECT id FROM product WHERE code = 'P51929353863' LIMIT 1)
         LIMIT 1),
        75, '2025-09-29 12:00:00', '2025-08-20 12:00:00');
INSERT INTO product_category (product_id, category_id)
VALUES ((SELECT id FROM product WHERE code = 'P51929353863' LIMIT 1),
        (SELECT id FROM category WHERE name = '비타민 C' LIMIT 1));
INSERT IGNORE INTO product_rank (product_id, recent_sales, updated_at)
VALUES ((SELECT id FROM product WHERE code = 'P51929353863' LIMIT 1), 1890, '2025-09-29 12:00:00');


INSERT INTO product (brand_id, name, code, description, instruction, ingredients, cautions, disclaimer,
                     sale_start_date, expiration_date, max_qty_per_order, sales, avg_rating, review_count, min_price)
VALUES ((SELECT id FROM brand WHERE name = '고려은단'),
        '속편한 고려은단 비타민C 1000 중성비타민C 1300mg x 120정, 2개',
        'P51929216702', '속편한 고려은단 비타민C 1000 중성비타민C 1300mg x 120정, 2개',
        '하루 1-2정을 식후에 섭취하세요.', '비타민 C, 아스코르빈산',
        '과다섭취 시 부작용이 있을 수 있습니다.', '본 제품은 질병의 예방 및 치료를 위한 의약품이 아닙니다.',
        '2025-02-13 00:00:00', 30, 6, 1890, 4.4, 280, 33890);
INSERT INTO product_img (product_id, image_url, alt_text, sort_idx, is_primary)
VALUES ((SELECT id FROM product WHERE code = 'P51929216702' LIMIT 1),
        'https://shopping-phinf.pstatic.net/main_5192921/51929216702.1.jpg', '대표 이미지', 0, 1),
       ((SELECT id FROM product WHERE code = 'P51929216702' LIMIT 1),
        'https://shopping-phinf.pstatic.net/main_5192921/51929216702.2.jpg', '상품 상세', 1, 0),
       ((SELECT id FROM product WHERE code = 'P51929216702' LIMIT 1),
        'https://shopping-phinf.pstatic.net/main_5192921/51929216702.3.jpg', '성분 정보', 2, 0);
INSERT INTO product_variant (product_id, variant_name, list_price, sale_price, volume, upc_code, pill_size,
                             nutrition_facts, max_qty_per_order, restock_eta)
VALUES ((SELECT id FROM product WHERE code = 'P51929216702' LIMIT 1), '2개', 33890, 31890, 2, '600000000091',
        '10x10x5mm', '중성비타민C 고함량', 6, NULL),
       ((SELECT id FROM product WHERE code = 'P51929216702' LIMIT 1), '1개', 20890, 18890, 1, '600000000092',
        '10x10x5mm', '중성비타민C 고함량', 6, NULL);
INSERT IGNORE INTO stock (product_variant_id, amount, updated_at, restocked_at)
VALUES ((SELECT id
         FROM product_variant
         WHERE variant_name = '2개'
           AND product_id = (SELECT id FROM product WHERE code = 'P51929216702' LIMIT 1)
         LIMIT 1),
        85, '2025-09-29 12:00:00', '2025-08-20 12:00:00'),
       ((SELECT id
         FROM product_variant
         WHERE variant_name = '1개'
           AND product_id = (SELECT id FROM product WHERE code = 'P51929216702' LIMIT 1)
         LIMIT 1),
        55, '2025-09-29 12:00:00', '2025-08-20 12:00:00');
INSERT INTO product_category (product_id, category_id)
VALUES ((SELECT id FROM product WHERE code = 'P51929216702' LIMIT 1),
        (SELECT id FROM category WHERE name = '비타민 C' LIMIT 1));
INSERT IGNORE INTO product_rank (product_id, recent_sales, updated_at)
VALUES ((SELECT id FROM product WHERE code = 'P51929216702' LIMIT 1), 1890, '2025-09-29 12:00:00');


INSERT INTO product (brand_id, name, code, description, instruction, ingredients, cautions, disclaimer,
                     sale_start_date, expiration_date, max_qty_per_order, sales, avg_rating, review_count, min_price)
VALUES ((SELECT id FROM brand WHERE name = '고려은단'),
        '고려은단 비타민C 1000 이지 + 비타민D 600mg x 120정, 1개',
        'P51929227726', '고려은단 비타민C 1000 이지 + 비타민D 600mg x 120정, 1개',
        '하루 1-2정을 식후에 섭취하세요.', '비타민 C, 비타민 D, 아스코르빈산',
        '과다섭취 시 부작용이 있을 수 있습니다.', '본 제품은 질병의 예방 및 치료를 위한 의약품이 아닙니다.',
        '2025-02-14 00:00:00', 30, 6, 1890, 4.2, 280, 9500);
INSERT INTO product_img (product_id, image_url, alt_text, sort_idx, is_primary)
VALUES ((SELECT id FROM product WHERE code = 'P51929227726' LIMIT 1),
        'https://shopping-phinf.pstatic.net/main_5192922/51929227726.1.jpg', '대표 이미지', 0, 1),
       ((SELECT id FROM product WHERE code = 'P51929227726' LIMIT 1),
        'https://shopping-phinf.pstatic.net/main_5192922/51929227726.2.jpg', '상품 상세', 1, 0),
       ((SELECT id FROM product WHERE code = 'P51929227726' LIMIT 1),
        'https://shopping-phinf.pstatic.net/main_5192922/51929227726.3.jpg', '성분 정보', 2, 0);
INSERT INTO product_variant (product_id, variant_name, list_price, sale_price, volume, upc_code, pill_size,
                             nutrition_facts, max_qty_per_order, restock_eta)
VALUES ((SELECT id FROM product WHERE code = 'P51929227726' LIMIT 1), '120정', 9500, 7500, 120, '600000000093',
        '10x10x5mm', '비타민C+비타민D', 6, NULL),
       ((SELECT id FROM product WHERE code = 'P51929227726' LIMIT 1), '60정', 6500, 4500, 60, '600000000094',
        '10x10x5mm', '비타민C+비타민D', 6, NULL);
INSERT IGNORE INTO stock (product_variant_id, amount, updated_at, restocked_at)
VALUES ((SELECT id
         FROM product_variant
         WHERE variant_name = '120정'
           AND product_id = (SELECT id FROM product WHERE code = 'P51929227726' LIMIT 1)
         LIMIT 1),
        200, '2025-09-29 12:00:00', '2025-08-20 12:00:00'),
       ((SELECT id
         FROM product_variant
         WHERE variant_name = '60정'
           AND product_id = (SELECT id FROM product WHERE code = 'P51929227726' LIMIT 1)
         LIMIT 1),
        130, '2025-09-29 12:00:00', '2025-08-20 12:00:00');
INSERT INTO product_category (product_id, category_id)
VALUES ((SELECT id FROM product WHERE code = 'P51929227726' LIMIT 1),
        (SELECT id FROM category WHERE name = '비타민 C' LIMIT 1));
INSERT IGNORE INTO product_rank (product_id, recent_sales, updated_at)
VALUES ((SELECT id FROM product WHERE code = 'P51929227726' LIMIT 1), 1890, '2025-09-29 12:00:00');


INSERT IGNORE INTO brand (name)
VALUES ('더리얼');
INSERT IGNORE INTO brand (name)
VALUES ('바료랑');
INSERT IGNORE INTO brand (name)
VALUES ('포뉴');
INSERT IGNORE INTO brand (name)
VALUES ('뉴트리모어');
INSERT IGNORE INTO brand (name)
VALUES ('닥터파이토');
INSERT IGNORE INTO brand (name)
VALUES ('뉴네이처');

INSERT INTO product (brand_id, name, code, description, instruction, ingredients, cautions, disclaimer,
                     sale_start_date, expiration_date, max_qty_per_order, sales, avg_rating, review_count, min_price)
VALUES ((SELECT id FROM brand WHERE name = '종근당'),
        '종근당 비타민d 2000iu 임산부 성인 비타민d3 3개월분',
        'P85782904066', '종근당 비타민d 2000iu 임산부 성인 비타민d3 3개월분',
        '하루 1정을 식후에 섭취하세요.', '비타민 D3, 콜레칼시페롤',
        '과다섭취 시 부작용이 있을 수 있습니다.', '본 제품은 질병의 예방 및 치료를 위한 의약품이 아닙니다.',
        '2025-02-15 00:00:00', 30, 6, 1890, 4.3, 280, 11900);
INSERT INTO product_img (product_id, image_url, alt_text, sort_idx, is_primary)
VALUES ((SELECT id FROM product WHERE code = 'P85782904066' LIMIT 1),
        'https://shopping-phinf.pstatic.net/main_8578290/85782904066.1.jpg', '대표 이미지', 0, 1),
       ((SELECT id FROM product WHERE code = 'P85782904066' LIMIT 1),
        'https://shopping-phinf.pstatic.net/main_8578290/85782904066.2.jpg', '상품 상세', 1, 0),
       ((SELECT id FROM product WHERE code = 'P85782904066' LIMIT 1),
        'https://shopping-phinf.pstatic.net/main_8578290/85782904066.3.jpg', '성분 정보', 2, 0);
INSERT INTO product_variant (product_id, variant_name, list_price, sale_price, volume, upc_code, pill_size,
                             nutrition_facts, max_qty_per_order, restock_eta)
VALUES ((SELECT id FROM product WHERE code = 'P85782904066' LIMIT 1), '3개월분', 11900, 9900, 90, '600000000095',
        '10x10x5mm', '비타민D3 고함량', 6, NULL),
       ((SELECT id FROM product WHERE code = 'P85782904066' LIMIT 1), '1개월분', 5900, 3900, 30, '600000000096',
        '10x10x5mm', '비타민D3 고함량', 6, NULL);
INSERT IGNORE INTO stock (product_variant_id, amount, updated_at, restocked_at)
VALUES ((SELECT id
         FROM product_variant
         WHERE variant_name = '3개월분'
           AND product_id = (SELECT id FROM product WHERE code = 'P85782904066' LIMIT 1)
         LIMIT 1),
        150, '2025-09-29 12:00:00', '2025-08-20 12:00:00'),
       ((SELECT id
         FROM product_variant
         WHERE variant_name = '1개월분'
           AND product_id = (SELECT id FROM product WHERE code = 'P85782904066' LIMIT 1)
         LIMIT 1),
        100, '2025-09-29 12:00:00', '2025-08-20 12:00:00');
INSERT INTO product_category (product_id, category_id)
VALUES ((SELECT id FROM product WHERE code = 'P85782904066' LIMIT 1),
        (SELECT id FROM category WHERE name = '비타민 D' LIMIT 1));
INSERT IGNORE INTO product_rank (product_id, recent_sales, updated_at)
VALUES ((SELECT id FROM product WHERE code = 'P85782904066' LIMIT 1), 1890, '2025-09-29 12:00:00');


INSERT INTO product (brand_id, name, code, description, instruction, ingredients, cautions, disclaimer,
                     sale_start_date, expiration_date, max_qty_per_order, sales, avg_rating, review_count, min_price)
VALUES ((SELECT id FROM brand WHERE name = '더리얼'),
        '더리얼 비타민D3 5000IU 성인 어린이 아기 임산부',
        'P81386103221', '더리얼 비타민D3 5000IU 성인 어린이 아기 임산부',
        '하루 1정을 식후에 섭취하세요.', '비타민 D3, 콜레칼시페롤',
        '과다섭취 시 부작용이 있을 수 있습니다.', '본 제품은 질병의 예방 및 치료를 위한 의약품이 아닙니다.',
        '2025-02-16 00:00:00', 30, 6, 1890, 4.4, 280, 14900);
INSERT INTO product_img (product_id, image_url, alt_text, sort_idx, is_primary)
VALUES ((SELECT id FROM product WHERE code = 'P81386103221' LIMIT 1),
        'https://shopping-phinf.pstatic.net/main_8138610/81386103221.1.jpg', '대표 이미지', 0, 1),
       ((SELECT id FROM product WHERE code = 'P81386103221' LIMIT 1),
        'https://shopping-phinf.pstatic.net/main_8138610/81386103221.2.jpg', '상품 상세', 1, 0),
       ((SELECT id FROM product WHERE code = 'P81386103221' LIMIT 1),
        'https://shopping-phinf.pstatic.net/main_8138610/81386103221.3.jpg', '성분 정보', 2, 0);
INSERT INTO product_variant (product_id, variant_name, list_price, sale_price, volume, upc_code, pill_size,
                             nutrition_facts, max_qty_per_order, restock_eta)
VALUES ((SELECT id FROM product WHERE code = 'P81386103221' LIMIT 1), '60정', 14900, 12900, 60, '600000000097',
        '10x10x5mm', '비타민D3 초고함량', 6, NULL),
       ((SELECT id FROM product WHERE code = 'P81386103221' LIMIT 1), '30정', 9900, 7900, 30, '600000000098',
        '10x10x5mm', '비타민D3 초고함량', 6, NULL);
INSERT IGNORE INTO stock (product_variant_id, amount, updated_at, restocked_at)
VALUES ((SELECT id
         FROM product_variant
         WHERE variant_name = '60정'
           AND product_id = (SELECT id FROM product WHERE code = 'P81386103221' LIMIT 1)
         LIMIT 1),
        120, '2025-09-29 12:00:00', '2025-08-20 12:00:00'),
       ((SELECT id
         FROM product_variant
         WHERE variant_name = '30정'
           AND product_id = (SELECT id FROM product WHERE code = 'P81386103221' LIMIT 1)
         LIMIT 1),
        80, '2025-09-29 12:00:00', '2025-08-20 12:00:00');
INSERT INTO product_category (product_id, category_id)
VALUES ((SELECT id FROM product WHERE code = 'P81386103221' LIMIT 1),
        (SELECT id FROM category WHERE name = '비타민 D' LIMIT 1));
INSERT IGNORE INTO product_rank (product_id, recent_sales, updated_at)
VALUES ((SELECT id FROM product WHERE code = 'P81386103221' LIMIT 1), 1890, '2025-09-29 12:00:00');


INSERT INTO product (brand_id, name, code, description, instruction, ingredients, cautions, disclaimer,
                     sale_start_date, expiration_date, max_qty_per_order, sales, avg_rating, review_count, min_price)
VALUES ((SELECT id FROM brand WHERE name = 'ALLBARUN'),
        'ALLBARUN 올바른 비타민D 5000IU 300mg x 180정, 1개',
        'P51929216786', 'ALLBARUN 올바른 비타민D 5000IU 300mg x 180정, 1개',
        '하루 1정을 식후에 섭취하세요.', '비타민 D3, 콜레칼시페롤',
        '과다섭취 시 부작용이 있을 수 있습니다.', '본 제품은 질병의 예방 및 치료를 위한 의약품이 아닙니다.',
        '2025-02-17 00:00:00', 30, 6, 1890, 4.2, 280, 11900);
INSERT INTO product_img (product_id, image_url, alt_text, sort_idx, is_primary)
VALUES ((SELECT id FROM product WHERE code = 'P51929216786' LIMIT 1),
        'https://shopping-phinf.pstatic.net/main_5192921/51929216786.1.jpg', '대표 이미지', 0, 1),
       ((SELECT id FROM product WHERE code = 'P51929216786' LIMIT 1),
        'https://shopping-phinf.pstatic.net/main_5192921/51929216786.2.jpg', '상품 상세', 1, 0),
       ((SELECT id FROM product WHERE code = 'P51929216786' LIMIT 1),
        'https://shopping-phinf.pstatic.net/main_5192921/51929216786.3.jpg', '성분 정보', 2, 0);
INSERT INTO product_variant (product_id, variant_name, list_price, sale_price, volume, upc_code, pill_size,
                             nutrition_facts, max_qty_per_order, restock_eta)
VALUES ((SELECT id FROM product WHERE code = 'P51929216786' LIMIT 1), '180정', 11900, 9900, 180, '600000000099',
        '10x10x5mm', '비타민D3 초고함량', 6, NULL),
       ((SELECT id FROM product WHERE code = 'P51929216786' LIMIT 1), '90정', 7900, 5900, 90, '600000000100',
        '10x10x5mm', '비타민D3 초고함량', 6, NULL);
INSERT IGNORE INTO stock (product_variant_id, amount, updated_at, restocked_at)
VALUES ((SELECT id
         FROM product_variant
         WHERE variant_name = '180정'
           AND product_id = (SELECT id FROM product WHERE code = 'P51929216786' LIMIT 1)
         LIMIT 1),
        140, '2025-09-29 12:00:00', '2025-08-20 12:00:00'),
       ((SELECT id
         FROM product_variant
         WHERE variant_name = '90정'
           AND product_id = (SELECT id FROM product WHERE code = 'P51929216786' LIMIT 1)
         LIMIT 1),
        90, '2025-09-29 12:00:00', '2025-08-20 12:00:00');
INSERT INTO product_category (product_id, category_id)
VALUES ((SELECT id FROM product WHERE code = 'P51929216786' LIMIT 1),
        (SELECT id FROM category WHERE name = '비타민 D' LIMIT 1));
INSERT IGNORE INTO product_rank (product_id, recent_sales, updated_at)
VALUES ((SELECT id FROM product WHERE code = 'P51929216786' LIMIT 1), 1890, '2025-09-29 12:00:00');


INSERT INTO product (brand_id, name, code, description, instruction, ingredients, cautions, disclaimer,
                     sale_start_date, expiration_date, max_qty_per_order, sales, avg_rating, review_count, min_price)
VALUES ((SELECT id FROM brand WHERE name = '바료랑'),
        '아기비타민D 유아 어린이 드롭 액상 비타민D3 400IU',
        'P89179871015', '아기비타민D 유아 어린이 드롭 액상 비타민D3 400IU',
        '하루 1-2방울을 섭취하세요.', '비타민 D3, 콜레칼시페롤',
        '과다섭취 시 부작용이 있을 수 있습니다.', '본 제품은 질병의 예방 및 치료를 위한 의약품이 아닙니다.',
        '2025-02-18 00:00:00', 30, 6, 1890, 4.5, 280, 19800);
INSERT INTO product_img (product_id, image_url, alt_text, sort_idx, is_primary)
VALUES ((SELECT id FROM product WHERE code = 'P89179871015' LIMIT 1),
        'https://shopping-phinf.pstatic.net/main_8917987/89179871015.1.jpg', '대표 이미지', 0, 1),
       ((SELECT id FROM product WHERE code = 'P89179871015' LIMIT 1),
        'https://shopping-phinf.pstatic.net/main_8917987/89179871015.2.jpg', '상품 상세', 1, 0),
       ((SELECT id FROM product WHERE code = 'P89179871015' LIMIT 1),
        'https://shopping-phinf.pstatic.net/main_8917987/89179871015.3.jpg', '성분 정보', 2, 0);
INSERT INTO product_variant (product_id, variant_name, list_price, sale_price, volume, upc_code, pill_size,
                             nutrition_facts, max_qty_per_order, restock_eta)
VALUES ((SELECT id FROM product WHERE code = 'P89179871015' LIMIT 1), '30ml', 19800, 17800, 30, '600000000101', '드롭',
        '비타민D3 유아용', 6, NULL),
       ((SELECT id FROM product WHERE code = 'P89179871015' LIMIT 1), '15ml', 12800, 10800, 15, '600000000102', '드롭',
        '비타민D3 유아용', 6, NULL);
INSERT IGNORE INTO stock (product_variant_id, amount, updated_at, restocked_at)
VALUES ((SELECT id
         FROM product_variant
         WHERE variant_name = '30ml'
           AND product_id = (SELECT id FROM product WHERE code = 'P89179871015' LIMIT 1)
         LIMIT 1),
        100, '2025-09-29 12:00:00', '2025-08-20 12:00:00'),
       ((SELECT id
         FROM product_variant
         WHERE variant_name = '15ml'
           AND product_id = (SELECT id FROM product WHERE code = 'P89179871015' LIMIT 1)
         LIMIT 1),
        70, '2025-09-29 12:00:00', '2025-08-20 12:00:00');
INSERT INTO product_category (product_id, category_id)
VALUES ((SELECT id FROM product WHERE code = 'P89179871015' LIMIT 1),
        (SELECT id FROM category WHERE name = '비타민 D' LIMIT 1));
INSERT IGNORE INTO product_rank (product_id, recent_sales, updated_at)
VALUES ((SELECT id FROM product WHERE code = 'P89179871015' LIMIT 1), 1890, '2025-09-29 12:00:00');


INSERT INTO product (brand_id, name, code, description, instruction, ingredients, cautions, disclaimer,
                     sale_start_date, expiration_date, max_qty_per_order, sales, avg_rating, review_count, min_price)
VALUES ((SELECT id FROM brand WHERE name = '포뉴'),
        '포뉴 비타민D 1000 450mg x 60정, 1개',
        'P51929122769', '포뉴 비타민D 1000 450mg x 60정, 1개',
        '하루 1정을 식후에 섭취하세요.', '비타민 D3, 콜레칼시페롤',
        '과다섭취 시 부작용이 있을 수 있습니다.', '본 제품은 질병의 예방 및 치료를 위한 의약품이 아닙니다.',
        '2025-02-19 00:00:00', 30, 6, 1890, 4.1, 280, 20000);
INSERT INTO product_img (product_id, image_url, alt_text, sort_idx, is_primary)
VALUES ((SELECT id FROM product WHERE code = 'P51929122769' LIMIT 1),
        'https://shopping-phinf.pstatic.net/main_5192912/51929122769.1.jpg', '대표 이미지', 0, 1),
       ((SELECT id FROM product WHERE code = 'P51929122769' LIMIT 1),
        'https://shopping-phinf.pstatic.net/main_5192912/51929122769.2.jpg', '상품 상세', 1, 0),
       ((SELECT id FROM product WHERE code = 'P51929122769' LIMIT 1),
        'https://shopping-phinf.pstatic.net/main_5192912/51929122769.3.jpg', '성분 정보', 2, 0);
INSERT INTO product_variant (product_id, variant_name, list_price, sale_price, volume, upc_code, pill_size,
                             nutrition_facts, max_qty_per_order, restock_eta)
VALUES ((SELECT id FROM product WHERE code = 'P51929122769' LIMIT 1), '60정', 20000, 18000, 60, '600000000103',
        '10x10x5mm', '비타민D3 고함량', 6, NULL),
       ((SELECT id FROM product WHERE code = 'P51929122769' LIMIT 1), '30정', 13000, 11000, 30, '600000000104',
        '10x10x5mm', '비타민D3 고함량', 6, NULL);
INSERT IGNORE INTO stock (product_variant_id, amount, updated_at, restocked_at)
VALUES ((SELECT id
         FROM product_variant
         WHERE variant_name = '60정'
           AND product_id = (SELECT id FROM product WHERE code = 'P51929122769' LIMIT 1)
         LIMIT 1),
        110, '2025-09-29 12:00:00', '2025-08-20 12:00:00'),
       ((SELECT id
         FROM product_variant
         WHERE variant_name = '30정'
           AND product_id = (SELECT id FROM product WHERE code = 'P51929122769' LIMIT 1)
         LIMIT 1),
        75, '2025-09-29 12:00:00', '2025-08-20 12:00:00');
INSERT INTO product_category (product_id, category_id)
VALUES ((SELECT id FROM product WHERE code = 'P51929122769' LIMIT 1),
        (SELECT id FROM category WHERE name = '비타민 D' LIMIT 1));
INSERT IGNORE INTO product_rank (product_id, recent_sales, updated_at)
VALUES ((SELECT id FROM product WHERE code = 'P51929122769' LIMIT 1), 1890, '2025-09-29 12:00:00');


INSERT INTO product (brand_id, name, code, description, instruction, ingredients, cautions, disclaimer,
                     sale_start_date, expiration_date, max_qty_per_order, sales, avg_rating, review_count, min_price)
VALUES ((SELECT id FROM brand WHERE name = '뉴트리모어'),
        '뉴트리모어 퓨어 비타민D 1000IU 130mg x 30캡슐, 1개',
        'P56571910806', '뉴트리모어 퓨어 비타민D 1000IU 130mg x 30캡슐, 1개',
        '하루 1캡슐을 식후에 섭취하세요.', '비타민 D3, 콜레칼시페롤',
        '과다섭취 시 부작용이 있을 수 있습니다.', '본 제품은 질병의 예방 및 치료를 위한 의약품이 아닙니다.',
        '2025-02-20 00:00:00', 30, 6, 1890, 4.3, 280, 14000);
INSERT INTO product_img (product_id, image_url, alt_text, sort_idx, is_primary)
VALUES ((SELECT id FROM product WHERE code = 'P56571910806' LIMIT 1),
        'https://shopping-phinf.pstatic.net/main_5657191/56571910806.1.jpg', '대표 이미지', 0, 1),
       ((SELECT id FROM product WHERE code = 'P56571910806' LIMIT 1),
        'https://shopping-phinf.pstatic.net/main_5657191/56571910806.2.jpg', '상품 상세', 1, 0),
       ((SELECT id FROM product WHERE code = 'P56571910806' LIMIT 1),
        'https://shopping-phinf.pstatic.net/main_5657191/56571910806.3.jpg', '성분 정보', 2, 0);
INSERT INTO product_variant (product_id, variant_name, list_price, sale_price, volume, upc_code, pill_size,
                             nutrition_facts, max_qty_per_order, restock_eta)
VALUES ((SELECT id FROM product WHERE code = 'P56571910806' LIMIT 1), '30캡슐', 14000, 12000, 30, '600000000105',
        '10x10x5mm', '비타민D3 고함량', 6, NULL),
       ((SELECT id FROM product WHERE code = 'P56571910806' LIMIT 1), '15캡슐', 9000, 7000, 15, '600000000106',
        '10x10x5mm', '비타민D3 고함량', 6, NULL);
INSERT IGNORE INTO stock (product_variant_id, amount, updated_at, restocked_at)
VALUES ((SELECT id
         FROM product_variant
         WHERE variant_name = '30캡슐'
           AND product_id = (SELECT id FROM product WHERE code = 'P56571910806' LIMIT 1)
         LIMIT 1),
        130, '2025-09-29 12:00:00', '2025-08-20 12:00:00'),
       ((SELECT id
         FROM product_variant
         WHERE variant_name = '15캡슐'
           AND product_id = (SELECT id FROM product WHERE code = 'P56571910806' LIMIT 1)
         LIMIT 1),
        85, '2025-09-29 12:00:00', '2025-08-20 12:00:00');
INSERT INTO product_category (product_id, category_id)
VALUES ((SELECT id FROM product WHERE code = 'P56571910806' LIMIT 1),
        (SELECT id FROM category WHERE name = '비타민 D' LIMIT 1));
INSERT IGNORE INTO product_rank (product_id, recent_sales, updated_at)
VALUES ((SELECT id FROM product WHERE code = 'P56571910806' LIMIT 1), 1890, '2025-09-29 12:00:00');


INSERT INTO product (brand_id, name, code, description, instruction, ingredients, cautions, disclaimer,
                     sale_start_date, expiration_date, max_qty_per_order, sales, avg_rating, review_count, min_price)
VALUES ((SELECT id FROM brand WHERE name = '고려은단'),
        '고려은단 메가도스D 비타민D3 2000IU 880mg x 90정, 1개',
        'P51929303218', '고려은단 메가도스D 비타민D3 2000IU 880mg x 90정, 1개',
        '하루 1정을 식후에 섭취하세요.', '비타민 D3, 콜레칼시페롤',
        '과다섭취 시 부작용이 있을 수 있습니다.', '본 제품은 질병의 예방 및 치료를 위한 의약품이 아닙니다.',
        '2025-02-21 00:00:00', 30, 6, 1890, 4.2, 280, 9620);
INSERT INTO product_img (product_id, image_url, alt_text, sort_idx, is_primary)
VALUES ((SELECT id FROM product WHERE code = 'P51929303218' LIMIT 1),
        'https://shopping-phinf.pstatic.net/main_5192930/51929303218.1.jpg', '대표 이미지', 0, 1),
       ((SELECT id FROM product WHERE code = 'P51929303218' LIMIT 1),
        'https://shopping-phinf.pstatic.net/main_5192930/51929303218.2.jpg', '상품 상세', 1, 0),
       ((SELECT id FROM product WHERE code = 'P51929303218' LIMIT 1),
        'https://shopping-phinf.pstatic.net/main_5192930/51929303218.3.jpg', '성분 정보', 2, 0);
INSERT INTO product_variant (product_id, variant_name, list_price, sale_price, volume, upc_code, pill_size,
                             nutrition_facts, max_qty_per_order, restock_eta)
VALUES ((SELECT id FROM product WHERE code = 'P51929303218' LIMIT 1), '90정', 9620, 7620, 90, '600000000107',
        '10x10x5mm', '비타민D3 고함량', 6, NULL),
       ((SELECT id FROM product WHERE code = 'P51929303218' LIMIT 1), '45정', 6620, 4620, 45, '600000000108',
        '10x10x5mm', '비타민D3 고함량', 6, NULL);
INSERT IGNORE INTO stock (product_variant_id, amount, updated_at, restocked_at)
VALUES ((SELECT id
         FROM product_variant
         WHERE variant_name = '90정'
           AND product_id = (SELECT id FROM product WHERE code = 'P51929303218' LIMIT 1)
         LIMIT 1),
        160, '2025-09-29 12:00:00', '2025-08-20 12:00:00'),
       ((SELECT id
         FROM product_variant
         WHERE variant_name = '45정'
           AND product_id = (SELECT id FROM product WHERE code = 'P51929303218' LIMIT 1)
         LIMIT 1),
        110, '2025-09-29 12:00:00', '2025-08-20 12:00:00');
INSERT INTO product_category (product_id, category_id)
VALUES ((SELECT id FROM product WHERE code = 'P51929303218' LIMIT 1),
        (SELECT id FROM category WHERE name = '비타민 D' LIMIT 1));
INSERT IGNORE INTO product_rank (product_id, recent_sales, updated_at)
VALUES ((SELECT id FROM product WHERE code = 'P51929303218' LIMIT 1), 1890, '2025-09-29 12:00:00');


INSERT INTO product (brand_id, name, code, description, instruction, ingredients, cautions, disclaimer,
                     sale_start_date, expiration_date, max_qty_per_order, sales, avg_rating, review_count, min_price)
VALUES ((SELECT id FROM brand WHERE name = '고려은단'),
        '고려은단 메가도스D 비타민D3 4000IU 200mg x 120정, 1개',
        'P51929363932', '고려은단 메가도스D 비타민D3 4000IU 200mg x 120정, 1개',
        '하루 1정을 식후에 섭취하세요.', '비타민 D3, 콜레칼시페롤',
        '과다섭취 시 부작용이 있을 수 있습니다.', '본 제품은 질병의 예방 및 치료를 위한 의약품이 아닙니다.',
        '2025-02-22 00:00:00', 30, 6, 1890, 4.4, 280, 11500);
INSERT INTO product_img (product_id, image_url, alt_text, sort_idx, is_primary)
VALUES ((SELECT id FROM product WHERE code = 'P51929363932' LIMIT 1),
        'https://shopping-phinf.pstatic.net/main_5192936/51929363932.1.jpg', '대표 이미지', 0, 1),
       ((SELECT id FROM product WHERE code = 'P51929363932' LIMIT 1),
        'https://shopping-phinf.pstatic.net/main_5192936/51929363932.2.jpg', '상품 상세', 1, 0),
       ((SELECT id FROM product WHERE code = 'P51929363932' LIMIT 1),
        'https://shopping-phinf.pstatic.net/main_5192936/51929363932.3.jpg', '성분 정보', 2, 0);
INSERT INTO product_variant (product_id, variant_name, list_price, sale_price, volume, upc_code, pill_size,
                             nutrition_facts, max_qty_per_order, restock_eta)
VALUES ((SELECT id FROM product WHERE code = 'P51929363932' LIMIT 1), '120정', 11500, 9500, 120, '600000000109',
        '10x10x5mm', '비타민D3 초고함량', 6, NULL),
       ((SELECT id FROM product WHERE code = 'P51929363932' LIMIT 1), '60정', 7500, 5500, 60, '600000000110',
        '10x10x5mm', '비타민D3 초고함량', 6, NULL);
INSERT IGNORE INTO stock (product_variant_id, amount, updated_at, restocked_at)
VALUES ((SELECT id
         FROM product_variant
         WHERE variant_name = '120정'
           AND product_id = (SELECT id FROM product WHERE code = 'P51929363932' LIMIT 1)
         LIMIT 1),
        120, '2025-09-29 12:00:00', '2025-08-20 12:00:00'),
       ((SELECT id
         FROM product_variant
         WHERE variant_name = '60정'
           AND product_id = (SELECT id FROM product WHERE code = 'P51929363932' LIMIT 1)
         LIMIT 1),
        80, '2025-09-29 12:00:00', '2025-08-20 12:00:00');
INSERT INTO product_category (product_id, category_id)
VALUES ((SELECT id FROM product WHERE code = 'P51929363932' LIMIT 1),
        (SELECT id FROM category WHERE name = '비타민 D' LIMIT 1));
INSERT IGNORE INTO product_rank (product_id, recent_sales, updated_at)
VALUES ((SELECT id FROM product WHERE code = 'P51929363932' LIMIT 1), 1890, '2025-09-29 12:00:00');


INSERT INTO product (brand_id, name, code, description, instruction, ingredients, cautions, disclaimer,
                     sale_start_date, expiration_date, max_qty_per_order, sales, avg_rating, review_count, min_price)
VALUES ((SELECT id FROM brand WHERE name = '닥터파이토'),
        '닥터파이토 유기농 비타민D3 300mg x 60정, 3개',
        'P54857997651', '닥터파이토 유기농 비타민D3 300mg x 60정, 3개',
        '하루 1정을 식후에 섭취하세요.', '비타민 D3, 콜레칼시페롤',
        '과다섭취 시 부작용이 있을 수 있습니다.', '본 제품은 질병의 예방 및 치료를 위한 의약품이 아닙니다.',
        '2025-02-23 00:00:00', 30, 6, 1890, 4.6, 280, 72000);
INSERT INTO product_img (product_id, image_url, alt_text, sort_idx, is_primary)
VALUES ((SELECT id FROM product WHERE code = 'P54857997651' LIMIT 1),
        'https://shopping-phinf.pstatic.net/main_5485799/54857997651.1.jpg', '대표 이미지', 0, 1),
       ((SELECT id FROM product WHERE code = 'P54857997651' LIMIT 1),
        'https://shopping-phinf.pstatic.net/main_5485799/54857997651.2.jpg', '상품 상세', 1, 0),
       ((SELECT id FROM product WHERE code = 'P54857997651' LIMIT 1),
        'https://shopping-phinf.pstatic.net/main_5485799/54857997651.3.jpg', '성분 정보', 2, 0);
INSERT INTO product_variant (product_id, variant_name, list_price, sale_price, volume, upc_code, pill_size,
                             nutrition_facts, max_qty_per_order, restock_eta)
VALUES ((SELECT id FROM product WHERE code = 'P54857997651' LIMIT 1), '3개', 72000, 70000, 3, '600000000111',
        '10x10x5mm', '유기농 비타민D3', 6, NULL),
       ((SELECT id FROM product WHERE code = 'P54857997651' LIMIT 1), '1개', 30000, 28000, 1, '600000000112',
        '10x10x5mm', '유기농 비타민D3', 6, NULL);
INSERT IGNORE INTO stock (product_variant_id, amount, updated_at, restocked_at)
VALUES ((SELECT id
         FROM product_variant
         WHERE variant_name = '3개'
           AND product_id = (SELECT id FROM product WHERE code = 'P54857997651' LIMIT 1)
         LIMIT 1),
        25, '2025-09-29 12:00:00', '2025-08-20 12:00:00'),
       ((SELECT id
         FROM product_variant
         WHERE variant_name = '1개'
           AND product_id = (SELECT id FROM product WHERE code = 'P54857997651' LIMIT 1)
         LIMIT 1),
        15, '2025-09-29 12:00:00', '2025-08-20 12:00:00');
INSERT INTO product_category (product_id, category_id)
VALUES ((SELECT id FROM product WHERE code = 'P54857997651' LIMIT 1),
        (SELECT id FROM category WHERE name = '비타민 D' LIMIT 1));
INSERT IGNORE INTO product_rank (product_id, recent_sales, updated_at)
VALUES ((SELECT id FROM product WHERE code = 'P54857997651' LIMIT 1), 1890, '2025-09-29 12:00:00');


INSERT INTO product (brand_id, name, code, description, instruction, ingredients, cautions, disclaimer,
                     sale_start_date, expiration_date, max_qty_per_order, sales, avg_rating, review_count, min_price)
VALUES ((SELECT id FROM brand WHERE name = '뉴네이처'),
        '뉴네이처 인생 비타민D3 5000IU 150mg x 180캡슐, 1개',
        'P51929470346', '뉴네이처 인생 비타민D3 5000IU 150mg x 180캡슐, 1개',
        '하루 1캡슐을 식후에 섭취하세요.', '비타민 D3, 콜레칼시페롤',
        '과다섭취 시 부작용이 있을 수 있습니다.', '본 제품은 질병의 예방 및 치료를 위한 의약품이 아닙니다.',
        '2025-02-24 00:00:00', 30, 6, 1890, 4.3, 280, 15120);
INSERT INTO product_img (product_id, image_url, alt_text, sort_idx, is_primary)
VALUES ((SELECT id FROM product WHERE code = 'P51929470346' LIMIT 1),
        'https://shopping-phinf.pstatic.net/main_5192947/51929470346.1.jpg', '대표 이미지', 0, 1),
       ((SELECT id FROM product WHERE code = 'P51929470346' LIMIT 1),
        'https://shopping-phinf.pstatic.net/main_5192947/51929470346.2.jpg', '상품 상세', 1, 0),
       ((SELECT id FROM product WHERE code = 'P51929470346' LIMIT 1),
        'https://shopping-phinf.pstatic.net/main_5192947/51929470346.3.jpg', '성분 정보', 2, 0);
INSERT INTO product_variant (product_id, variant_name, list_price, sale_price, volume, upc_code, pill_size,
                             nutrition_facts, max_qty_per_order, restock_eta)
VALUES ((SELECT id FROM product WHERE code = 'P51929470346' LIMIT 1), '180캡슐', 15120, 13120, 180, '600000000113',
        '10x10x5mm', '비타민D3 초고함량', 6, NULL),
       ((SELECT id FROM product WHERE code = 'P51929470346' LIMIT 1), '90캡슐', 10120, 81120, 90, '600000000114',
        '10x10x5mm', '비타민D3 초고함량', 6, NULL);
INSERT IGNORE INTO stock (product_variant_id, amount, updated_at, restocked_at)
VALUES ((SELECT id
         FROM product_variant
         WHERE variant_name = '180캡슐'
           AND product_id = (SELECT id FROM product WHERE code = 'P51929470346' LIMIT 1)
         LIMIT 1),
        90, '2025-09-29 12:00:00', '2025-08-20 12:00:00'),
       ((SELECT id
         FROM product_variant
         WHERE variant_name = '90캡슐'
           AND product_id = (SELECT id FROM product WHERE code = 'P51929470346' LIMIT 1)
         LIMIT 1),
        60, '2025-09-29 12:00:00', '2025-08-20 12:00:00');
INSERT INTO product_category (product_id, category_id)
VALUES ((SELECT id FROM product WHERE code = 'P51929470346' LIMIT 1),
        (SELECT id FROM category WHERE name = '비타민 D' LIMIT 1));
INSERT IGNORE INTO product_rank (product_id, recent_sales, updated_at)
VALUES ((SELECT id FROM product WHERE code = 'P51929470346' LIMIT 1), 1890, '2025-09-29 12:00:00');


INSERT IGNORE INTO brand (name)
VALUES ('퓨어팅');
INSERT IGNORE INTO brand (name)
VALUES ('써니디드롭스');
INSERT IGNORE INTO brand (name)
VALUES ('뉴트원');

INSERT INTO product (brand_id, name, code, description, instruction, ingredients, cautions, disclaimer,
                     sale_start_date, expiration_date, max_qty_per_order, sales, avg_rating, review_count, min_price)
VALUES ((SELECT id FROM brand WHERE name = '종근당건강'),
        '종근당건강 비타민D 2000IU 500mg x 90캡슐, 1개',
        'P51929496725', '종근당건강 비타민D 2000IU 500mg x 90캡슐, 1개',
        '하루 1캡슐을 식후에 섭취하세요.', '비타민 D3, 콜레칼시페롤',
        '과다섭취 시 부작용이 있을 수 있습니다.', '본 제품은 질병의 예방 및 치료를 위한 의약품이 아닙니다.',
        '2025-02-25 00:00:00', 30, 6, 1890, 4.2, 280, 10570);
INSERT INTO product_img (product_id, image_url, alt_text, sort_idx, is_primary)
VALUES ((SELECT id FROM product WHERE code = 'P51929496725' LIMIT 1),
        'https://shopping-phinf.pstatic.net/main_5192949/51929496725.1.jpg', '대표 이미지', 0, 1),
       ((SELECT id FROM product WHERE code = 'P51929496725' LIMIT 1),
        'https://shopping-phinf.pstatic.net/main_5192949/51929496725.2.jpg', '상품 상세', 1, 0),
       ((SELECT id FROM product WHERE code = 'P51929496725' LIMIT 1),
        'https://shopping-phinf.pstatic.net/main_5192949/51929496725.3.jpg', '성분 정보', 2, 0);
INSERT INTO product_variant (product_id, variant_name, list_price, sale_price, volume, upc_code, pill_size,
                             nutrition_facts, max_qty_per_order, restock_eta)
VALUES ((SELECT id FROM product WHERE code = 'P51929496725' LIMIT 1), '90캡슐', 10570, 8570, 90, '600000000115',
        '10x10x5mm', '비타민D3 고함량', 6, NULL),
       ((SELECT id FROM product WHERE code = 'P51929496725' LIMIT 1), '45캡슐', 6570, 4570, 45, '600000000116',
        '10x10x5mm', '비타민D3 고함량', 6, NULL);
INSERT IGNORE INTO stock (product_variant_id, amount, updated_at, restocked_at)
VALUES ((SELECT id
         FROM product_variant
         WHERE variant_name = '90캡슐'
           AND product_id = (SELECT id FROM product WHERE code = 'P51929496725' LIMIT 1)
         LIMIT 1),
        140, '2025-09-29 12:00:00', '2025-08-20 12:00:00'),
       ((SELECT id
         FROM product_variant
         WHERE variant_name = '45캡슐'
           AND product_id = (SELECT id FROM product WHERE code = 'P51929496725' LIMIT 1)
         LIMIT 1),
        95, '2025-09-29 12:00:00', '2025-08-20 12:00:00');
INSERT INTO product_category (product_id, category_id)
VALUES ((SELECT id FROM product WHERE code = 'P51929496725' LIMIT 1),
        (SELECT id FROM category WHERE name = '비타민 D' LIMIT 1));
INSERT IGNORE INTO product_rank (product_id, recent_sales, updated_at)
VALUES ((SELECT id FROM product WHERE code = 'P51929496725' LIMIT 1), 1890, '2025-09-29 12:00:00');


INSERT INTO product (brand_id, name, code, description, instruction, ingredients, cautions, disclaimer,
                     sale_start_date, expiration_date, max_qty_per_order, sales, avg_rating, review_count, min_price)
VALUES ((SELECT id FROM brand WHERE name = '퓨어팅'),
        '퓨어팅 비타민D 2000IU 임산부 성인 60정 비타민D3',
        'P89154046973', '퓨어팅 비타민D 2000IU 임산부 성인 60정 비타민D3',
        '하루 1정을 식후에 섭취하세요.', '비타민 D3, 콜레칼시페롤',
        '과다섭취 시 부작용이 있을 수 있습니다.', '본 제품은 질병의 예방 및 치료를 위한 의약품이 아닙니다.',
        '2025-02-26 00:00:00', 30, 6, 1890, 4.4, 280, 18900);
INSERT INTO product_img (product_id, image_url, alt_text, sort_idx, is_primary)
VALUES ((SELECT id FROM product WHERE code = 'P89154046973' LIMIT 1),
        'https://shopping-phinf.pstatic.net/main_8915404/89154046973.1.jpg', '대표 이미지', 0, 1),
       ((SELECT id FROM product WHERE code = 'P89154046973' LIMIT 1),
        'https://shopping-phinf.pstatic.net/main_8915404/89154046973.2.jpg', '상품 상세', 1, 0),
       ((SELECT id FROM product WHERE code = 'P89154046973' LIMIT 1),
        'https://shopping-phinf.pstatic.net/main_8915404/89154046973.3.jpg', '성분 정보', 2, 0);
INSERT INTO product_variant (product_id, variant_name, list_price, sale_price, volume, upc_code, pill_size,
                             nutrition_facts, max_qty_per_order, restock_eta)
VALUES ((SELECT id FROM product WHERE code = 'P89154046973' LIMIT 1), '60정', 18900, 16900, 60, '600000000117',
        '10x10x5mm', '비타민D3 고함량', 6, NULL),
       ((SELECT id FROM product WHERE code = 'P89154046973' LIMIT 1), '30정', 12900, 10900, 30, '600000000118',
        '10x10x5mm', '비타민D3 고함량', 6, NULL);
INSERT IGNORE INTO stock (product_variant_id, amount, updated_at, restocked_at)
VALUES ((SELECT id
         FROM product_variant
         WHERE variant_name = '60정'
           AND product_id = (SELECT id FROM product WHERE code = 'P89154046973' LIMIT 1)
         LIMIT 1),
        100, '2025-09-29 12:00:00', '2025-08-20 12:00:00'),
       ((SELECT id
         FROM product_variant
         WHERE variant_name = '30정'
           AND product_id = (SELECT id FROM product WHERE code = 'P89154046973' LIMIT 1)
         LIMIT 1),
        70, '2025-09-29 12:00:00', '2025-08-20 12:00:00');
INSERT INTO product_category (product_id, category_id)
VALUES ((SELECT id FROM product WHERE code = 'P89154046973' LIMIT 1),
        (SELECT id FROM category WHERE name = '비타민 D' LIMIT 1));
INSERT IGNORE INTO product_rank (product_id, recent_sales, updated_at)
VALUES ((SELECT id FROM product WHERE code = 'P89154046973' LIMIT 1), 1890, '2025-09-29 12:00:00');


INSERT INTO product (brand_id, name, code, description, instruction, ingredients, cautions, disclaimer,
                     sale_start_date, expiration_date, max_qty_per_order, sales, avg_rating, review_count, min_price)
VALUES ((SELECT id FROM brand WHERE name = '써니디드롭스'),
        '닥터써니디드롭스1000IU 에디션 비타민D3 액상비타민D 드롭 임산부 청소년 성인',
        'P82214023809', '닥터써니디드롭스1000IU 에디션 비타민D3 액상비타민D 드롭 임산부 청소년 성인',
        '하루 1-2방울을 섭취하세요.', '비타민 D3, 콜레칼시페롤',
        '과다섭취 시 부작용이 있을 수 있습니다.', '본 제품은 질병의 예방 및 치료를 위한 의약품이 아닙니다.',
        '2025-02-27 00:00:00', 30, 6, 1890, 4.6, 280, 58500);
INSERT INTO product_img (product_id, image_url, alt_text, sort_idx, is_primary)
VALUES ((SELECT id FROM product WHERE code = 'P82214023809' LIMIT 1),
        'https://shopping-phinf.pstatic.net/main_8221402/82214023809.1.jpg', '대표 이미지', 0, 1),
       ((SELECT id FROM product WHERE code = 'P82214023809' LIMIT 1),
        'https://shopping-phinf.pstatic.net/main_8221402/82214023809.2.jpg', '상품 상세', 1, 0),
       ((SELECT id FROM product WHERE code = 'P82214023809' LIMIT 1),
        'https://shopping-phinf.pstatic.net/main_8221402/82214023809.3.jpg', '성분 정보', 2, 0);
INSERT INTO product_variant (product_id, variant_name, list_price, sale_price, volume, upc_code, pill_size,
                             nutrition_facts, max_qty_per_order, restock_eta)
VALUES ((SELECT id FROM product WHERE code = 'P82214023809' LIMIT 1), '30ml', 58500, 56500, 30, '600000000119', '드롭',
        '비타민D3 액상', 6, NULL),
       ((SELECT id FROM product WHERE code = 'P82214023809' LIMIT 1), '15ml', 38500, 36500, 15, '600000000120', '드롭',
        '비타민D3 액상', 6, NULL);
INSERT IGNORE INTO stock (product_variant_id, amount, updated_at, restocked_at)
VALUES ((SELECT id
         FROM product_variant
         WHERE variant_name = '30ml'
           AND product_id = (SELECT id FROM product WHERE code = 'P82214023809' LIMIT 1)
         LIMIT 1),
        40, '2025-09-29 12:00:00', '2025-08-20 12:00:00'),
       ((SELECT id
         FROM product_variant
         WHERE variant_name = '15ml'
           AND product_id = (SELECT id FROM product WHERE code = 'P82214023809' LIMIT 1)
         LIMIT 1),
        25, '2025-09-29 12:00:00', '2025-08-20 12:00:00');
INSERT INTO product_category (product_id, category_id)
VALUES ((SELECT id FROM product WHERE code = 'P82214023809' LIMIT 1),
        (SELECT id FROM category WHERE name = '비타민 D' LIMIT 1));
INSERT IGNORE INTO product_rank (product_id, recent_sales, updated_at)
VALUES ((SELECT id FROM product WHERE code = 'P82214023809' LIMIT 1), 1890, '2025-09-29 12:00:00');


INSERT INTO product (brand_id, name, code, description, instruction, ingredients, cautions, disclaimer,
                     sale_start_date, expiration_date, max_qty_per_order, sales, avg_rating, review_count, min_price)
VALUES ((SELECT id FROM brand WHERE name = '종근당'),
        '종근당 비타민d3 2000IU 임산부 청소년 성인 온가족 3개월분',
        'P83048501113', '종근당 비타민d3 2000IU 임산부 청소년 성인 온가족 3개월분',
        '하루 1정을 식후에 섭취하세요.', '비타민 D3, 콜레칼시페롤',
        '과다섭취 시 부작용이 있을 수 있습니다.', '본 제품은 질병의 예방 및 치료를 위한 의약품이 아닙니다.',
        '2025-02-28 00:00:00', 30, 6, 1890, 4.3, 280, 10900);
INSERT INTO product_img (product_id, image_url, alt_text, sort_idx, is_primary)
VALUES ((SELECT id FROM product WHERE code = 'P83048501113' LIMIT 1),
        'https://shopping-phinf.pstatic.net/main_8304850/83048501113.1.jpg', '대표 이미지', 0, 1),
       ((SELECT id FROM product WHERE code = 'P83048501113' LIMIT 1),
        'https://shopping-phinf.pstatic.net/main_8304850/83048501113.2.jpg', '상품 상세', 1, 0),
       ((SELECT id FROM product WHERE code = 'P83048501113' LIMIT 1),
        'https://shopping-phinf.pstatic.net/main_8304850/83048501113.3.jpg', '성분 정보', 2, 0);
INSERT INTO product_variant (product_id, variant_name, list_price, sale_price, volume, upc_code, pill_size,
                             nutrition_facts, max_qty_per_order, restock_eta)
VALUES ((SELECT id FROM product WHERE code = 'P83048501113' LIMIT 1), '3개월분', 10900, 8900, 90, '600000000121',
        '10x10x5mm', '비타민D3 고함량', 6, NULL),
       ((SELECT id FROM product WHERE code = 'P83048501113' LIMIT 1), '1개월분', 5900, 3900, 30, '600000000122',
        '10x10x5mm', '비타민D3 고함량', 6, NULL);
INSERT IGNORE INTO stock (product_variant_id, amount, updated_at, restocked_at)
VALUES ((SELECT id
         FROM product_variant
         WHERE variant_name = '3개월분'
           AND product_id = (SELECT id FROM product WHERE code = 'P83048501113' LIMIT 1)
         LIMIT 1),
        130, '2025-09-29 12:00:00', '2025-08-20 12:00:00'),
       ((SELECT id
         FROM product_variant
         WHERE variant_name = '1개월분'
           AND product_id = (SELECT id FROM product WHERE code = 'P83048501113' LIMIT 1)
         LIMIT 1),
        85, '2025-09-29 12:00:00', '2025-08-20 12:00:00');
INSERT INTO product_category (product_id, category_id)
VALUES ((SELECT id FROM product WHERE code = 'P83048501113' LIMIT 1),
        (SELECT id FROM category WHERE name = '비타민 D' LIMIT 1));
INSERT IGNORE INTO product_rank (product_id, recent_sales, updated_at)
VALUES ((SELECT id FROM product WHERE code = 'P83048501113' LIMIT 1), 1890, '2025-09-29 12:00:00');


INSERT INTO product (brand_id, name, code, description, instruction, ingredients, cautions, disclaimer,
                     sale_start_date, expiration_date, max_qty_per_order, sales, avg_rating, review_count, min_price)
VALUES ((SELECT id FROM brand WHERE name = '뉴트원'),
        '뉴트원 비타민D 유기농 1000IU 300mg x 60정, 1개',
        'P51929494456', '뉴트원 비타민D 유기농 1000IU 300mg x 60정, 1개',
        '하루 1정을 식후에 섭취하세요.', '비타민 D3, 콜레칼시페롤',
        '과다섭취 시 부작용이 있을 수 있습니다.', '본 제품은 질병의 예방 및 치료를 위한 의약품이 아닙니다.',
        '2025-03-01 00:00:00', 30, 6, 1890, 4.5, 280, 21100);
INSERT INTO product_img (product_id, image_url, alt_text, sort_idx, is_primary)
VALUES ((SELECT id FROM product WHERE code = 'P51929494456' LIMIT 1),
        'https://shopping-phinf.pstatic.net/main_5192949/51929494456.1.jpg', '대표 이미지', 0, 1),
       ((SELECT id FROM product WHERE code = 'P51929494456' LIMIT 1),
        'https://shopping-phinf.pstatic.net/main_5192949/51929494456.2.jpg', '상품 상세', 1, 0),
       ((SELECT id FROM product WHERE code = 'P51929494456' LIMIT 1),
        'https://shopping-phinf.pstatic.net/main_5192949/51929494456.3.jpg', '성분 정보', 2, 0);
INSERT INTO product_variant (product_id, variant_name, list_price, sale_price, volume, upc_code, pill_size,
                             nutrition_facts, max_qty_per_order, restock_eta)
VALUES ((SELECT id FROM product WHERE code = 'P51929494456' LIMIT 1), '60정', 21100, 19100, 60, '600000000123',
        '10x10x5mm', '유기농 비타민D3', 6, NULL),
       ((SELECT id FROM product WHERE code = 'P51929494456' LIMIT 1), '30정', 14100, 12100, 30, '600000000124',
        '10x10x5mm', '유기농 비타민D3', 6, NULL);
INSERT IGNORE INTO stock (product_variant_id, amount, updated_at, restocked_at)
VALUES ((SELECT id
         FROM product_variant
         WHERE variant_name = '60정'
           AND product_id = (SELECT id FROM product WHERE code = 'P51929494456' LIMIT 1)
         LIMIT 1),
        80, '2025-09-29 12:00:00', '2025-08-20 12:00:00'),
       ((SELECT id
         FROM product_variant
         WHERE variant_name = '30정'
           AND product_id = (SELECT id FROM product WHERE code = 'P51929494456' LIMIT 1)
         LIMIT 1),
        55, '2025-09-29 12:00:00', '2025-08-20 12:00:00');
INSERT INTO product_category (product_id, category_id)
VALUES ((SELECT id FROM product WHERE code = 'P51929494456' LIMIT 1),
        (SELECT id FROM category WHERE name = '비타민 D' LIMIT 1));
INSERT IGNORE INTO product_rank (product_id, recent_sales, updated_at)
VALUES ((SELECT id FROM product WHERE code = 'P51929494456' LIMIT 1), 1890, '2025-09-29 12:00:00');


INSERT IGNORE INTO brand (name)
VALUES ('JW중외제약');
INSERT IGNORE INTO brand (name)
VALUES ('닥터린');
INSERT IGNORE INTO brand (name)
VALUES ('닥터스베스트');
INSERT IGNORE INTO brand (name)
VALUES ('NOW');
INSERT IGNORE INTO brand (name)
VALUES ('비타플랜');

INSERT INTO product (brand_id, name, code, description, instruction, ingredients, cautions, disclaimer,
                     sale_start_date, expiration_date, max_qty_per_order, sales, avg_rating, review_count, min_price)
VALUES ((SELECT id FROM brand WHERE name = '아임비타'),
        '종근당건강 아임비타 앰플 멀티비타민 이뮨샷 선물세트 20개입, 1개',
        'P88808819064', '종근당건강 아임비타 앰플 멀티비타민 이뮨샷 선물세트 20개입, 1개',
        '하루 1개를 식후에 섭취하세요.', '비타민 A, C, D, E, B군, 아연, 마그네슘, 셀레늄',
        '과다섭취 시 부작용이 있을 수 있습니다.', '본 제품은 질병의 예방 및 치료를 위한 의약품이 아닙니다.',
        '2025-03-02 00:00:00', 30, 6, 1890, 4.5, 280, 51000);
INSERT INTO product_img (product_id, image_url, alt_text, sort_idx, is_primary)
VALUES ((SELECT id FROM product WHERE code = 'P88808819064' LIMIT 1),
        'https://shopping-phinf.pstatic.net/main_8880881/88808819064.1.jpg', '대표 이미지', 0, 1),
       ((SELECT id FROM product WHERE code = 'P88808819064' LIMIT 1),
        'https://shopping-phinf.pstatic.net/main_8880881/88808819064.2.jpg', '상품 상세', 1, 0),
       ((SELECT id FROM product WHERE code = 'P88808819064' LIMIT 1),
        'https://shopping-phinf.pstatic.net/main_8880881/88808819064.3.jpg', '성분 정보', 2, 0);
INSERT INTO product_variant (product_id, variant_name, list_price, sale_price, volume, upc_code, pill_size,
                             nutrition_facts, max_qty_per_order, restock_eta)
VALUES ((SELECT id FROM product WHERE code = 'P88808819064' LIMIT 1), '20개입', 51000, 49000, 20, '600000000125', '액상',
        '멀티비타민 이뮨샷', 6, NULL),
       ((SELECT id FROM product WHERE code = 'P88808819064' LIMIT 1), '10개입', 31000, 29000, 10, '600000000126', '액상',
        '멀티비타민 이뮨샷', 6, NULL);
INSERT IGNORE INTO stock (product_variant_id, amount, updated_at, restocked_at)
VALUES ((SELECT id
         FROM product_variant
         WHERE variant_name = '20개입'
           AND product_id = (SELECT id FROM product WHERE code = 'P88808819064' LIMIT 1)
         LIMIT 1),
        50, '2025-09-29 12:00:00', '2025-08-20 12:00:00'),
       ((SELECT id
         FROM product_variant
         WHERE variant_name = '10개입'
           AND product_id = (SELECT id FROM product WHERE code = 'P88808819064' LIMIT 1)
         LIMIT 1),
        30, '2025-09-29 12:00:00', '2025-08-20 12:00:00');
INSERT INTO product_category (product_id, category_id)
VALUES ((SELECT id FROM product WHERE code = 'P88808819064' LIMIT 1),
        (SELECT id FROM category WHERE name = '비타민 E' LIMIT 1));
INSERT IGNORE INTO product_rank (product_id, recent_sales, updated_at)
VALUES ((SELECT id FROM product WHERE code = 'P88808819064' LIMIT 1), 1890, '2025-09-29 12:00:00');


INSERT INTO product (brand_id, name, code, description, instruction, ingredients, cautions, disclaimer,
                     sale_start_date, expiration_date, max_qty_per_order, sales, avg_rating, review_count, min_price)
VALUES ((SELECT id FROM brand WHERE name = 'JW중외제약'),
        '비오팜 JW중외제약 메나퀴논 MK7 비타민K2 180ug 영양제 500mg x 30정, 1개',
        'P56331375708', '비오팜 JW중외제약 메나퀴논 MK7 비타민K2 180ug 영양제 500mg x 30정, 1개',
        '하루 1정을 식후에 섭취하세요.', '비타민 K2, 메나퀴논 MK-7',
        '과다섭취 시 부작용이 있을 수 있습니다.', '본 제품은 질병의 예방 및 치료를 위한 의약품이 아닙니다.',
        '2025-03-03 00:00:00', 30, 6, 1890, 4.2, 280, 11800);
INSERT INTO product_img (product_id, image_url, alt_text, sort_idx, is_primary)
VALUES ((SELECT id FROM product WHERE code = 'P56331375708' LIMIT 1),
        'https://shopping-phinf.pstatic.net/main_5633137/56331375708.1.jpg', '대표 이미지', 0, 1),
       ((SELECT id FROM product WHERE code = 'P56331375708' LIMIT 1),
        'https://shopping-phinf.pstatic.net/main_5633137/56331375708.2.jpg', '상품 상세', 1, 0),
       ((SELECT id FROM product WHERE code = 'P56331375708' LIMIT 1),
        'https://shopping-phinf.pstatic.net/main_5633137/56331375708.3.jpg', '성분 정보', 2, 0);
INSERT INTO product_variant (product_id, variant_name, list_price, sale_price, volume, upc_code, pill_size,
                             nutrition_facts, max_qty_per_order, restock_eta)
VALUES ((SELECT id FROM product WHERE code = 'P56331375708' LIMIT 1), '30정', 11800, 9800, 30, '600000000127',
        '10x10x5mm', '비타민K2 메나퀴논', 6, NULL),
       ((SELECT id FROM product WHERE code = 'P56331375708' LIMIT 1), '15정', 7800, 5800, 15, '600000000128',
        '10x10x5mm', '비타민K2 메나퀴논', 6, NULL);
INSERT IGNORE INTO stock (product_variant_id, amount, updated_at, restocked_at)
VALUES ((SELECT id
         FROM product_variant
         WHERE variant_name = '30정'
           AND product_id = (SELECT id FROM product WHERE code = 'P56331375708' LIMIT 1)
         LIMIT 1),
        120, '2025-09-29 12:00:00', '2025-08-20 12:00:00'),
       ((SELECT id
         FROM product_variant
         WHERE variant_name = '15정'
           AND product_id = (SELECT id FROM product WHERE code = 'P56331375708' LIMIT 1)
         LIMIT 1),
        80, '2025-09-29 12:00:00', '2025-08-20 12:00:00');
INSERT INTO product_category (product_id, category_id)
VALUES ((SELECT id FROM product WHERE code = 'P56331375708' LIMIT 1),
        (SELECT id FROM category WHERE name = '비타민 K' LIMIT 1));
INSERT IGNORE INTO product_rank (product_id, recent_sales, updated_at)
VALUES ((SELECT id FROM product WHERE code = 'P56331375708' LIMIT 1), 1890, '2025-09-29 12:00:00');


INSERT INTO product (brand_id, name, code, description, instruction, ingredients, cautions, disclaimer,
                     sale_start_date, expiration_date, max_qty_per_order, sales, avg_rating, review_count, min_price)
VALUES ((SELECT id FROM brand WHERE name = '영롱'),
        '3+1 영롱 세이프 비타민K2+칼슘 약사설계 [MK7 메나퀴논]120mcg 비타민케이2',
        'P88437782579', '3+1 영롱 세이프 비타민K2+칼슘 약사설계 [MK7 메나퀴논]120mcg 비타민케이2',
        '하루 1정을 식후에 섭취하세요.', '비타민 K2, 메나퀴논 MK-7, 칼슘',
        '과다섭취 시 부작용이 있을 수 있습니다.', '본 제품은 질병의 예방 및 치료를 위한 의약품이 아닙니다.',
        '2025-03-04 00:00:00', 30, 6, 1890, 4.6, 280, 59700);
INSERT INTO product_img (product_id, image_url, alt_text, sort_idx, is_primary)
VALUES ((SELECT id FROM product WHERE code = 'P88437782579' LIMIT 1),
        'https://shopping-phinf.pstatic.net/main_8843778/88437782579.1.jpg', '대표 이미지', 0, 1),
       ((SELECT id FROM product WHERE code = 'P88437782579' LIMIT 1),
        'https://shopping-phinf.pstatic.net/main_8843778/88437782579.2.jpg', '상품 상세', 1, 0),
       ((SELECT id FROM product WHERE code = 'P88437782579' LIMIT 1),
        'https://shopping-phinf.pstatic.net/main_8843778/88437782579.3.jpg', '성분 정보', 2, 0);
INSERT INTO product_variant (product_id, variant_name, list_price, sale_price, volume, upc_code, pill_size,
                             nutrition_facts, max_qty_per_order, restock_eta)
VALUES ((SELECT id FROM product WHERE code = 'P88437782579' LIMIT 1), '4개', 59700, 57700, 4, '600000000129',
        '10x10x5mm', '비타민K2+칼슘', 6, NULL),
       ((SELECT id FROM product WHERE code = 'P88437782579' LIMIT 1), '2개', 39700, 37700, 2, '600000000130',
        '10x10x5mm', '비타민K2+칼슘', 6, NULL);
INSERT IGNORE INTO stock (product_variant_id, amount, updated_at, restocked_at)
VALUES ((SELECT id
         FROM product_variant
         WHERE variant_name = '4개'
           AND product_id = (SELECT id FROM product WHERE code = 'P88437782579' LIMIT 1)
         LIMIT 1),
        35, '2025-09-29 12:00:00', '2025-08-20 12:00:00'),
       ((SELECT id
         FROM product_variant
         WHERE variant_name = '2개'
           AND product_id = (SELECT id FROM product WHERE code = 'P88437782579' LIMIT 1)
         LIMIT 1),
        25, '2025-09-29 12:00:00', '2025-08-20 12:00:00');
INSERT INTO product_category (product_id, category_id)
VALUES ((SELECT id FROM product WHERE code = 'P88437782579' LIMIT 1),
        (SELECT id FROM category WHERE name = '비타민 K' LIMIT 1));
INSERT IGNORE INTO product_rank (product_id, recent_sales, updated_at)
VALUES ((SELECT id FROM product WHERE code = 'P88437782579' LIMIT 1), 1890, '2025-09-29 12:00:00');


INSERT INTO product (brand_id, name, code, description, instruction, ingredients, cautions, disclaimer,
                     sale_start_date, expiration_date, max_qty_per_order, sales, avg_rating, review_count, min_price)
VALUES ((SELECT id FROM brand WHERE name = '닥터린'),
        '닥터린 초임계 비타민K2 & D3 프리미엄  30정  1개',
        'P55857652655', '닥터린 초임계 비타민K2 & D3 프리미엄  30정  1개',
        '하루 1정을 식후에 섭취하세요.', '비타민 K2, 비타민 D3, 메나퀴논 MK-7',
        '과다섭취 시 부작용이 있을 수 있습니다.', '본 제품은 질병의 예방 및 치료를 위한 의약품이 아닙니다.',
        '2025-03-05 00:00:00', 30, 6, 1890, 4.3, 280, 12180);
INSERT INTO product_img (product_id, image_url, alt_text, sort_idx, is_primary)
VALUES ((SELECT id FROM product WHERE code = 'P55857652655' LIMIT 1),
        'https://shopping-phinf.pstatic.net/main_5585765/55857652655.1.jpg', '대표 이미지', 0, 1),
       ((SELECT id FROM product WHERE code = 'P55857652655' LIMIT 1),
        'https://shopping-phinf.pstatic.net/main_5585765/55857652655.2.jpg', '상품 상세', 1, 0),
       ((SELECT id FROM product WHERE code = 'P55857652655' LIMIT 1),
        'https://shopping-phinf.pstatic.net/main_5585765/55857652655.3.jpg', '성분 정보', 2, 0);
INSERT INTO product_variant (product_id, variant_name, list_price, sale_price, volume, upc_code, pill_size,
                             nutrition_facts, max_qty_per_order, restock_eta)
VALUES ((SELECT id FROM product WHERE code = 'P55857652655' LIMIT 1), '30정', 12180, 10180, 30, '600000000131',
        '10x10x5mm', '비타민K2+D3', 6, NULL),
       ((SELECT id FROM product WHERE code = 'P55857652655' LIMIT 1), '15정', 8180, 6180, 15, '600000000132',
        '10x10x5mm', '비타민K2+D3', 6, NULL);
INSERT IGNORE INTO stock (product_variant_id, amount, updated_at, restocked_at)
VALUES ((SELECT id
         FROM product_variant
         WHERE variant_name = '30정'
           AND product_id = (SELECT id FROM product WHERE code = 'P55857652655' LIMIT 1)
         LIMIT 1),
        100, '2025-09-29 12:00:00', '2025-08-20 12:00:00'),
       ((SELECT id
         FROM product_variant
         WHERE variant_name = '15정'
           AND product_id = (SELECT id FROM product WHERE code = 'P55857652655' LIMIT 1)
         LIMIT 1),
        70, '2025-09-29 12:00:00', '2025-08-20 12:00:00');
INSERT INTO product_category (product_id, category_id)
VALUES ((SELECT id FROM product WHERE code = 'P55857652655' LIMIT 1),
        (SELECT id FROM category WHERE name = '비타민 K' LIMIT 1));
INSERT IGNORE INTO product_rank (product_id, recent_sales, updated_at)
VALUES ((SELECT id FROM product WHERE code = 'P55857652655' LIMIT 1), 1890, '2025-09-29 12:00:00');


INSERT INTO product (brand_id, name, code, description, instruction, ingredients, cautions, disclaimer,
                     sale_start_date, expiration_date, max_qty_per_order, sales, avg_rating, review_count, min_price)
VALUES ((SELECT id FROM brand WHERE name = '닥터스베스트'),
        '닥터스베스트 내추럴 비타민 K2 MK-7 100mcg 베지 캡  60정  1개',
        'P49740164154', '닥터스베스트 내추럴 비타민 K2 MK-7 100mcg 베지 캡  60정  1개',
        '하루 1캡슐을 식후에 섭취하세요.', '비타민 K2, 메나퀴논 MK-7',
        '과다섭취 시 부작용이 있을 수 있습니다.', '본 제품은 질병의 예방 및 치료를 위한 의약품이 아닙니다.',
        '2025-03-06 00:00:00', 30, 6, 1890, 4.4, 280, 18330);
INSERT INTO product_img (product_id, image_url, alt_text, sort_idx, is_primary)
VALUES ((SELECT id FROM product WHERE code = 'P49740164154' LIMIT 1),
        'https://shopping-phinf.pstatic.net/main_4974016/49740164154.1.jpg', '대표 이미지', 0, 1),
       ((SELECT id FROM product WHERE code = 'P49740164154' LIMIT 1),
        'https://shopping-phinf.pstatic.net/main_4974016/49740164154.2.jpg', '상품 상세', 1, 0),
       ((SELECT id FROM product WHERE code = 'P49740164154' LIMIT 1),
        'https://shopping-phinf.pstatic.net/main_4974016/49740164154.3.jpg', '성분 정보', 2, 0);
INSERT INTO product_variant (product_id, variant_name, list_price, sale_price, volume, upc_code, pill_size,
                             nutrition_facts, max_qty_per_order, restock_eta)
VALUES ((SELECT id FROM product WHERE code = 'P49740164154' LIMIT 1), '60정', 18330, 16330, 60, '600000000133',
        '10x10x5mm', '비타민K2 메나퀴논', 6, NULL),
       ((SELECT id FROM product WHERE code = 'P49740164154' LIMIT 1), '30정', 12330, 10330, 30, '600000000134',
        '10x10x5mm', '비타민K2 메나퀴논', 6, NULL);
INSERT IGNORE INTO stock (product_variant_id, amount, updated_at, restocked_at)
VALUES ((SELECT id
         FROM product_variant
         WHERE variant_name = '60정'
           AND product_id = (SELECT id FROM product WHERE code = 'P49740164154' LIMIT 1)
         LIMIT 1),
        80, '2025-09-29 12:00:00', '2025-08-20 12:00:00'),
       ((SELECT id
         FROM product_variant
         WHERE variant_name = '30정'
           AND product_id = (SELECT id FROM product WHERE code = 'P49740164154' LIMIT 1)
         LIMIT 1),
        55, '2025-09-29 12:00:00', '2025-08-20 12:00:00');
INSERT INTO product_category (product_id, category_id)
VALUES ((SELECT id FROM product WHERE code = 'P49740164154' LIMIT 1),
        (SELECT id FROM category WHERE name = '비타민 K' LIMIT 1));
INSERT IGNORE INTO product_rank (product_id, recent_sales, updated_at)
VALUES ((SELECT id FROM product WHERE code = 'P49740164154' LIMIT 1), 1890, '2025-09-29 12:00:00');


INSERT INTO product (brand_id, name, code, description, instruction, ingredients, cautions, disclaimer,
                     sale_start_date, expiration_date, max_qty_per_order, sales, avg_rating, review_count, min_price)
VALUES ((SELECT id FROM brand WHERE name = 'NOW'),
        '나우푸드 비타민 K-2 100mcg 베지 캡슐  100정  1개',
        'P49655566512', '나우푸드 비타민 K-2 100mcg 베지 캡슐  100정  1개',
        '하루 1캡슐을 식후에 섭취하세요.', '비타민 K2, 메나퀴논 MK-7',
        '과다섭취 시 부작용이 있을 수 있습니다.', '본 제품은 질병의 예방 및 치료를 위한 의약품이 아닙니다.',
        '2025-03-07 00:00:00', 30, 6, 1890, 4.1, 280, 11910);
INSERT INTO product_img (product_id, image_url, alt_text, sort_idx, is_primary)
VALUES ((SELECT id FROM product WHERE code = 'P49655566512' LIMIT 1),
        'https://shopping-phinf.pstatic.net/main_4965556/49655566512.1.jpg', '대표 이미지', 0, 1),
       ((SELECT id FROM product WHERE code = 'P49655566512' LIMIT 1),
        'https://shopping-phinf.pstatic.net/main_4965556/49655566512.2.jpg', '상품 상세', 1, 0),
       ((SELECT id FROM product WHERE code = 'P49655566512' LIMIT 1),
        'https://shopping-phinf.pstatic.net/main_4965556/49655566512.3.jpg', '성분 정보', 2, 0);
INSERT INTO product_variant (product_id, variant_name, list_price, sale_price, volume, upc_code, pill_size,
                             nutrition_facts, max_qty_per_order, restock_eta)
VALUES ((SELECT id FROM product WHERE code = 'P49655566512' LIMIT 1), '100정', 11910, 9910, 100, '600000000135',
        '10x10x5mm', '비타민K2 메나퀴논', 6, NULL),
       ((SELECT id FROM product WHERE code = 'P49655566512' LIMIT 1), '50정', 7910, 5910, 50, '600000000136',
        '10x10x5mm', '비타민K2 메나퀴논', 6, NULL);
INSERT IGNORE INTO stock (product_variant_id, amount, updated_at, restocked_at)
VALUES ((SELECT id
         FROM product_variant
         WHERE variant_name = '100정'
           AND product_id = (SELECT id FROM product WHERE code = 'P49655566512' LIMIT 1)
         LIMIT 1),
        90, '2025-09-29 12:00:00', '2025-08-20 12:00:00'),
       ((SELECT id
         FROM product_variant
         WHERE variant_name = '50정'
           AND product_id = (SELECT id FROM product WHERE code = 'P49655566512' LIMIT 1)
         LIMIT 1),
        60, '2025-09-29 12:00:00', '2025-08-20 12:00:00');
INSERT INTO product_category (product_id, category_id)
VALUES ((SELECT id FROM product WHERE code = 'P49655566512' LIMIT 1),
        (SELECT id FROM category WHERE name = '비타민 K' LIMIT 1));
INSERT IGNORE INTO product_rank (product_id, recent_sales, updated_at)
VALUES ((SELECT id FROM product WHERE code = 'P49655566512' LIMIT 1), 1890, '2025-09-29 12:00:00');


INSERT INTO product (brand_id, name, code, description, instruction, ingredients, cautions, disclaimer,
                     sale_start_date, expiration_date, max_qty_per_order, sales, avg_rating, review_count, min_price)
VALUES ((SELECT id FROM brand WHERE name = '기타'),
        '비타민K2 영양제 비타민D3 메나퀴논 MK-7 K2D3 60정, 1개',
        'P89641910485', '비타민K2 영양제 비타민D3 메나퀴논 MK-7 K2D3 60정, 1개',
        '하루 1정을 식후에 섭취하세요.', '비타민 K2, 비타민 D3, 메나퀴논 MK-7',
        '과다섭취 시 부작용이 있을 수 있습니다.', '본 제품은 질병의 예방 및 치료를 위한 의약품이 아닙니다.',
        '2025-03-08 00:00:00', 30, 6, 1890, 4.0, 280, 9900);
INSERT INTO product_img (product_id, image_url, alt_text, sort_idx, is_primary)
VALUES ((SELECT id FROM product WHERE code = 'P89641910485' LIMIT 1),
        'https://shopping-phinf.pstatic.net/main_8964191/89641910485.1.jpg', '대표 이미지', 0, 1),
       ((SELECT id FROM product WHERE code = 'P89641910485' LIMIT 1),
        'https://shopping-phinf.pstatic.net/main_8964191/89641910485.2.jpg', '상품 상세', 1, 0),
       ((SELECT id FROM product WHERE code = 'P89641910485' LIMIT 1),
        'https://shopping-phinf.pstatic.net/main_8964191/89641910485.3.jpg', '성분 정보', 2, 0);
INSERT INTO product_variant (product_id, variant_name, list_price, sale_price, volume, upc_code, pill_size,
                             nutrition_facts, max_qty_per_order, restock_eta)
VALUES ((SELECT id FROM product WHERE code = 'P89641910485' LIMIT 1), '60정', 9900, 7900, 60, '600000000137',
        '10x10x5mm', '비타민K2+D3', 6, NULL),
       ((SELECT id FROM product WHERE code = 'P89641910485' LIMIT 1), '30정', 6900, 4900, 30, '600000000138',
        '10x10x5mm', '비타민K2+D3', 6, NULL);
INSERT IGNORE INTO stock (product_variant_id, amount, updated_at, restocked_at)
VALUES ((SELECT id
         FROM product_variant
         WHERE variant_name = '60정'
           AND product_id = (SELECT id FROM product WHERE code = 'P89641910485' LIMIT 1)
         LIMIT 1),
        150, '2025-09-29 12:00:00', '2025-08-20 12:00:00'),
       ((SELECT id
         FROM product_variant
         WHERE variant_name = '30정'
           AND product_id = (SELECT id FROM product WHERE code = 'P89641910485' LIMIT 1)
         LIMIT 1),
        100, '2025-09-29 12:00:00', '2025-08-20 12:00:00');
INSERT INTO product_category (product_id, category_id)
VALUES ((SELECT id FROM product WHERE code = 'P89641910485' LIMIT 1),
        (SELECT id FROM category WHERE name = '비타민 K' LIMIT 1));
INSERT IGNORE INTO product_rank (product_id, recent_sales, updated_at)
VALUES ((SELECT id FROM product WHERE code = 'P89641910485' LIMIT 1), 1890, '2025-09-29 12:00:00');


INSERT INTO product (brand_id, name, code, description, instruction, ingredients, cautions, disclaimer,
                     sale_start_date, expiration_date, max_qty_per_order, sales, avg_rating, review_count, min_price)
VALUES ((SELECT id FROM brand WHERE name = '닥터린'),
        '닥터린 초임계 비타민k2 300mg 30정 3박스  3개',
        'P53914690333', '닥터린 초임계 비타민k2 300mg 30정 3박스  3개',
        '하루 1정을 식후에 섭취하세요.', '비타민 K2, 메나퀴논 MK-7',
        '과다섭취 시 부작용이 있을 수 있습니다.', '본 제품은 질병의 예방 및 치료를 위한 의약품이 아닙니다.',
        '2025-03-09 00:00:00', 30, 6, 1890, 4.5, 280, 26220);
INSERT INTO product_img (product_id, image_url, alt_text, sort_idx, is_primary)
VALUES ((SELECT id FROM product WHERE code = 'P53914690333' LIMIT 1),
        'https://shopping-phinf.pstatic.net/main_5391469/53914690333.1.jpg', '대표 이미지', 0, 1),
       ((SELECT id FROM product WHERE code = 'P53914690333' LIMIT 1),
        'https://shopping-phinf.pstatic.net/main_5391469/53914690333.2.jpg', '상품 상세', 1, 0),
       ((SELECT id FROM product WHERE code = 'P53914690333' LIMIT 1),
        'https://shopping-phinf.pstatic.net/main_5391469/53914690333.3.jpg', '성분 정보', 2, 0);
INSERT INTO product_variant (product_id, variant_name, list_price, sale_price, volume, upc_code, pill_size,
                             nutrition_facts, max_qty_per_order, restock_eta)
VALUES ((SELECT id FROM product WHERE code = 'P53914690333' LIMIT 1), '3박스', 26220, 24220, 3, '600000000139',
        '10x10x5mm', '비타민K2 고함량', 6, NULL),
       ((SELECT id FROM product WHERE code = 'P53914690333' LIMIT 1), '1박스', 11220, 9220, 1, '600000000140',
        '10x10x5mm', '비타민K2 고함량', 6, NULL);
INSERT IGNORE INTO stock (product_variant_id, amount, updated_at, restocked_at)
VALUES ((SELECT id
         FROM product_variant
         WHERE variant_name = '3박스'
           AND product_id = (SELECT id FROM product WHERE code = 'P53914690333' LIMIT 1)
         LIMIT 1),
        40, '2025-09-29 12:00:00', '2025-08-20 12:00:00'),
       ((SELECT id
         FROM product_variant
         WHERE variant_name = '1박스'
           AND product_id = (SELECT id FROM product WHERE code = 'P53914690333' LIMIT 1)
         LIMIT 1),
        25, '2025-09-29 12:00:00', '2025-08-20 12:00:00');
INSERT INTO product_category (product_id, category_id)
VALUES ((SELECT id FROM product WHERE code = 'P53914690333' LIMIT 1),
        (SELECT id FROM category WHERE name = '비타민 K' LIMIT 1));
INSERT IGNORE INTO product_rank (product_id, recent_sales, updated_at)
VALUES ((SELECT id FROM product WHERE code = 'P53914690333' LIMIT 1), 1890, '2025-09-29 12:00:00');


INSERT IGNORE INTO brand (name)
VALUES ('엔썸잇');
INSERT IGNORE INTO brand (name)
VALUES ('GNC');
INSERT IGNORE INTO brand (name)
VALUES ('다주자마켓');
INSERT IGNORE INTO brand (name)
VALUES ('드림 몰');
INSERT IGNORE INTO brand (name)
VALUES ('예스타r');
INSERT IGNORE INTO brand (name)
VALUES ('스완슨');
INSERT IGNORE INTO brand (name)
VALUES ('오리진');


INSERT INTO product (brand_id, name, code, description, instruction, ingredients, cautions, disclaimer,
                     sale_start_date, expiration_date, max_qty_per_order, sales, avg_rating, review_count, min_price)
VALUES ((SELECT id FROM brand WHERE name = '영롱'),
        '[평점4.8] 영롱 세이프 비타민K2+칼슘 약사설계 [MK7 메나퀴논]120mcg 효능',
        'P88437738531', '[평점4.8] 영롱 세이프 비타민K2+칼슘 약사설계 [MK7 메나퀴논]120mcg 효능',
        '하루 1정을 식후에 섭취하세요.', '비타민 K2, 메나퀴논 MK-7, 칼슘',
        '과다섭취 시 부작용이 있을 수 있습니다.', '본 제품은 질병의 예방 및 치료를 위한 의약품이 아닙니다.',
        '2025-03-10 00:00:00', 30, 6, 1890, 4.8, 280, 19900);
INSERT INTO product_img (product_id, image_url, alt_text, sort_idx, is_primary)
VALUES ((SELECT id FROM product WHERE code = 'P88437738531' LIMIT 1),
        'https://shopping-phinf.pstatic.net/main_8843773/88437738531.1.jpg', '대표 이미지', 0, 1),
       ((SELECT id FROM product WHERE code = 'P88437738531' LIMIT 1),
        'https://shopping-phinf.pstatic.net/main_8843773/88437738531.2.jpg', '상품 상세', 1, 0),
       ((SELECT id FROM product WHERE code = 'P88437738531' LIMIT 1),
        'https://shopping-phinf.pstatic.net/main_8843773/88437738531.3.jpg', '성분 정보', 2, 0);
INSERT INTO product_variant (product_id, variant_name, list_price, sale_price, volume, upc_code, pill_size,
                             nutrition_facts, max_qty_per_order, restock_eta)
VALUES ((SELECT id FROM product WHERE code = 'P88437738531' LIMIT 1), '60정', 19900, 17900, 60, '600000000141',
        '10x10x5mm', '비타민K2+칼슘', 6, NULL),
       ((SELECT id FROM product WHERE code = 'P88437738531' LIMIT 1), '30정', 12900, 10900, 30, '600000000142',
        '10x10x5mm', '비타민K2+칼슘', 6, NULL);
INSERT IGNORE INTO stock (product_variant_id, amount, updated_at, restocked_at)
VALUES ((SELECT id
         FROM product_variant
         WHERE variant_name = '60정'
           AND product_id = (SELECT id FROM product WHERE code = 'P88437738531' LIMIT 1)
         LIMIT 1),
        110, '2025-09-29 12:00:00', '2025-08-20 12:00:00'),
       ((SELECT id
         FROM product_variant
         WHERE variant_name = '30정'
           AND product_id = (SELECT id FROM product WHERE code = 'P88437738531' LIMIT 1)
         LIMIT 1),
        75, '2025-09-29 12:00:00', '2025-08-20 12:00:00');
INSERT INTO product_category (product_id, category_id)
VALUES ((SELECT id FROM product WHERE code = 'P88437738531' LIMIT 1),
        (SELECT id FROM category WHERE name = '비타민 K' LIMIT 1));
INSERT IGNORE INTO product_rank (product_id, recent_sales, updated_at)
VALUES ((SELECT id FROM product WHERE code = 'P88437738531' LIMIT 1), 1890, '2025-09-29 12:00:00');


INSERT INTO product (brand_id, name, code, description, instruction, ingredients, cautions, disclaimer,
                     sale_start_date, expiration_date, max_qty_per_order, sales, avg_rating, review_count, min_price)
VALUES ((SELECT id FROM brand WHERE name = '닥터스베스트'),
        '닥터스베스트 내추럴 비타민 K2 MK-7 45mcg 베지 캡  180정  1개',
        'P49792688046', '닥터스베스트 내추럴 비타민 K2 MK-7 45mcg 베지 캡  180정  1개',
        '하루 1캡슐을 식후에 섭취하세요.', '비타민 K2, 메나퀴논 MK-7',
        '과다섭취 시 부작용이 있을 수 있습니다.', '본 제품은 질병의 예방 및 치료를 위한 의약품이 아닙니다.',
        '2025-03-11 00:00:00', 30, 6, 1890, 4.3, 280, 33760);
INSERT INTO product_img (product_id, image_url, alt_text, sort_idx, is_primary)
VALUES ((SELECT id FROM product WHERE code = 'P49792688046' LIMIT 1),
        'https://shopping-phinf.pstatic.net/main_4979268/49792688046.1.jpg', '대표 이미지', 0, 1),
       ((SELECT id FROM product WHERE code = 'P49792688046' LIMIT 1),
        'https://shopping-phinf.pstatic.net/main_4979268/49792688046.2.jpg', '상품 상세', 1, 0),
       ((SELECT id FROM product WHERE code = 'P49792688046' LIMIT 1),
        'https://shopping-phinf.pstatic.net/main_4979268/49792688046.3.jpg', '성분 정보', 2, 0);
INSERT INTO product_variant (product_id, variant_name, list_price, sale_price, volume, upc_code, pill_size,
                             nutrition_facts, max_qty_per_order, restock_eta)
VALUES ((SELECT id FROM product WHERE code = 'P49792688046' LIMIT 1), '180정', 33760, 31760, 180, '600000000143',
        '10x10x5mm', '비타민K2 메나퀴논', 6, NULL),
       ((SELECT id FROM product WHERE code = 'P49792688046' LIMIT 1), '90정', 21760, 19760, 90, '600000000144',
        '10x10x5mm', '비타민K2 메나퀴논', 6, NULL);
INSERT IGNORE INTO stock (product_variant_id, amount, updated_at, restocked_at)
VALUES ((SELECT id
         FROM product_variant
         WHERE variant_name = '180정'
           AND product_id = (SELECT id FROM product WHERE code = 'P49792688046' LIMIT 1)
         LIMIT 1),
        60, '2025-09-29 12:00:00', '2025-08-20 12:00:00'),
       ((SELECT id
         FROM product_variant
         WHERE variant_name = '90정'
           AND product_id = (SELECT id FROM product WHERE code = 'P49792688046' LIMIT 1)
         LIMIT 1),
        40, '2025-09-29 12:00:00', '2025-08-20 12:00:00');
INSERT INTO product_category (product_id, category_id)
VALUES ((SELECT id FROM product WHERE code = 'P49792688046' LIMIT 1),
        (SELECT id FROM category WHERE name = '비타민 K' LIMIT 1));
INSERT IGNORE INTO product_rank (product_id, recent_sales, updated_at)
VALUES ((SELECT id FROM product WHERE code = 'P49792688046' LIMIT 1), 1890, '2025-09-29 12:00:00');


INSERT INTO product (brand_id, name, code, description, instruction, ingredients, cautions, disclaimer,
                     sale_start_date, expiration_date, max_qty_per_order, sales, avg_rating, review_count, min_price)
VALUES ((SELECT id FROM brand WHERE name = '엔썸잇'),
        '비타민 K2 식약청인증 MK-7 엔썸잇 뼈건강 영양제 메나퀴논 대용량 3개월분  1개  90정',
        'P51219209111', '비타민 K2 식약청인증 MK-7 엔썸잇 뼈건강 영양제 메나퀴논 대용량 3개월분  1개  90정',
        '하루 1정을 식후에 섭취하세요.', '비타민 K2, 메나퀴논 MK-7',
        '과다섭취 시 부작용이 있을 수 있습니다.', '본 제품은 질병의 예방 및 치료를 위한 의약품이 아닙니다.',
        '2025-03-12 00:00:00', 30, 6, 1890, 4.4, 280, 23500);
INSERT INTO product_img (product_id, image_url, alt_text, sort_idx, is_primary)
VALUES ((SELECT id FROM product WHERE code = 'P51219209111' LIMIT 1),
        'https://shopping-phinf.pstatic.net/main_5121920/51219209111.1.jpg', '대표 이미지', 0, 1),
       ((SELECT id FROM product WHERE code = 'P51219209111' LIMIT 1),
        'https://shopping-phinf.pstatic.net/main_5121920/51219209111.2.jpg', '상품 상세', 1, 0),
       ((SELECT id FROM product WHERE code = 'P51219209111' LIMIT 1),
        'https://shopping-phinf.pstatic.net/main_5121920/51219209111.3.jpg', '성분 정보', 2, 0);
INSERT INTO product_variant (product_id, variant_name, list_price, sale_price, volume, upc_code, pill_size,
                             nutrition_facts, max_qty_per_order, restock_eta)
VALUES ((SELECT id FROM product WHERE code = 'P51219209111' LIMIT 1), '90정', 23500, 21500, 90, '600000000145',
        '10x10x5mm', '비타민K2 메나퀴논', 6, NULL),
       ((SELECT id FROM product WHERE code = 'P51219209111' LIMIT 1), '45정', 15500, 13500, 45, '600000000146',
        '10x10x5mm', '비타민K2 메나퀴논', 6, NULL);
INSERT IGNORE INTO stock (product_variant_id, amount, updated_at, restocked_at)
VALUES ((SELECT id
         FROM product_variant
         WHERE variant_name = '90정'
           AND product_id = (SELECT id FROM product WHERE code = 'P51219209111' LIMIT 1)
         LIMIT 1),
        85, '2025-09-29 12:00:00', '2025-08-20 12:00:00'),
       ((SELECT id
         FROM product_variant
         WHERE variant_name = '45정'
           AND product_id = (SELECT id FROM product WHERE code = 'P51219209111' LIMIT 1)
         LIMIT 1),
        55, '2025-09-29 12:00:00', '2025-08-20 12:00:00');
INSERT INTO product_category (product_id, category_id)
VALUES ((SELECT id FROM product WHERE code = 'P51219209111' LIMIT 1),
        (SELECT id FROM category WHERE name = '비타민 K' LIMIT 1));
INSERT IGNORE INTO product_rank (product_id, recent_sales, updated_at)
VALUES ((SELECT id FROM product WHERE code = 'P51219209111' LIMIT 1), 1890, '2025-09-29 12:00:00');


INSERT INTO product (brand_id, name, code, description, instruction, ingredients, cautions, disclaimer,
                     sale_start_date, expiration_date, max_qty_per_order, sales, avg_rating, review_count, min_price)
VALUES ((SELECT id FROM brand WHERE name = 'GNC'),
        '노바렉스 GNC 초임계 비타민 K-2 골드 300mg x 30정, 1개',
        'P56331375793', '노바렉스 GNC 초임계 비타민 K-2 골드 300mg x 30정, 1개',
        '하루 1정을 식후에 섭취하세요.', '비타민 K2, 메나퀴논 MK-7',
        '과다섭취 시 부작용이 있을 수 있습니다.', '본 제품은 질병의 예방 및 치료를 위한 의약품이 아닙니다.',
        '2025-03-13 00:00:00', 30, 6, 1890, 4.5, 280, 22000);
INSERT INTO product_img (product_id, image_url, alt_text, sort_idx, is_primary)
VALUES ((SELECT id FROM product WHERE code = 'P56331375793' LIMIT 1),
        'https://shopping-phinf.pstatic.net/main_5633137/56331375793.1.jpg', '대표 이미지', 0, 1),
       ((SELECT id FROM product WHERE code = 'P56331375793' LIMIT 1),
        'https://shopping-phinf.pstatic.net/main_5633137/56331375793.2.jpg', '상품 상세', 1, 0),
       ((SELECT id FROM product WHERE code = 'P56331375793' LIMIT 1),
        'https://shopping-phinf.pstatic.net/main_5633137/56331375793.3.jpg', '성분 정보', 2, 0);
INSERT INTO product_variant (product_id, variant_name, list_price, sale_price, volume, upc_code, pill_size,
                             nutrition_facts, max_qty_per_order, restock_eta)
VALUES ((SELECT id FROM product WHERE code = 'P56331375793' LIMIT 1), '30정', 22000, 20000, 30, '600000000147',
        '10x10x5mm', '비타민K2 고함량', 6, NULL),
       ((SELECT id FROM product WHERE code = 'P56331375793' LIMIT 1), '15정', 15000, 13000, 15, '600000000148',
        '10x10x5mm', '비타민K2 고함량', 6, NULL);
INSERT IGNORE INTO stock (product_variant_id, amount, updated_at, restocked_at)
VALUES ((SELECT id
         FROM product_variant
         WHERE variant_name = '30정'
           AND product_id = (SELECT id FROM product WHERE code = 'P56331375793' LIMIT 1)
         LIMIT 1),
        70, '2025-09-29 12:00:00', '2025-08-20 12:00:00'),
       ((SELECT id
         FROM product_variant
         WHERE variant_name = '15정'
           AND product_id = (SELECT id FROM product WHERE code = 'P56331375793' LIMIT 1)
         LIMIT 1),
        45, '2025-09-29 12:00:00', '2025-08-20 12:00:00');
INSERT INTO product_category (product_id, category_id)
VALUES ((SELECT id FROM product WHERE code = 'P56331375793' LIMIT 1),
        (SELECT id FROM category WHERE name = '비타민 K' LIMIT 1));
INSERT IGNORE INTO product_rank (product_id, recent_sales, updated_at)
VALUES ((SELECT id FROM product WHERE code = 'P56331375793' LIMIT 1), 1890, '2025-09-29 12:00:00');


INSERT INTO product (brand_id, name, code, description, instruction, ingredients, cautions, disclaimer,
                     sale_start_date, expiration_date, max_qty_per_order, sales, avg_rating, review_count, min_price)
VALUES ((SELECT id FROM brand WHERE name = '기타'),
        '대원제약 비타민 K3 & D3 60정 2개 4개월분',
        'P89594250810', '대원제약 비타민 K3 & D3 60정 2개 4개월분',
        '하루 1정을 식후에 섭취하세요.', '비타민 K3, 비타민 D3',
        '과다섭취 시 부작용이 있을 수 있습니다.', '본 제품은 질병의 예방 및 치료를 위한 의약품이 아닙니다.',
        '2025-03-14 00:00:00', 30, 6, 1890, 4.2, 280, 35900);
INSERT INTO product_img (product_id, image_url, alt_text, sort_idx, is_primary)
VALUES ((SELECT id FROM product WHERE code = 'P89594250810' LIMIT 1),
        'https://shopping-phinf.pstatic.net/main_8959425/89594250810.1.jpg', '대표 이미지', 0, 1),
       ((SELECT id FROM product WHERE code = 'P89594250810' LIMIT 1),
        'https://shopping-phinf.pstatic.net/main_8959425/89594250810.2.jpg', '상품 상세', 1, 0),
       ((SELECT id FROM product WHERE code = 'P89594250810' LIMIT 1),
        'https://shopping-phinf.pstatic.net/main_8959425/89594250810.3.jpg', '성분 정보', 2, 0);
INSERT INTO product_variant (product_id, variant_name, list_price, sale_price, volume, upc_code, pill_size,
                             nutrition_facts, max_qty_per_order, restock_eta)
VALUES ((SELECT id FROM product WHERE code = 'P89594250810' LIMIT 1), '2개', 35900, 33900, 2, '600000000149',
        '10x10x5mm', '비타민K3+D3', 6, NULL),
       ((SELECT id FROM product WHERE code = 'P89594250810' LIMIT 1), '1개', 20900, 18900, 1, '600000000150',
        '10x10x5mm', '비타민K3+D3', 6, NULL);
INSERT IGNORE INTO stock (product_variant_id, amount, updated_at, restocked_at)
VALUES ((SELECT id
         FROM product_variant
         WHERE variant_name = '2개'
           AND product_id = (SELECT id FROM product WHERE code = 'P89594250810' LIMIT 1)
         LIMIT 1),
        50, '2025-09-29 12:00:00', '2025-08-20 12:00:00'),
       ((SELECT id
         FROM product_variant
         WHERE variant_name = '1개'
           AND product_id = (SELECT id FROM product WHERE code = 'P89594250810' LIMIT 1)
         LIMIT 1),
        30, '2025-09-29 12:00:00', '2025-08-20 12:00:00');
INSERT INTO product_category (product_id, category_id)
VALUES ((SELECT id FROM product WHERE code = 'P89594250810' LIMIT 1),
        (SELECT id FROM category WHERE name = '비타민 K' LIMIT 1));
INSERT IGNORE INTO product_rank (product_id, recent_sales, updated_at)
VALUES ((SELECT id FROM product WHERE code = 'P89594250810' LIMIT 1), 1890, '2025-09-29 12:00:00');


INSERT INTO product (brand_id, name, code, description, instruction, ingredients, cautions, disclaimer,
                     sale_start_date, expiration_date, max_qty_per_order, sales, avg_rating, review_count, min_price)
VALUES ((SELECT id FROM brand WHERE name = '종근당'),
        '종근당 초임계 메나퀴논 비타민 K2 & D3 망간 60정',
        'P89367784909', '종근당 초임계 메나퀴논 비타민 K2 & D3 망간 60정',
        '하루 1정을 식후에 섭취하세요.', '비타민 K2, 비타민 D3, 메나퀴논 MK-7, 망간',
        '과다섭취 시 부작용이 있을 수 있습니다.', '본 제품은 질병의 예방 및 치료를 위한 의약품이 아닙니다.',
        '2025-03-15 00:00:00', 30, 6, 1890, 4.4, 280, 26700);
INSERT INTO product_img (product_id, image_url, alt_text, sort_idx, is_primary)
VALUES ((SELECT id FROM product WHERE code = 'P89367784909' LIMIT 1),
        'https://shopping-phinf.pstatic.net/main_8936778/89367784909.1.jpg', '대표 이미지', 0, 1),
       ((SELECT id FROM product WHERE code = 'P89367784909' LIMIT 1),
        'https://shopping-phinf.pstatic.net/main_8936778/89367784909.2.jpg', '상품 상세', 1, 0),
       ((SELECT id FROM product WHERE code = 'P89367784909' LIMIT 1),
        'https://shopping-phinf.pstatic.net/main_8936778/89367784909.3.jpg', '성분 정보', 2, 0);
INSERT INTO product_variant (product_id, variant_name, list_price, sale_price, volume, upc_code, pill_size,
                             nutrition_facts, max_qty_per_order, restock_eta)
VALUES ((SELECT id FROM product WHERE code = 'P89367784909' LIMIT 1), '60정', 26700, 24700, 60, '600000000151',
        '10x10x5mm', '비타민K2+D3+망간', 6, NULL),
       ((SELECT id FROM product WHERE code = 'P89367784909' LIMIT 1), '30정', 17700, 15700, 30, '600000000152',
        '10x10x5mm', '비타민K2+D3+망간', 6, NULL);
INSERT IGNORE INTO stock (product_variant_id, amount, updated_at, restocked_at)
VALUES ((SELECT id
         FROM product_variant
         WHERE variant_name = '60정'
           AND product_id = (SELECT id FROM product WHERE code = 'P89367784909' LIMIT 1)
         LIMIT 1),
        90, '2025-09-29 12:00:00', '2025-08-20 12:00:00'),
       ((SELECT id
         FROM product_variant
         WHERE variant_name = '30정'
           AND product_id = (SELECT id FROM product WHERE code = 'P89367784909' LIMIT 1)
         LIMIT 1),
        60, '2025-09-29 12:00:00', '2025-08-20 12:00:00');
INSERT INTO product_category (product_id, category_id)
VALUES ((SELECT id FROM product WHERE code = 'P89367784909' LIMIT 1),
        (SELECT id FROM category WHERE name = '비타민 K' LIMIT 1));
INSERT IGNORE INTO product_rank (product_id, recent_sales, updated_at)
VALUES ((SELECT id FROM product WHERE code = 'P89367784909' LIMIT 1), 1890, '2025-09-29 12:00:00');


INSERT INTO product (brand_id, name, code, description, instruction, ingredients, cautions, disclaimer,
                     sale_start_date, expiration_date, max_qty_per_order, sales, avg_rating, review_count, min_price)
VALUES ((SELECT id FROM brand WHERE name = '스완슨'),
        '스완슨 내추럴 비타민 K-2 100mcg 소프트젤  30개입  1개  30정',
        'P48854471534', '스완슨 내추럴 비타민 K-2 100mcg 소프트젤  30개입  1개  30정',
        '하루 1캡슐을 식후에 섭취하세요.', '비타민 K2, 메나퀴논 MK-7',
        '과다섭취 시 부작용이 있을 수 있습니다.', '본 제품은 질병의 예방 및 치료를 위한 의약품이 아닙니다.',
        '2025-03-16 00:00:00', 30, 6, 1890, 4.1, 280, 9250);
INSERT INTO product_img (product_id, image_url, alt_text, sort_idx, is_primary)
VALUES ((SELECT id FROM product WHERE code = 'P48854471534' LIMIT 1),
        'https://shopping-phinf.pstatic.net/main_4885447/48854471534.1.jpg', '대표 이미지', 0, 1),
       ((SELECT id FROM product WHERE code = 'P48854471534' LIMIT 1),
        'https://shopping-phinf.pstatic.net/main_4885447/48854471534.2.jpg', '상품 상세', 1, 0),
       ((SELECT id FROM product WHERE code = 'P48854471534' LIMIT 1),
        'https://shopping-phinf.pstatic.net/main_4885447/48854471534.3.jpg', '성분 정보', 2, 0);
INSERT INTO product_variant (product_id, variant_name, list_price, sale_price, volume, upc_code, pill_size,
                             nutrition_facts, max_qty_per_order, restock_eta)
VALUES ((SELECT id FROM product WHERE code = 'P48854471534' LIMIT 1), '30정', 9250, 7250, 30, '600000000153',
        '10x10x5mm', '비타민K2 메나퀴논', 6, NULL),
       ((SELECT id FROM product WHERE code = 'P48854471534' LIMIT 1), '15정', 6250, 4250, 15, '600000000154',
        '10x10x5mm', '비타민K2 메나퀴논', 6, NULL);
INSERT IGNORE INTO stock (product_variant_id, amount, updated_at, restocked_at)
VALUES ((SELECT id
         FROM product_variant
         WHERE variant_name = '30정'
           AND product_id = (SELECT id FROM product WHERE code = 'P48854471534' LIMIT 1)
         LIMIT 1),
        120, '2025-09-29 12:00:00', '2025-08-20 12:00:00'),
       ((SELECT id
         FROM product_variant
         WHERE variant_name = '15정'
           AND product_id = (SELECT id FROM product WHERE code = 'P48854471534' LIMIT 1)
         LIMIT 1),
        80, '2025-09-29 12:00:00', '2025-08-20 12:00:00');
INSERT INTO product_category (product_id, category_id)
VALUES ((SELECT id FROM product WHERE code = 'P48854471534' LIMIT 1),
        (SELECT id FROM category WHERE name = '비타민 K' LIMIT 1));
INSERT IGNORE INTO product_rank (product_id, recent_sales, updated_at)
VALUES ((SELECT id FROM product WHERE code = 'P48854471534' LIMIT 1), 1890, '2025-09-29 12:00:00');


INSERT INTO product (brand_id, name, code, description, instruction, ingredients, cautions, disclaimer,
                     sale_start_date, expiration_date, max_qty_per_order, sales, avg_rating, review_count, min_price)
VALUES ((SELECT id FROM brand WHERE name = '오리진'),
        '오리진 비타민K2 + 비타민D3 5000IU 엑스퍼트 150mg x 90캡슐 No186f',
        'P89913977367', '오리진 비타민K2 + 비타민D3 5000IU 엑스퍼트 150mg x 90캡슐 No186f',
        '하루 1캡슐을 식후에 섭취하세요.', '비타민 K2, 비타민 D3, 메나퀴논 MK-7',
        '과다섭취 시 부작용이 있을 수 있습니다.', '본 제품은 질병의 예방 및 치료를 위한 의약품이 아닙니다.',
        '2025-03-17 00:00:00', 30, 6, 1890, 4.6, 280, 28000);
INSERT INTO product_img (product_id, image_url, alt_text, sort_idx, is_primary)
VALUES ((SELECT id FROM product WHERE code = 'P89913977367' LIMIT 1),
        'https://shopping-phinf.pstatic.net/main_8991397/89913977367.1.jpg', '대표 이미지', 0, 1),
       ((SELECT id FROM product WHERE code = 'P89913977367' LIMIT 1),
        'https://shopping-phinf.pstatic.net/main_8991397/89913977367.2.jpg', '상품 상세', 1, 0),
       ((SELECT id FROM product WHERE code = 'P89913977367' LIMIT 1),
        'https://shopping-phinf.pstatic.net/main_8991397/89913977367.3.jpg', '성분 정보', 2, 0);
INSERT INTO product_variant (product_id, variant_name, list_price, sale_price, volume, upc_code, pill_size,
                             nutrition_facts, max_qty_per_order, restock_eta)
VALUES ((SELECT id FROM product WHERE code = 'P89913977367' LIMIT 1), '90캡슐', 28000, 26000, 90, '600000000155',
        '10x10x5mm', '비타민K2+D3', 6, NULL),
       ((SELECT id FROM product WHERE code = 'P89913977367' LIMIT 1), '45캡슐', 19000, 17000, 45, '600000000156',
        '10x10x5mm', '비타민K2+D3', 6, NULL);
INSERT IGNORE INTO stock (product_variant_id, amount, updated_at, restocked_at)
VALUES ((SELECT id
         FROM product_variant
         WHERE variant_name = '90캡슐'
           AND product_id = (SELECT id FROM product WHERE code = 'P89913977367' LIMIT 1)
         LIMIT 1),
        65, '2025-09-29 12:00:00', '2025-08-20 12:00:00'),
       ((SELECT id
         FROM product_variant
         WHERE variant_name = '45캡슐'
           AND product_id = (SELECT id FROM product WHERE code = 'P89913977367' LIMIT 1)
         LIMIT 1),
        40, '2025-09-29 12:00:00', '2025-08-20 12:00:00');
INSERT INTO product_category (product_id, category_id)
VALUES ((SELECT id FROM product WHERE code = 'P89913977367' LIMIT 1),
        (SELECT id FROM category WHERE name = '비타민 K' LIMIT 1));
INSERT IGNORE INTO product_rank (product_id, recent_sales, updated_at)
VALUES ((SELECT id FROM product WHERE code = 'P89913977367' LIMIT 1), 1890, '2025-09-29 12:00:00');


INSERT IGNORE INTO brand (name)
VALUES ('세비톨');
INSERT IGNORE INTO brand (name)
VALUES ('쁘띠앤');
INSERT IGNORE INTO brand (name)
VALUES ('GNM자연의품격');

INSERT INTO product (brand_id, name, code, description, instruction, ingredients, cautions, disclaimer,
                     sale_start_date, expiration_date, max_qty_per_order, sales, avg_rating, review_count, min_price)
VALUES ((SELECT id FROM brand WHERE name = '종근당'),
        '종근당 뼈에좋은 칼슘 마그네슘 비타민D 아연 영양제 6개월 칼마디 임산부 마칼디',
        'P84112158990', '종근당 뼈에좋은 칼슘 마그네슘 비타민D 아연 영양제 6개월 칼마디 임산부 마칼디',
        '하루 1-2정을 식후에 섭취하세요.', '칼슘, 마그네슘, 비타민 D, 아연',
        '과다섭취 시 부작용이 있을 수 있습니다.', '본 제품은 질병의 예방 및 치료를 위한 의약품이 아닙니다.',
        '2025-03-18 00:00:00', 30, 6, 1890, 4.4, 280, 28900);
INSERT INTO product_img (product_id, image_url, alt_text, sort_idx, is_primary)
VALUES ((SELECT id FROM product WHERE code = 'P84112158990' LIMIT 1),
        'https://shopping-phinf.pstatic.net/main_8411215/84112158990.1.jpg', '대표 이미지', 0, 1),
       ((SELECT id FROM product WHERE code = 'P84112158990' LIMIT 1),
        'https://shopping-phinf.pstatic.net/main_8411215/84112158990.2.jpg', '상품 상세', 1, 0),
       ((SELECT id FROM product WHERE code = 'P84112158990' LIMIT 1),
        'https://shopping-phinf.pstatic.net/main_8411215/84112158990.3.jpg', '성분 정보', 2, 0);
INSERT INTO product_variant (product_id, variant_name, list_price, sale_price, volume, upc_code, pill_size,
                             nutrition_facts, max_qty_per_order, restock_eta)
VALUES ((SELECT id FROM product WHERE code = 'P84112158990' LIMIT 1), '6개월분', 28900, 26900, 180, '600000000157',
        '10x10x5mm', '칼슘+마그네슘+비타민D+아연', 6, NULL),
       ((SELECT id FROM product WHERE code = 'P84112158990' LIMIT 1), '3개월분', 18900, 16900, 90, '600000000158',
        '10x10x5mm', '칼슘+마그네슘+비타민D+아연', 6, NULL);
INSERT IGNORE INTO stock (product_variant_id, amount, updated_at, restocked_at)
VALUES ((SELECT id
         FROM product_variant
         WHERE variant_name = '6개월분'
           AND product_id = (SELECT id FROM product WHERE code = 'P84112158990' LIMIT 1)
         LIMIT 1),
        80, '2025-09-29 12:00:00', '2025-08-20 12:00:00'),
       ((SELECT id
         FROM product_variant
         WHERE variant_name = '3개월분'
           AND product_id = (SELECT id FROM product WHERE code = 'P84112158990' LIMIT 1)
         LIMIT 1),
        55, '2025-09-29 12:00:00', '2025-08-20 12:00:00');
INSERT INTO product_category (product_id, category_id)
VALUES ((SELECT id FROM product WHERE code = 'P84112158990' LIMIT 1),
        (SELECT id FROM category WHERE name = '칼슘' LIMIT 1));
INSERT IGNORE INTO product_rank (product_id, recent_sales, updated_at)
VALUES ((SELECT id FROM product WHERE code = 'P84112158990' LIMIT 1), 1890, '2025-09-29 12:00:00');


INSERT INTO product (brand_id, name, code, description, instruction, ingredients, cautions, disclaimer,
                     sale_start_date, expiration_date, max_qty_per_order, sales, avg_rating, review_count, min_price)
VALUES ((SELECT id FROM brand WHERE name = '칼맥'),
        '종근당 칼슘 마그네슘 아연 비타민D 3개월 칼마디 골다공증 뼈 치아 임산부 어린이 마칼디',
        'P82323982535', '종근당 칼슘 마그네슘 아연 비타민D 3개월 칼마디 골다공증 뼈 치아 임산부 어린이 마칼디',
        '하루 1-2정을 식후에 섭취하세요.', '칼슘, 마그네슘, 아연, 비타민 D',
        '과다섭취 시 부작용이 있을 수 있습니다.', '본 제품은 질병의 예방 및 치료를 위한 의약품이 아닙니다.',
        '2025-03-19 00:00:00', 30, 6, 1890, 4.2, 280, 14900);
INSERT INTO product_img (product_id, image_url, alt_text, sort_idx, is_primary)
VALUES ((SELECT id FROM product WHERE code = 'P82323982535' LIMIT 1),
        'https://shopping-phinf.pstatic.net/main_8232398/82323982535.1.jpg', '대표 이미지', 0, 1),
       ((SELECT id FROM product WHERE code = 'P82323982535' LIMIT 1),
        'https://shopping-phinf.pstatic.net/main_8232398/82323982535.2.jpg', '상품 상세', 1, 0),
       ((SELECT id FROM product WHERE code = 'P82323982535' LIMIT 1),
        'https://shopping-phinf.pstatic.net/main_8232398/82323982535.3.jpg', '성분 정보', 2, 0);
INSERT INTO product_variant (product_id, variant_name, list_price, sale_price, volume, upc_code, pill_size,
                             nutrition_facts, max_qty_per_order, restock_eta)
VALUES ((SELECT id FROM product WHERE code = 'P82323982535' LIMIT 1), '3개월분', 14900, 12900, 90, '600000000159',
        '10x10x5mm', '칼슘+마그네슘+아연+비타민D', 6, NULL),
       ((SELECT id FROM product WHERE code = 'P82323982535' LIMIT 1), '1개월분', 9900, 7900, 30, '600000000160',
        '10x10x5mm', '칼슘+마그네슘+아연+비타민D', 6, NULL);
INSERT IGNORE INTO stock (product_variant_id, amount, updated_at, restocked_at)
VALUES ((SELECT id
         FROM product_variant
         WHERE variant_name = '3개월분'
           AND product_id = (SELECT id FROM product WHERE code = 'P82323982535' LIMIT 1)
         LIMIT 1),
        120, '2025-09-29 12:00:00', '2025-08-20 12:00:00'),
       ((SELECT id
         FROM product_variant
         WHERE variant_name = '1개월분'
           AND product_id = (SELECT id FROM product WHERE code = 'P82323982535' LIMIT 1)
         LIMIT 1),
        80, '2025-09-29 12:00:00', '2025-08-20 12:00:00');
INSERT INTO product_category (product_id, category_id)
VALUES ((SELECT id FROM product WHERE code = 'P82323982535' LIMIT 1),
        (SELECT id FROM category WHERE name = '칼슘' LIMIT 1));
INSERT IGNORE INTO product_rank (product_id, recent_sales, updated_at)
VALUES ((SELECT id FROM product WHERE code = 'P82323982535' LIMIT 1), 1890, '2025-09-29 12:00:00');


INSERT INTO product (brand_id, name, code, description, instruction, ingredients, cautions, disclaimer,
                     sale_start_date, expiration_date, max_qty_per_order, sales, avg_rating, review_count, min_price)
VALUES ((SELECT id FROM brand WHERE name = '세비톨'),
        '세비톨 칼슘 마그네슘 비타민D 비타민K2 임산부 수유부 칼마디 칼슘영양제 120정, 1개',
        'P84595393398', '세비톨 칼슘 마그네슘 비타민D 비타민K2 임산부 수유부 칼마디 칼슘영양제 120정, 1개',
        '하루 1-2정을 식후에 섭취하세요.', '칼슘, 마그네슘, 비타민 D, 비타민 K2',
        '과다섭취 시 부작용이 있을 수 있습니다.', '본 제품은 질병의 예방 및 치료를 위한 의약품이 아닙니다.',
        '2025-03-20 00:00:00', 30, 6, 1890, 4.5, 280, 21500);
INSERT INTO product_img (product_id, image_url, alt_text, sort_idx, is_primary)
VALUES ((SELECT id FROM product WHERE code = 'P84595393398' LIMIT 1),
        'https://shopping-phinf.pstatic.net/main_8459539/84595393398.1.jpg', '대표 이미지', 0, 1),
       ((SELECT id FROM product WHERE code = 'P84595393398' LIMIT 1),
        'https://shopping-phinf.pstatic.net/main_8459539/84595393398.2.jpg', '상품 상세', 1, 0),
       ((SELECT id FROM product WHERE code = 'P84595393398' LIMIT 1),
        'https://shopping-phinf.pstatic.net/main_8459539/84595393398.3.jpg', '성분 정보', 2, 0);
INSERT INTO product_variant (product_id, variant_name, list_price, sale_price, volume, upc_code, pill_size,
                             nutrition_facts, max_qty_per_order, restock_eta)
VALUES ((SELECT id FROM product WHERE code = 'P84595393398' LIMIT 1), '120정', 21500, 19500, 120, '600000000161',
        '10x10x5mm', '칼슘+마그네슘+비타민D+K2', 6, NULL),
       ((SELECT id FROM product WHERE code = 'P84595393398' LIMIT 1), '60정', 14500, 12500, 60, '600000000162',
        '10x10x5mm', '칼슘+마그네슘+비타민D+K2', 6, NULL);
INSERT IGNORE INTO stock (product_variant_id, amount, updated_at, restocked_at)
VALUES ((SELECT id
         FROM product_variant
         WHERE variant_name = '120정'
           AND product_id = (SELECT id FROM product WHERE code = 'P84595393398' LIMIT 1)
         LIMIT 1),
        100, '2025-09-29 12:00:00', '2025-08-20 12:00:00'),
       ((SELECT id
         FROM product_variant
         WHERE variant_name = '60정'
           AND product_id = (SELECT id FROM product WHERE code = 'P84595393398' LIMIT 1)
         LIMIT 1),
        70, '2025-09-29 12:00:00', '2025-08-20 12:00:00');
INSERT INTO product_category (product_id, category_id)
VALUES ((SELECT id FROM product WHERE code = 'P84595393398' LIMIT 1),
        (SELECT id FROM category WHERE name = '칼슘' LIMIT 1));
INSERT IGNORE INTO product_rank (product_id, recent_sales, updated_at)
VALUES ((SELECT id FROM product WHERE code = 'P84595393398' LIMIT 1), 1890, '2025-09-29 12:00:00');


INSERT INTO product (brand_id, name, code, description, instruction, ingredients, cautions, disclaimer,
                     sale_start_date, expiration_date, max_qty_per_order, sales, avg_rating, review_count, min_price)
VALUES ((SELECT id FROM brand WHERE name = '쁘띠앤'),
        '쁘띠앤 국민 리포좀 칼마디 칼슘 마그네슘 비타민D 영양제 임산부 수유부 청소년 뼈건강 칼슘마그네슘비타민D',
        'P83292255611', '쁘띠앤 국민 리포좀 칼마디 칼슘 마그네슘 비타민D 영양제 임산부 수유부 청소년 뼈건강 칼슘마그네슘비타민D',
        '하루 1-2정을 식후에 섭취하세요.', '칼슘, 마그네슘, 비타민 D',
        '과다섭취 시 부작용이 있을 수 있습니다.', '본 제품은 질병의 예방 및 치료를 위한 의약품이 아닙니다.',
        '2025-03-21 00:00:00', 30, 6, 1890, 4.6, 280, 29000);
INSERT INTO product_img (product_id, image_url, alt_text, sort_idx, is_primary)
VALUES ((SELECT id FROM product WHERE code = 'P83292255611' LIMIT 1),
        'https://shopping-phinf.pstatic.net/main_8329225/83292255611.1.jpg', '대표 이미지', 0, 1),
       ((SELECT id FROM product WHERE code = 'P83292255611' LIMIT 1),
        'https://shopping-phinf.pstatic.net/main_8329225/83292255611.2.jpg', '상품 상세', 1, 0),
       ((SELECT id FROM product WHERE code = 'P83292255611' LIMIT 1),
        'https://shopping-phinf.pstatic.net/main_8329225/83292255611.3.jpg', '성분 정보', 2, 0);
INSERT INTO product_variant (product_id, variant_name, list_price, sale_price, volume, upc_code, pill_size,
                             nutrition_facts, max_qty_per_order, restock_eta)
VALUES ((SELECT id FROM product WHERE code = 'P83292255611' LIMIT 1), '90정', 29000, 27000, 90, '600000000163',
        '10x10x5mm', '리포좀 칼슘+마그네슘+비타민D', 6, NULL),
       ((SELECT id FROM product WHERE code = 'P83292255611' LIMIT 1), '45정', 19000, 17000, 45, '600000000164',
        '10x10x5mm', '리포좀 칼슘+마그네슘+비타민D', 6, NULL);
INSERT IGNORE INTO stock (product_variant_id, amount, updated_at, restocked_at)
VALUES ((SELECT id
         FROM product_variant
         WHERE variant_name = '90정'
           AND product_id = (SELECT id FROM product WHERE code = 'P83292255611' LIMIT 1)
         LIMIT 1),
        70, '2025-09-29 12:00:00', '2025-08-20 12:00:00'),
       ((SELECT id
         FROM product_variant
         WHERE variant_name = '45정'
           AND product_id = (SELECT id FROM product WHERE code = 'P83292255611' LIMIT 1)
         LIMIT 1),
        45, '2025-09-29 12:00:00', '2025-08-20 12:00:00');
INSERT INTO product_category (product_id, category_id)
VALUES ((SELECT id FROM product WHERE code = 'P83292255611' LIMIT 1),
        (SELECT id FROM category WHERE name = '칼슘' LIMIT 1));
INSERT IGNORE INTO product_rank (product_id, recent_sales, updated_at)
VALUES ((SELECT id FROM product WHERE code = 'P83292255611' LIMIT 1), 1890, '2025-09-29 12:00:00');


INSERT INTO product (brand_id, name, code, description, instruction, ingredients, cautions, disclaimer,
                     sale_start_date, expiration_date, max_qty_per_order, sales, avg_rating, review_count, min_price)
VALUES ((SELECT id FROM brand WHERE name = '종근당'),
        '종근당 칼슘 앤 마그네슘 비타민D 아연 1000mg x 180정, 4개',
        'P51929594138', '종근당 칼슘 앤 마그네슘 비타민D 아연 1000mg x 180정, 4개',
        '하루 1-2정을 식후에 섭취하세요.', '칼슘, 마그네슘, 비타민 D, 아연',
        '과다섭취 시 부작용이 있을 수 있습니다.', '본 제품은 질병의 예방 및 치료를 위한 의약품이 아닙니다.',
        '2025-03-22 00:00:00', 30, 6, 1890, 4.3, 280, 51770);
INSERT INTO product_img (product_id, image_url, alt_text, sort_idx, is_primary)
VALUES ((SELECT id FROM product WHERE code = 'P51929594138' LIMIT 1),
        'https://shopping-phinf.pstatic.net/main_5192959/51929594138.1.jpg', '대표 이미지', 0, 1),
       ((SELECT id FROM product WHERE code = 'P51929594138' LIMIT 1),
        'https://shopping-phinf.pstatic.net/main_5192959/51929594138.2.jpg', '상품 상세', 1, 0),
       ((SELECT id FROM product WHERE code = 'P51929594138' LIMIT 1),
        'https://shopping-phinf.pstatic.net/main_5192959/51929594138.3.jpg', '성분 정보', 2, 0);
INSERT INTO product_variant (product_id, variant_name, list_price, sale_price, volume, upc_code, pill_size,
                             nutrition_facts, max_qty_per_order, restock_eta)
VALUES ((SELECT id FROM product WHERE code = 'P51929594138' LIMIT 1), '4개', 51770, 49770, 4, '600000000165',
        '10x10x5mm', '칼슘+마그네슘+비타민D+아연', 6, NULL),
       ((SELECT id FROM product WHERE code = 'P51929594138' LIMIT 1), '2개', 31770, 29770, 2, '600000000166',
        '10x10x5mm', '칼슘+마그네슘+비타민D+아연', 6, NULL);
INSERT IGNORE INTO stock (product_variant_id, amount, updated_at, restocked_at)
VALUES ((SELECT id
         FROM product_variant
         WHERE variant_name = '4개'
           AND product_id = (SELECT id FROM product WHERE code = 'P51929594138' LIMIT 1)
         LIMIT 1),
        40, '2025-09-29 12:00:00', '2025-08-20 12:00:00'),
       ((SELECT id
         FROM product_variant
         WHERE variant_name = '2개'
           AND product_id = (SELECT id FROM product WHERE code = 'P51929594138' LIMIT 1)
         LIMIT 1),
        25, '2025-09-29 12:00:00', '2025-08-20 12:00:00');
INSERT INTO product_category (product_id, category_id)
VALUES ((SELECT id FROM product WHERE code = 'P51929594138' LIMIT 1),
        (SELECT id FROM category WHERE name = '칼슘' LIMIT 1));
INSERT IGNORE INTO product_rank (product_id, recent_sales, updated_at)
VALUES ((SELECT id FROM product WHERE code = 'P51929594138' LIMIT 1), 1890, '2025-09-29 12:00:00');


INSERT INTO product (brand_id, name, code, description, instruction, ingredients, cautions, disclaimer,
                     sale_start_date, expiration_date, max_qty_per_order, sales, avg_rating, review_count, min_price)
VALUES ((SELECT id FROM brand WHERE name = 'GNM자연의품격'),
        'GNM자연의품격 칼슘 마그네슘 아연 비타민D 1350mg x 90정, 1개',
        'P51929613826', 'GNM자연의품격 칼슘 마그네슘 아연 비타민D 1350mg x 90정, 1개',
        '하루 1-2정을 식후에 섭취하세요.', '칼슘, 마그네슘, 아연, 비타민 D',
        '과다섭취 시 부작용이 있을 수 있습니다.', '본 제품은 질병의 예방 및 치료를 위한 의약품이 아닙니다.',
        '2025-03-23 00:00:00', 30, 6, 1890, 4.1, 280, 8210);
INSERT INTO product_img (product_id, image_url, alt_text, sort_idx, is_primary)
VALUES ((SELECT id FROM product WHERE code = 'P51929613826' LIMIT 1),
        'https://shopping-phinf.pstatic.net/main_5192961/51929613826.1.jpg', '대표 이미지', 0, 1),
       ((SELECT id FROM product WHERE code = 'P51929613826' LIMIT 1),
        'https://shopping-phinf.pstatic.net/main_5192961/51929613826.2.jpg', '상품 상세', 1, 0),
       ((SELECT id FROM product WHERE code = 'P51929613826' LIMIT 1),
        'https://shopping-phinf.pstatic.net/main_5192961/51929613826.3.jpg', '성분 정보', 2, 0);
INSERT INTO product_variant (product_id, variant_name, list_price, sale_price, volume, upc_code, pill_size,
                             nutrition_facts, max_qty_per_order, restock_eta)
VALUES ((SELECT id FROM product WHERE code = 'P51929613826' LIMIT 1), '90정', 8210, 6210, 90, '600000000167',
        '10x10x5mm', '칼슘+마그네슘+아연+비타민D', 6, NULL),
       ((SELECT id FROM product WHERE code = 'P51929613826' LIMIT 1), '45정', 5210, 3210, 45, '600000000168',
        '10x10x5mm', '칼슘+마그네슘+아연+비타민D', 6, NULL);
INSERT IGNORE INTO stock (product_variant_id, amount, updated_at, restocked_at)
VALUES ((SELECT id
         FROM product_variant
         WHERE variant_name = '90정'
           AND product_id = (SELECT id FROM product WHERE code = 'P51929613826' LIMIT 1)
         LIMIT 1),
        180, '2025-09-29 12:00:00', '2025-08-20 12:00:00'),
       ((SELECT id
         FROM product_variant
         WHERE variant_name = '45정'
           AND product_id = (SELECT id FROM product WHERE code = 'P51929613826' LIMIT 1)
         LIMIT 1),
        120, '2025-09-29 12:00:00', '2025-08-20 12:00:00');
INSERT INTO product_category (product_id, category_id)
VALUES ((SELECT id FROM product WHERE code = 'P51929613826' LIMIT 1),
        (SELECT id FROM category WHERE name = '칼슘' LIMIT 1));
INSERT IGNORE INTO product_rank (product_id, recent_sales, updated_at)
VALUES ((SELECT id FROM product WHERE code = 'P51929613826' LIMIT 1), 1890, '2025-09-29 12:00:00');


INSERT INTO product (brand_id, name, code, description, instruction, ingredients, cautions, disclaimer,
                     sale_start_date, expiration_date, max_qty_per_order, sales, avg_rating, review_count, min_price)
VALUES ((SELECT id FROM brand WHERE name = '포뉴'),
        '포뉴 칼슘 마그네슘 비타민D 950mg x 120정, 1개',
        'P51929506356', '포뉴 칼슘 마그네슘 비타민D 950mg x 120정, 1개',
        '하루 1-2정을 식후에 섭취하세요.', '칼슘, 마그네슘, 비타민 D',
        '과다섭취 시 부작용이 있을 수 있습니다.', '본 제품은 질병의 예방 및 치료를 위한 의약품이 아닙니다.',
        '2025-03-24 00:00:00', 30, 6, 1890, 4.2, 280, 33000);
INSERT INTO product_img (product_id, image_url, alt_text, sort_idx, is_primary)
VALUES ((SELECT id FROM product WHERE code = 'P51929506356' LIMIT 1),
        'https://shopping-phinf.pstatic.net/main_5192950/51929506356.1.jpg', '대표 이미지', 0, 1),
       ((SELECT id FROM product WHERE code = 'P51929506356' LIMIT 1),
        'https://shopping-phinf.pstatic.net/main_5192950/51929506356.2.jpg', '상품 상세', 1, 0),
       ((SELECT id FROM product WHERE code = 'P51929506356' LIMIT 1),
        'https://shopping-phinf.pstatic.net/main_5192950/51929506356.3.jpg', '성분 정보', 2, 0);
INSERT INTO product_variant (product_id, variant_name, list_price, sale_price, volume, upc_code, pill_size,
                             nutrition_facts, max_qty_per_order, restock_eta)
VALUES ((SELECT id FROM product WHERE code = 'P51929506356' LIMIT 1), '120정', 33000, 31000, 120, '600000000169',
        '10x10x5mm', '칼슘+마그네슘+비타민D', 6, NULL),
       ((SELECT id FROM product WHERE code = 'P51929506356' LIMIT 1), '60정', 21000, 19000, 60, '600000000170',
        '10x10x5mm', '칼슘+마그네슘+비타민D', 6, NULL);
INSERT IGNORE INTO stock (product_variant_id, amount, updated_at, restocked_at)
VALUES ((SELECT id
         FROM product_variant
         WHERE variant_name = '120정'
           AND product_id = (SELECT id FROM product WHERE code = 'P51929506356' LIMIT 1)
         LIMIT 1),
        90, '2025-09-29 12:00:00', '2025-08-20 12:00:00'),
       ((SELECT id
         FROM product_variant
         WHERE variant_name = '60정'
           AND product_id = (SELECT id FROM product WHERE code = 'P51929506356' LIMIT 1)
         LIMIT 1),
        60, '2025-09-29 12:00:00', '2025-08-20 12:00:00');
INSERT INTO product_category (product_id, category_id)
VALUES ((SELECT id FROM product WHERE code = 'P51929506356' LIMIT 1),
        (SELECT id FROM category WHERE name = '칼슘' LIMIT 1));
INSERT IGNORE INTO product_rank (product_id, recent_sales, updated_at)
VALUES ((SELECT id FROM product WHERE code = 'P51929506356' LIMIT 1), 1890, '2025-09-29 12:00:00');


INSERT INTO product (brand_id, name, code, description, instruction, ingredients, cautions, disclaimer,
                     sale_start_date, expiration_date, max_qty_per_order, sales, avg_rating, review_count, min_price)
VALUES ((SELECT id FROM brand WHERE name = '닥터파이토'),
        '닥터파이토 칼슘 마그네슘 비타민D 800mg x 90정, 4개',
        'P51929224884', '닥터파이토 칼슘 마그네슘 비타민D 800mg x 90정, 4개',
        '하루 1-2정을 식후에 섭취하세요.', '칼슘, 마그네슘, 비타민 D',
        '과다섭취 시 부작용이 있을 수 있습니다.', '본 제품은 질병의 예방 및 치료를 위한 의약품이 아닙니다.',
        '2025-03-25 00:00:00', 30, 6, 1890, 4.5, 280, 89000);
INSERT INTO product_img (product_id, image_url, alt_text, sort_idx, is_primary)
VALUES ((SELECT id FROM product WHERE code = 'P51929224884' LIMIT 1),
        'https://shopping-phinf.pstatic.net/main_5192922/51929224884.1.jpg', '대표 이미지', 0, 1),
       ((SELECT id FROM product WHERE code = 'P51929224884' LIMIT 1),
        'https://shopping-phinf.pstatic.net/main_5192922/51929224884.2.jpg', '상품 상세', 1, 0),
       ((SELECT id FROM product WHERE code = 'P51929224884' LIMIT 1),
        'https://shopping-phinf.pstatic.net/main_5192922/51929224884.3.jpg', '성분 정보', 2, 0);
INSERT INTO product_variant (product_id, variant_name, list_price, sale_price, volume, upc_code, pill_size,
                             nutrition_facts, max_qty_per_order, restock_eta)
VALUES ((SELECT id FROM product WHERE code = 'P51929224884' LIMIT 1), '4개', 89000, 87000, 4, '600000000171',
        '10x10x5mm', '칼슘+마그네슘+비타민D', 6, NULL),
       ((SELECT id FROM product WHERE code = 'P51929224884' LIMIT 1), '2개', 49000, 47000, 2, '600000000172',
        '10x10x5mm', '칼슘+마그네슘+비타민D', 6, NULL);
INSERT IGNORE INTO stock (product_variant_id, amount, updated_at, restocked_at)
VALUES ((SELECT id
         FROM product_variant
         WHERE variant_name = '4개'
           AND product_id = (SELECT id FROM product WHERE code = 'P51929224884' LIMIT 1)
         LIMIT 1),
        30, '2025-09-29 12:00:00', '2025-08-20 12:00:00'),
       ((SELECT id
         FROM product_variant
         WHERE variant_name = '2개'
           AND product_id = (SELECT id FROM product WHERE code = 'P51929224884' LIMIT 1)
         LIMIT 1),
        20, '2025-09-29 12:00:00', '2025-08-20 12:00:00');
INSERT INTO product_category (product_id, category_id)
VALUES ((SELECT id FROM product WHERE code = 'P51929224884' LIMIT 1),
        (SELECT id FROM category WHERE name = '칼슘' LIMIT 1));
INSERT IGNORE INTO product_rank (product_id, recent_sales, updated_at)
VALUES ((SELECT id FROM product WHERE code = 'P51929224884' LIMIT 1), 1890, '2025-09-29 12:00:00');


INSERT INTO product (brand_id, name, code, description, instruction, ingredients, cautions, disclaimer,
                     sale_start_date, expiration_date, max_qty_per_order, sales, avg_rating, review_count, min_price)
VALUES ((SELECT id FROM brand WHERE name = '뉴트원'),
        '뉴트원 칼슘 마그네슘 비타민D 1200mg x 60정, 1개',
        'P51929177980', '뉴트원 칼슘 마그네슘 비타민D 1200mg x 60정, 1개',
        '하루 1-2정을 식후에 섭취하세요.', '칼슘, 마그네슘, 비타민 D',
        '과다섭취 시 부작용이 있을 수 있습니다.', '본 제품은 질병의 예방 및 치료를 위한 의약품이 아닙니다.',
        '2025-03-26 00:00:00', 30, 6, 1890, 4.3, 280, 22210);
INSERT INTO product_img (product_id, image_url, alt_text, sort_idx, is_primary)
VALUES ((SELECT id FROM product WHERE code = 'P51929177980' LIMIT 1),
        'https://shopping-phinf.pstatic.net/main_5192917/51929177980.1.jpg', '대표 이미지', 0, 1),
       ((SELECT id FROM product WHERE code = 'P51929177980' LIMIT 1),
        'https://shopping-phinf.pstatic.net/main_5192917/51929177980.2.jpg', '상품 상세', 1, 0),
       ((SELECT id FROM product WHERE code = 'P51929177980' LIMIT 1),
        'https://shopping-phinf.pstatic.net/main_5192917/51929177980.3.jpg', '성분 정보', 2, 0);
INSERT INTO product_variant (product_id, variant_name, list_price, sale_price, volume, upc_code, pill_size,
                             nutrition_facts, max_qty_per_order, restock_eta)
VALUES ((SELECT id FROM product WHERE code = 'P51929177980' LIMIT 1), '60정', 22210, 20210, 60, '600000000173',
        '10x10x5mm', '칼슘+마그네슘+비타민D', 6, NULL),
       ((SELECT id FROM product WHERE code = 'P51929177980' LIMIT 1), '30정', 14210, 12210, 30, '600000000174',
        '10x10x5mm', '칼슘+마그네슘+비타민D', 6, NULL);
INSERT IGNORE INTO stock (product_variant_id, amount, updated_at, restocked_at)
VALUES ((SELECT id
         FROM product_variant
         WHERE variant_name = '60정'
           AND product_id = (SELECT id FROM product WHERE code = 'P51929177980' LIMIT 1)
         LIMIT 1),
        110, '2025-09-29 12:00:00', '2025-08-20 12:00:00'),
       ((SELECT id
         FROM product_variant
         WHERE variant_name = '30정'
           AND product_id = (SELECT id FROM product WHERE code = 'P51929177980' LIMIT 1)
         LIMIT 1),
        75, '2025-09-29 12:00:00', '2025-08-20 12:00:00');
INSERT INTO product_category (product_id, category_id)
VALUES ((SELECT id FROM product WHERE code = 'P51929177980' LIMIT 1),
        (SELECT id FROM category WHERE name = '칼슘' LIMIT 1));
INSERT IGNORE INTO product_rank (product_id, recent_sales, updated_at)
VALUES ((SELECT id FROM product WHERE code = 'P51929177980' LIMIT 1), 1890, '2025-09-29 12:00:00');


INSERT INTO product (brand_id, name, code, description, instruction, ingredients, cautions, disclaimer,
                     sale_start_date, expiration_date, max_qty_per_order, sales, avg_rating, review_count, min_price)
VALUES ((SELECT id FROM brand WHERE name = '기타'),
        '쏜리서치 칼슘 마그네슘 말산염 240캡슐',
        'P26415553522', '쏜리서치 칼슘 마그네슘 말산염 240캡슐',
        '하루 1-2캡슐을 식후에 섭취하세요.', '칼슘, 마그네슘, 말산염',
        '과다섭취 시 부작용이 있을 수 있습니다.', '본 제품은 질병의 예방 및 치료를 위한 의약품이 아닙니다.',
        '2025-03-27 00:00:00', 30, 6, 1890, 4.4, 280, 28900);
INSERT INTO product_img (product_id, image_url, alt_text, sort_idx, is_primary)
VALUES ((SELECT id FROM product WHERE code = 'P26415553522' LIMIT 1),
        'https://shopping-phinf.pstatic.net/main_2641555/26415553522.1.jpg', '대표 이미지', 0, 1),
       ((SELECT id FROM product WHERE code = 'P26415553522' LIMIT 1),
        'https://shopping-phinf.pstatic.net/main_2641555/26415553522.2.jpg', '상품 상세', 1, 0),
       ((SELECT id FROM product WHERE code = 'P26415553522' LIMIT 1),
        'https://shopping-phinf.pstatic.net/main_2641555/26415553522.3.jpg', '성분 정보', 2, 0);
INSERT INTO product_variant (product_id, variant_name, list_price, sale_price, volume, upc_code, pill_size,
                             nutrition_facts, max_qty_per_order, restock_eta)
VALUES ((SELECT id FROM product WHERE code = 'P26415553522' LIMIT 1), '240캡슐', 28900, 26900, 240, '600000000175',
        '10x10x5mm', '칼슘+마그네슘 말산염', 6, NULL),
       ((SELECT id FROM product WHERE code = 'P26415553522' LIMIT 1), '120캡슐', 18900, 16900, 120, '600000000176',
        '10x10x5mm', '칼슘+마그네슘 말산염', 6, NULL);
INSERT IGNORE INTO stock (product_variant_id, amount, updated_at, restocked_at)
VALUES ((SELECT id
         FROM product_variant
         WHERE variant_name = '240캡슐'
           AND product_id = (SELECT id FROM product WHERE code = 'P26415553522' LIMIT 1)
         LIMIT 1),
        60, '2025-09-29 12:00:00', '2025-08-20 12:00:00'),
       ((SELECT id
         FROM product_variant
         WHERE variant_name = '120캡슐'
           AND product_id = (SELECT id FROM product WHERE code = 'P26415553522' LIMIT 1)
         LIMIT 1),
        40, '2025-09-29 12:00:00', '2025-08-20 12:00:00');
INSERT INTO product_category (product_id, category_id)
VALUES ((SELECT id FROM product WHERE code = 'P26415553522' LIMIT 1),
        (SELECT id FROM category WHERE name = '칼슘' LIMIT 1));
INSERT IGNORE INTO product_rank (product_id, recent_sales, updated_at)
VALUES ((SELECT id FROM product WHERE code = 'P26415553522' LIMIT 1), 1890, '2025-09-29 12:00:00');


INSERT IGNORE INTO brand (name)
VALUES ('어바인랩');
INSERT IGNORE INTO brand (name)
VALUES ('네오웰스');
INSERT IGNORE INTO brand (name)
VALUES ('뉴로랩스');
INSERT IGNORE INTO brand (name)
VALUES ('건강톡톡');
INSERT IGNORE INTO brand (name)
VALUES ('바이오렉트라');
INSERT IGNORE INTO brand (name)
VALUES ('뚱따리월드');
INSERT IGNORE INTO brand (name)
VALUES ('세노비스');

INSERT INTO product (brand_id, name, code, description, instruction, ingredients, cautions, disclaimer,
                     sale_start_date, expiration_date, max_qty_per_order, sales, avg_rating, review_count, min_price)
VALUES ((SELECT id FROM brand WHERE name = '기타'),
        '칼마디 K2 어바인랩 WPE 칼슘 마그네슘 비타민 D K2 임산부 영양제 60캡슐, 1개',
        'P88253066008', '칼마디 K2 어바인랩 WPE 칼슘 마그네슘 비타민 D K2 임산부 영양제 60캡슐, 1개',
        '하루 1-2캡슐을 식후에 섭취하세요.', '칼슘, 마그네슘, 비타민 D, 비타민 K2',
        '과다섭취 시 부작용이 있을 수 있습니다.', '본 제품은 질병의 예방 및 치료를 위한 의약품이 아닙니다.',
        '2025-03-28 00:00:00', 30, 6, 1890, 4.3, 280, 19800);
INSERT INTO product_img (product_id, image_url, alt_text, sort_idx, is_primary)
VALUES ((SELECT id FROM product WHERE code = 'P88253066008' LIMIT 1),
        'https://shopping-phinf.pstatic.net/main_8825306/88253066008.1.jpg', '대표 이미지', 0, 1),
       ((SELECT id FROM product WHERE code = 'P88253066008' LIMIT 1),
        'https://shopping-phinf.pstatic.net/main_8825306/88253066008.2.jpg', '상품 상세', 1, 0),
       ((SELECT id FROM product WHERE code = 'P88253066008' LIMIT 1),
        'https://shopping-phinf.pstatic.net/main_8825306/88253066008.3.jpg', '성분 정보', 2, 0);
INSERT INTO product_variant (product_id, variant_name, list_price, sale_price, volume, upc_code, pill_size,
                             nutrition_facts, max_qty_per_order, restock_eta)
VALUES ((SELECT id FROM product WHERE code = 'P88253066008' LIMIT 1), '60캡슐', 19800, 17800, 60, '600000000177',
        '10x10x5mm', '칼슘+마그네슘+비타민D+K2', 6, NULL),
       ((SELECT id FROM product WHERE code = 'P88253066008' LIMIT 1), '30캡슐', 12800, 10800, 30, '600000000178',
        '10x10x5mm', '칼슘+마그네슘+비타민D+K2', 6, NULL);
INSERT IGNORE INTO stock (product_variant_id, amount, updated_at, restocked_at)
VALUES ((SELECT id
         FROM product_variant
         WHERE variant_name = '60캡슐'
           AND product_id = (SELECT id FROM product WHERE code = 'P88253066008' LIMIT 1)
         LIMIT 1),
        100, '2025-09-29 12:00:00', '2025-08-20 12:00:00'),
       ((SELECT id
         FROM product_variant
         WHERE variant_name = '30캡슐'
           AND product_id = (SELECT id FROM product WHERE code = 'P88253066008' LIMIT 1)
         LIMIT 1),
        70, '2025-09-29 12:00:00', '2025-08-20 12:00:00');
INSERT INTO product_category (product_id, category_id)
VALUES ((SELECT id FROM product WHERE code = 'P88253066008' LIMIT 1),
        (SELECT id FROM category WHERE name = '칼슘' LIMIT 1));
INSERT IGNORE INTO product_rank (product_id, recent_sales, updated_at)
VALUES ((SELECT id FROM product WHERE code = 'P88253066008' LIMIT 1), 1890, '2025-09-29 12:00:00');


INSERT INTO product (brand_id, name, code, description, instruction, ingredients, cautions, disclaimer,
                     sale_start_date, expiration_date, max_qty_per_order, sales, avg_rating, review_count, min_price)
VALUES ((SELECT id FROM brand WHERE name = '네오웰스'),
        '네오웰스 이탄탄 치아 건강 칼슘 영양제/ 약 2달분에 잇몸 좋은 칫솔/ 60정, 1개',
        'P83396183556', '네오웰스 이탄탄 치아 건강 칼슘 영양제/ 약 2달분에 잇몸 좋은 칫솔/ 60정, 1개',
        '하루 1-2정을 식후에 섭취하세요.', '칼슘, 마그네슘, 비타민 D',
        '과다섭취 시 부작용이 있을 수 있습니다.', '본 제품은 질병의 예방 및 치료를 위한 의약품이 아닙니다.',
        '2025-03-29 00:00:00', 30, 6, 1890, 4.5, 280, 32000);
INSERT INTO product_img (product_id, image_url, alt_text, sort_idx, is_primary)
VALUES ((SELECT id FROM product WHERE code = 'P83396183556' LIMIT 1),
        'https://shopping-phinf.pstatic.net/main_8339618/83396183556.1.jpg', '대표 이미지', 0, 1),
       ((SELECT id FROM product WHERE code = 'P83396183556' LIMIT 1),
        'https://shopping-phinf.pstatic.net/main_8339618/83396183556.2.jpg', '상품 상세', 1, 0),
       ((SELECT id FROM product WHERE code = 'P83396183556' LIMIT 1),
        'https://shopping-phinf.pstatic.net/main_8339618/83396183556.3.jpg', '성분 정보', 2, 0);
INSERT INTO product_variant (product_id, variant_name, list_price, sale_price, volume, upc_code, pill_size,
                             nutrition_facts, max_qty_per_order, restock_eta)
VALUES ((SELECT id FROM product WHERE code = 'P83396183556' LIMIT 1), '60정', 32000, 30000, 60, '600000000179',
        '10x10x5mm', '칼슘+마그네슘+비타민D', 6, NULL),
       ((SELECT id FROM product WHERE code = 'P83396183556' LIMIT 1), '30정', 21000, 19000, 30, '600000000180',
        '10x10x5mm', '칼슘+마그네슘+비타민D', 6, NULL);
INSERT IGNORE INTO stock (product_variant_id, amount, updated_at, restocked_at)
VALUES ((SELECT id
         FROM product_variant
         WHERE variant_name = '60정'
           AND product_id = (SELECT id FROM product WHERE code = 'P83396183556' LIMIT 1)
         LIMIT 1),
        70, '2025-09-29 12:00:00', '2025-08-20 12:00:00'),
       ((SELECT id
         FROM product_variant
         WHERE variant_name = '30정'
           AND product_id = (SELECT id FROM product WHERE code = 'P83396183556' LIMIT 1)
         LIMIT 1),
        45, '2025-09-29 12:00:00', '2025-08-20 12:00:00');
INSERT INTO product_category (product_id, category_id)
VALUES ((SELECT id FROM product WHERE code = 'P83396183556' LIMIT 1),
        (SELECT id FROM category WHERE name = '칼슘' LIMIT 1));
INSERT IGNORE INTO product_rank (product_id, recent_sales, updated_at)
VALUES ((SELECT id FROM product WHERE code = 'P83396183556' LIMIT 1), 1890, '2025-09-29 12:00:00');


INSERT INTO product (brand_id, name, code, description, instruction, ingredients, cautions, disclaimer,
                     sale_start_date, expiration_date, max_qty_per_order, sales, avg_rating, review_count, min_price)
VALUES ((SELECT id FROM brand WHERE name = '뉴로랩스'),
        '뉴로랩스 덴시티아 60정 치아 건강 칼슘 영양제 / 잇몸 치약 + 약 케이스 제공',
        'P86647081109', '뉴로랩스 덴시티아 60정 치아 건강 칼슘 영양제 / 잇몸 치약 + 약 케이스 제공',
        '하루 1-2정을 식후에 섭취하세요.', '칼슘, 마그네슘, 비타민 D',
        '과다섭취 시 부작용이 있을 수 있습니다.', '본 제품은 질병의 예방 및 치료를 위한 의약품이 아닙니다.',
        '2025-03-30 00:00:00', 30, 6, 1890, 4.6, 280, 47000);
INSERT INTO product_img (product_id, image_url, alt_text, sort_idx, is_primary)
VALUES ((SELECT id FROM product WHERE code = 'P86647081109' LIMIT 1),
        'https://shopping-phinf.pstatic.net/main_8664708/86647081109.1.jpg', '대표 이미지', 0, 1),
       ((SELECT id FROM product WHERE code = 'P86647081109' LIMIT 1),
        'https://shopping-phinf.pstatic.net/main_8664708/86647081109.2.jpg', '상품 상세', 1, 0),
       ((SELECT id FROM product WHERE code = 'P86647081109' LIMIT 1),
        'https://shopping-phinf.pstatic.net/main_8664708/86647081109.3.jpg', '성분 정보', 2, 0);
INSERT INTO product_variant (product_id, variant_name, list_price, sale_price, volume, upc_code, pill_size,
                             nutrition_facts, max_qty_per_order, restock_eta)
VALUES ((SELECT id FROM product WHERE code = 'P86647081109' LIMIT 1), '60정', 47000, 45000, 60, '600000000181',
        '10x10x5mm', '칼슘+마그네슘+비타민D', 6, NULL),
       ((SELECT id FROM product WHERE code = 'P86647081109' LIMIT 1), '30정', 31000, 29000, 30, '600000000182',
        '10x10x5mm', '칼슘+마그네슘+비타민D', 6, NULL);
INSERT IGNORE INTO stock (product_variant_id, amount, updated_at, restocked_at)
VALUES ((SELECT id
         FROM product_variant
         WHERE variant_name = '60정'
           AND product_id = (SELECT id FROM product WHERE code = 'P86647081109' LIMIT 1)
         LIMIT 1),
        50, '2025-09-29 12:00:00', '2025-08-20 12:00:00'),
       ((SELECT id
         FROM product_variant
         WHERE variant_name = '30정'
           AND product_id = (SELECT id FROM product WHERE code = 'P86647081109' LIMIT 1)
         LIMIT 1),
        35, '2025-09-29 12:00:00', '2025-08-20 12:00:00');
INSERT INTO product_category (product_id, category_id)
VALUES ((SELECT id FROM product WHERE code = 'P86647081109' LIMIT 1),
        (SELECT id FROM category WHERE name = '칼슘' LIMIT 1));
INSERT IGNORE INTO product_rank (product_id, recent_sales, updated_at)
VALUES ((SELECT id FROM product WHERE code = 'P86647081109' LIMIT 1), 1890, '2025-09-29 12:00:00');


INSERT INTO product (brand_id, name, code, description, instruction, ingredients, cautions, disclaimer,
                     sale_start_date, expiration_date, max_qty_per_order, sales, avg_rating, review_count, min_price)
VALUES ((SELECT id FROM brand WHERE name = 'GNM자연의품격'),
        '[총 9개월분] GNM 칼슘 마그네슘 아연 비타민D 90정 x 3병 / 칼마디',
        'P83123776638', '[총 9개월분] GNM 칼슘 마그네슘 아연 비타민D 90정 x 3병 / 칼마디',
        '하루 1-2정을 식후에 섭취하세요.', '칼슘, 마그네슘, 아연, 비타민 D',
        '과다섭취 시 부작용이 있을 수 있습니다.', '본 제품은 질병의 예방 및 치료를 위한 의약품이 아닙니다.',
        '2025-03-31 00:00:00', 30, 6, 1890, 4.4, 280, 32900);
INSERT INTO product_img (product_id, image_url, alt_text, sort_idx, is_primary)
VALUES ((SELECT id FROM product WHERE code = 'P83123776638' LIMIT 1),
        'https://shopping-phinf.pstatic.net/main_8312377/83123776638.1.jpg', '대표 이미지', 0, 1),
       ((SELECT id FROM product WHERE code = 'P83123776638' LIMIT 1),
        'https://shopping-phinf.pstatic.net/main_8312377/83123776638.2.jpg', '상품 상세', 1, 0),
       ((SELECT id FROM product WHERE code = 'P83123776638' LIMIT 1),
        'https://shopping-phinf.pstatic.net/main_8312377/83123776638.3.jpg', '성분 정보', 2, 0);
INSERT INTO product_variant (product_id, variant_name, list_price, sale_price, volume, upc_code, pill_size,
                             nutrition_facts, max_qty_per_order, restock_eta)
VALUES ((SELECT id FROM product WHERE code = 'P83123776638' LIMIT 1), '3병', 32900, 30900, 3, '600000000183',
        '10x10x5mm', '칼슘+마그네슘+아연+비타민D', 6, NULL),
       ((SELECT id FROM product WHERE code = 'P83123776638' LIMIT 1), '1병', 12900, 10900, 1, '600000000184',
        '10x10x5mm', '칼슘+마그네슘+아연+비타민D', 6, NULL);
INSERT IGNORE INTO stock (product_variant_id, amount, updated_at, restocked_at)
VALUES ((SELECT id
         FROM product_variant
         WHERE variant_name = '3병'
           AND product_id = (SELECT id FROM product WHERE code = 'P83123776638' LIMIT 1)
         LIMIT 1),
        60, '2025-09-29 12:00:00', '2025-08-20 12:00:00'),
       ((SELECT id
         FROM product_variant
         WHERE variant_name = '1병'
           AND product_id = (SELECT id FROM product WHERE code = 'P83123776638' LIMIT 1)
         LIMIT 1),
        40, '2025-09-29 12:00:00', '2025-08-20 12:00:00');
INSERT INTO product_category (product_id, category_id)
VALUES ((SELECT id FROM product WHERE code = 'P83123776638' LIMIT 1),
        (SELECT id FROM category WHERE name = '칼슘' LIMIT 1));
INSERT IGNORE INTO product_rank (product_id, recent_sales, updated_at)
VALUES ((SELECT id FROM product WHERE code = 'P83123776638' LIMIT 1), 1890, '2025-09-29 12:00:00');


INSERT INTO product (brand_id, name, code, description, instruction, ingredients, cautions, disclaimer,
                     sale_start_date, expiration_date, max_qty_per_order, sales, avg_rating, review_count, min_price)
VALUES ((SELECT id FROM brand WHERE name = '종근당'),
        '종근당 어린이 칼슘 마그네슘 비타민D 아연 칼마디 키즈 초등학생 칼슘 120정',
        'P82164461657', '종근당 어린이 칼슘 마그네슘 비타민D 아연 칼마디 키즈 초등학생 칼슘 120정',
        '하루 1-2정을 식후에 섭취하세요.', '칼슘, 마그네슘, 비타민 D, 아연',
        '과다섭취 시 부작용이 있을 수 있습니다.', '본 제품은 질병의 예방 및 치료를 위한 의약품이 아닙니다.',
        '2025-04-01 00:00:00', 30, 6, 1890, 4.2, 280, 18600);
INSERT INTO product_img (product_id, image_url, alt_text, sort_idx, is_primary)
VALUES ((SELECT id FROM product WHERE code = 'P82164461657' LIMIT 1),
        'https://shopping-phinf.pstatic.net/main_8216446/82164461657.1.jpg', '대표 이미지', 0, 1),
       ((SELECT id FROM product WHERE code = 'P82164461657' LIMIT 1),
        'https://shopping-phinf.pstatic.net/main_8216446/82164461657.2.jpg', '상품 상세', 1, 0),
       ((SELECT id FROM product WHERE code = 'P82164461657' LIMIT 1),
        'https://shopping-phinf.pstatic.net/main_8216446/82164461657.3.jpg', '성분 정보', 2, 0);
INSERT INTO product_variant (product_id, variant_name, list_price, sale_price, volume, upc_code, pill_size,
                             nutrition_facts, max_qty_per_order, restock_eta)
VALUES ((SELECT id FROM product WHERE code = 'P82164461657' LIMIT 1), '120정', 18600, 16600, 120, '600000000185',
        '10x10x5mm', '칼슘+마그네슘+비타민D+아연', 6, NULL),
       ((SELECT id FROM product WHERE code = 'P82164461657' LIMIT 1), '60정', 12600, 10600, 60, '600000000186',
        '10x10x5mm', '칼슘+마그네슘+비타민D+아연', 6, NULL);
INSERT IGNORE INTO stock (product_variant_id, amount, updated_at, restocked_at)
VALUES ((SELECT id
         FROM product_variant
         WHERE variant_name = '120정'
           AND product_id = (SELECT id FROM product WHERE code = 'P82164461657' LIMIT 1)
         LIMIT 1),
        130, '2025-09-29 12:00:00', '2025-08-20 12:00:00'),
       ((SELECT id
         FROM product_variant
         WHERE variant_name = '60정'
           AND product_id = (SELECT id FROM product WHERE code = 'P82164461657' LIMIT 1)
         LIMIT 1),
        85, '2025-09-29 12:00:00', '2025-08-20 12:00:00');
INSERT INTO product_category (product_id, category_id)
VALUES ((SELECT id FROM product WHERE code = 'P82164461657' LIMIT 1),
        (SELECT id FROM category WHERE name = '칼슘' LIMIT 1));
INSERT IGNORE INTO product_rank (product_id, recent_sales, updated_at)
VALUES ((SELECT id FROM product WHERE code = 'P82164461657' LIMIT 1), 1890, '2025-09-29 12:00:00');


INSERT INTO product (brand_id, name, code, description, instruction, ingredients, cautions, disclaimer,
                     sale_start_date, expiration_date, max_qty_per_order, sales, avg_rating, review_count, min_price)
VALUES ((SELECT id FROM brand WHERE name = '더리얼'),
        '더리얼 마그네슘 맥스 플러스 캐나다 산화제품 영양제 보충제',
        'P81925888613', '더리얼 마그네슘 맥스 플러스 캐나다 산화제품 영양제 보충제',
        '하루 1-2정을 식후에 섭취하세요.', '마그네슘, 산화마그네슘',
        '과다섭취 시 부작용이 있을 수 있습니다.', '본 제품은 질병의 예방 및 치료를 위한 의약품이 아닙니다.',
        '2025-04-02 00:00:00', 30, 6, 1890, 4.3, 280, 26800);
INSERT INTO product_img (product_id, image_url, alt_text, sort_idx, is_primary)
VALUES ((SELECT id FROM product WHERE code = 'P81925888613' LIMIT 1),
        'https://shopping-phinf.pstatic.net/main_8192588/81925888613.1.jpg', '대표 이미지', 0, 1),
       ((SELECT id FROM product WHERE code = 'P81925888613' LIMIT 1),
        'https://shopping-phinf.pstatic.net/main_8192588/81925888613.2.jpg', '상품 상세', 1, 0),
       ((SELECT id FROM product WHERE code = 'P81925888613' LIMIT 1),
        'https://shopping-phinf.pstatic.net/main_8192588/81925888613.3.jpg', '성분 정보', 2, 0);
INSERT INTO product_variant (product_id, variant_name, list_price, sale_price, volume, upc_code, pill_size,
                             nutrition_facts, max_qty_per_order, restock_eta)
VALUES ((SELECT id FROM product WHERE code = 'P81925888613' LIMIT 1), '120정', 26800, 24800, 120, '600000000187',
        '10x10x5mm', '마그네슘 고함량', 6, NULL),
       ((SELECT id FROM product WHERE code = 'P81925888613' LIMIT 1), '60정', 17800, 15800, 60, '600000000188',
        '10x10x5mm', '마그네슘 고함량', 6, NULL);
INSERT IGNORE INTO stock (product_variant_id, amount, updated_at, restocked_at)
VALUES ((SELECT id
         FROM product_variant
         WHERE variant_name = '120정'
           AND product_id = (SELECT id FROM product WHERE code = 'P81925888613' LIMIT 1)
         LIMIT 1),
        90, '2025-09-29 12:00:00', '2025-08-20 12:00:00'),
       ((SELECT id
         FROM product_variant
         WHERE variant_name = '60정'
           AND product_id = (SELECT id FROM product WHERE code = 'P81925888613' LIMIT 1)
         LIMIT 1),
        60, '2025-09-29 12:00:00', '2025-08-20 12:00:00');
INSERT INTO product_category (product_id, category_id)
VALUES ((SELECT id FROM product WHERE code = 'P81925888613' LIMIT 1),
        (SELECT id FROM category WHERE name = '마그네슘' LIMIT 1));
INSERT IGNORE INTO product_rank (product_id, recent_sales, updated_at)
VALUES ((SELECT id FROM product WHERE code = 'P81925888613' LIMIT 1), 1890, '2025-09-29 12:00:00');


INSERT INTO product (brand_id, name, code, description, instruction, ingredients, cautions, disclaimer,
                     sale_start_date, expiration_date, max_qty_per_order, sales, avg_rating, review_count, min_price)
VALUES ((SELECT id FROM brand WHERE name = '바이오렉트라'),
        '[공식] 헤어메스 바이오렉트라 마그네슘 독일 임산부 어린이 키즈',
        'P82448488373', '[공식] 헤어메스 바이오렉트라 마그네슘 독일 임산부 어린이 키즈',
        '하루 1-2정을 식후에 섭취하세요.', '마그네슘, 산화마그네슘',
        '과다섭취 시 부작용이 있을 수 있습니다.', '본 제품은 질병의 예방 및 치료를 위한 의약품이 아닙니다.',
        '2025-04-03 00:00:00', 30, 6, 1890, 4.5, 280, 22000);
INSERT INTO product_img (product_id, image_url, alt_text, sort_idx, is_primary)
VALUES ((SELECT id FROM product WHERE code = 'P82448488373' LIMIT 1),
        'https://shopping-phinf.pstatic.net/main_8244848/82448488373.1.jpg', '대표 이미지', 0, 1),
       ((SELECT id FROM product WHERE code = 'P82448488373' LIMIT 1),
        'https://shopping-phinf.pstatic.net/main_8244848/82448488373.2.jpg', '상품 상세', 1, 0),
       ((SELECT id FROM product WHERE code = 'P82448488373' LIMIT 1),
        'https://shopping-phinf.pstatic.net/main_8244848/82448488373.3.jpg', '성분 정보', 2, 0);
INSERT INTO product_variant (product_id, variant_name, list_price, sale_price, volume, upc_code, pill_size,
                             nutrition_facts, max_qty_per_order, restock_eta)
VALUES ((SELECT id FROM product WHERE code = 'P82448488373' LIMIT 1), '90정', 22000, 20000, 90, '600000000189',
        '10x10x5mm', '마그네슘 고함량', 6, NULL),
       ((SELECT id FROM product WHERE code = 'P82448488373' LIMIT 1), '45정', 15000, 13000, 45, '600000000190',
        '10x10x5mm', '마그네슘 고함량', 6, NULL);
INSERT IGNORE INTO stock (product_variant_id, amount, updated_at, restocked_at)
VALUES ((SELECT id
         FROM product_variant
         WHERE variant_name = '90정'
           AND product_id = (SELECT id FROM product WHERE code = 'P82448488373' LIMIT 1)
         LIMIT 1),
        80, '2025-09-29 12:00:00', '2025-08-20 12:00:00'),
       ((SELECT id
         FROM product_variant
         WHERE variant_name = '45정'
           AND product_id = (SELECT id FROM product WHERE code = 'P82448488373' LIMIT 1)
         LIMIT 1),
        55, '2025-09-29 12:00:00', '2025-08-20 12:00:00');
INSERT INTO product_category (product_id, category_id)
VALUES ((SELECT id FROM product WHERE code = 'P82448488373' LIMIT 1),
        (SELECT id FROM category WHERE name = '마그네슘' LIMIT 1));
INSERT IGNORE INTO product_rank (product_id, recent_sales, updated_at)
VALUES ((SELECT id FROM product WHERE code = 'P82448488373' LIMIT 1), 1890, '2025-09-29 12:00:00');


INSERT INTO product (brand_id, name, code, description, instruction, ingredients, cautions, disclaimer,
                     sale_start_date, expiration_date, max_qty_per_order, sales, avg_rating, review_count, min_price)
VALUES ((SELECT id FROM brand WHERE name = '닥터스베스트'),
        '1+1 닥터스베스트 킬레이트 마그네슘 글리시네이트 100mg 120타블렛',
        'P88016571260', '1+1 닥터스베스트 킬레이트 마그네슘 글리시네이트 100mg 120타블렛',
        '하루 1-2정을 식후에 섭취하세요.', '마그네슘, 글리시네이트',
        '과다섭취 시 부작용이 있을 수 있습니다.', '본 제품은 질병의 예방 및 치료를 위한 의약품이 아닙니다.',
        '2025-04-04 00:00:00', 30, 6, 1890, 4.4, 280, 32700);
INSERT INTO product_img (product_id, image_url, alt_text, sort_idx, is_primary)
VALUES ((SELECT id FROM product WHERE code = 'P88016571260' LIMIT 1),
        'https://shopping-phinf.pstatic.net/main_8801657/88016571260.1.jpg', '대표 이미지', 0, 1),
       ((SELECT id FROM product WHERE code = 'P88016571260' LIMIT 1),
        'https://shopping-phinf.pstatic.net/main_8801657/88016571260.2.jpg', '상품 상세', 1, 0),
       ((SELECT id FROM product WHERE code = 'P88016571260' LIMIT 1),
        'https://shopping-phinf.pstatic.net/main_8801657/88016571260.3.jpg', '성분 정보', 2, 0);
INSERT INTO product_variant (product_id, variant_name, list_price, sale_price, volume, upc_code, pill_size,
                             nutrition_facts, max_qty_per_order, restock_eta)
VALUES ((SELECT id FROM product WHERE code = 'P88016571260' LIMIT 1), '2개', 32700, 30700, 2, '600000000191',
        '10x10x5mm', '킬레이트 마그네슘', 6, NULL),
       ((SELECT id FROM product WHERE code = 'P88016571260' LIMIT 1), '1개', 19700, 17700, 1, '600000000192',
        '10x10x5mm', '킬레이트 마그네슘', 6, NULL);
INSERT IGNORE INTO stock (product_variant_id, amount, updated_at, restocked_at)
VALUES ((SELECT id
         FROM product_variant
         WHERE variant_name = '2개'
           AND product_id = (SELECT id FROM product WHERE code = 'P88016571260' LIMIT 1)
         LIMIT 1),
        50, '2025-09-29 12:00:00', '2025-08-20 12:00:00'),
       ((SELECT id
         FROM product_variant
         WHERE variant_name = '1개'
           AND product_id = (SELECT id FROM product WHERE code = 'P88016571260' LIMIT 1)
         LIMIT 1),
        30, '2025-09-29 12:00:00', '2025-08-20 12:00:00');
INSERT INTO product_category (product_id, category_id)
VALUES ((SELECT id FROM product WHERE code = 'P88016571260' LIMIT 1),
        (SELECT id FROM category WHERE name = '마그네슘' LIMIT 1));
INSERT IGNORE INTO product_rank (product_id, recent_sales, updated_at)
VALUES ((SELECT id FROM product WHERE code = 'P88016571260' LIMIT 1), 1890, '2025-09-29 12:00:00');


INSERT INTO product (brand_id, name, code, description, instruction, ingredients, cautions, disclaimer,
                     sale_start_date, expiration_date, max_qty_per_order, sales, avg_rating, review_count, min_price)
VALUES ((SELECT id FROM brand WHERE name = 'GNM자연의품격'),
        'GNM자연의품격 마그네슘05 800mg x 120정, 1개',
        'P51929282682', 'GNM자연의품격 마그네슘05 800mg x 120정, 1개',
        '하루 1-2정을 식후에 섭취하세요.', '마그네슘, 산화마그네슘',
        '과다섭취 시 부작용이 있을 수 있습니다.', '본 제품은 질병의 예방 및 치료를 위한 의약품이 아닙니다.',
        '2025-04-05 00:00:00', 30, 6, 1890, 4.1, 280, 11600);
INSERT INTO product_img (product_id, image_url, alt_text, sort_idx, is_primary)
VALUES ((SELECT id FROM product WHERE code = 'P51929282682' LIMIT 1),
        'https://shopping-phinf.pstatic.net/main_5192928/51929282682.1.jpg', '대표 이미지', 0, 1),
       ((SELECT id FROM product WHERE code = 'P51929282682' LIMIT 1),
        'https://shopping-phinf.pstatic.net/main_5192928/51929282682.2.jpg', '상품 상세', 1, 0),
       ((SELECT id FROM product WHERE code = 'P51929282682' LIMIT 1),
        'https://shopping-phinf.pstatic.net/main_5192928/51929282682.3.jpg', '성분 정보', 2, 0);
INSERT INTO product_variant (product_id, variant_name, list_price, sale_price, volume, upc_code, pill_size,
                             nutrition_facts, max_qty_per_order, restock_eta)
VALUES ((SELECT id FROM product WHERE code = 'P51929282682' LIMIT 1), '120정', 11600, 9600, 120, '600000000193',
        '10x10x5mm', '마그네슘 고함량', 6, NULL),
       ((SELECT id FROM product WHERE code = 'P51929282682' LIMIT 1), '60정', 7600, 5600, 60, '600000000194',
        '10x10x5mm', '마그네슘 고함량', 6, NULL);
INSERT IGNORE INTO stock (product_variant_id, amount, updated_at, restocked_at)
VALUES ((SELECT id
         FROM product_variant
         WHERE variant_name = '120정'
           AND product_id = (SELECT id FROM product WHERE code = 'P51929282682' LIMIT 1)
         LIMIT 1),
        150, '2025-09-29 12:00:00', '2025-08-20 12:00:00'),
       ((SELECT id
         FROM product_variant
         WHERE variant_name = '60정'
           AND product_id = (SELECT id FROM product WHERE code = 'P51929282682' LIMIT 1)
         LIMIT 1),
        100, '2025-09-29 12:00:00', '2025-08-20 12:00:00');
INSERT INTO product_category (product_id, category_id)
VALUES ((SELECT id FROM product WHERE code = 'P51929282682' LIMIT 1),
        (SELECT id FROM category WHERE name = '마그네슘' LIMIT 1));
INSERT IGNORE INTO product_rank (product_id, recent_sales, updated_at)
VALUES ((SELECT id FROM product WHERE code = 'P51929282682' LIMIT 1), 1890, '2025-09-29 12:00:00');


INSERT INTO product (brand_id, name, code, description, instruction, ingredients, cautions, disclaimer,
                     sale_start_date, expiration_date, max_qty_per_order, sales, avg_rating, review_count, min_price)
VALUES ((SELECT id FROM brand WHERE name = '세노비스'),
        '세노비스 마그네슘 1000mg x 90정, 1개',
        'P51929514736', '세노비스 마그네슘 1000mg x 90정, 1개',
        '하루 1-2정을 식후에 섭취하세요.', '마그네슘, 산화마그네슘',
        '과다섭취 시 부작용이 있을 수 있습니다.', '본 제품은 질병의 예방 및 치료를 위한 의약품이 아닙니다.',
        '2025-04-06 00:00:00', 30, 6, 1890, 4.2, 280, 16180);
INSERT INTO product_img (product_id, image_url, alt_text, sort_idx, is_primary)
VALUES ((SELECT id FROM product WHERE code = 'P51929514736' LIMIT 1),
        'https://shopping-phinf.pstatic.net/main_5192951/51929514736.1.jpg', '대표 이미지', 0, 1),
       ((SELECT id FROM product WHERE code = 'P51929514736' LIMIT 1),
        'https://shopping-phinf.pstatic.net/main_5192951/51929514736.2.jpg', '상품 상세', 1, 0),
       ((SELECT id FROM product WHERE code = 'P51929514736' LIMIT 1),
        'https://shopping-phinf.pstatic.net/main_5192951/51929514736.3.jpg', '성분 정보', 2, 0);
INSERT INTO product_variant (product_id, variant_name, list_price, sale_price, volume, upc_code, pill_size,
                             nutrition_facts, max_qty_per_order, restock_eta)
VALUES ((SELECT id FROM product WHERE code = 'P51929514736' LIMIT 1), '90정', 16180, 14180, 90, '600000000195',
        '10x10x5mm', '마그네슘 고함량', 6, NULL),
       ((SELECT id FROM product WHERE code = 'P51929514736' LIMIT 1), '45정', 11180, 9180, 45, '600000000196',
        '10x10x5mm', '마그네슘 고함량', 6, NULL);
INSERT IGNORE INTO stock (product_variant_id, amount, updated_at, restocked_at)
VALUES ((SELECT id
         FROM product_variant
         WHERE variant_name = '90정'
           AND product_id = (SELECT id FROM product WHERE code = 'P51929514736' LIMIT 1)
         LIMIT 1),
        120, '2025-09-29 12:00:00', '2025-08-20 12:00:00'),
       ((SELECT id
         FROM product_variant
         WHERE variant_name = '45정'
           AND product_id = (SELECT id FROM product WHERE code = 'P51929514736' LIMIT 1)
         LIMIT 1),
        80, '2025-09-29 12:00:00', '2025-08-20 12:00:00');
INSERT INTO product_category (product_id, category_id)
VALUES ((SELECT id FROM product WHERE code = 'P51929514736' LIMIT 1),
        (SELECT id FROM category WHERE name = '마그네슘' LIMIT 1));
INSERT IGNORE INTO product_rank (product_id, recent_sales, updated_at)
VALUES ((SELECT id FROM product WHERE code = 'P51929514736' LIMIT 1), 1890, '2025-09-29 12:00:00');


INSERT IGNORE INTO brand (name)
VALUES ('일양약품');
INSERT IGNORE INTO brand (name)
VALUES ('비타생활건강');
INSERT IGNORE INTO brand (name)
VALUES ('뉴트리코어');
INSERT IGNORE INTO brand (name)
VALUES ('닥터린');
INSERT IGNORE INTO brand (name)
VALUES ('녹십자웰빙');
INSERT IGNORE INTO brand (name)
VALUES ('지에스씨몰');

INSERT INTO product (brand_id, name, code, description, instruction, ingredients, cautions, disclaimer,
                     sale_start_date, expiration_date, max_qty_per_order, sales, avg_rating, review_count, min_price)
VALUES ((SELECT id FROM brand WHERE name = '일양약품'),
        '일양약품 액티브 마그네슘 플러스 비타민D 800mg x 120정, 1개',
        'P51929172545', '일양약품 액티브 마그네슘 플러스 비타민D 800mg x 120정, 1개',
        '하루 1-2정을 식후에 섭취하세요.', '마그네슘, 비타민 D',
        '과다섭취 시 부작용이 있을 수 있습니다.', '본 제품은 질병의 예방 및 치료를 위한 의약품이 아닙니다.',
        '2025-04-07 00:00:00', 30, 6, 1890, 4.3, 280, 14000);
INSERT INTO product_img (product_id, image_url, alt_text, sort_idx, is_primary)
VALUES ((SELECT id FROM product WHERE code = 'P51929172545' LIMIT 1),
        'https://shopping-phinf.pstatic.net/main_5192917/51929172545.1.jpg', '대표 이미지', 0, 1),
       ((SELECT id FROM product WHERE code = 'P51929172545' LIMIT 1),
        'https://shopping-phinf.pstatic.net/main_5192917/51929172545.2.jpg', '상품 상세', 1, 0),
       ((SELECT id FROM product WHERE code = 'P51929172545' LIMIT 1),
        'https://shopping-phinf.pstatic.net/main_5192917/51929172545.3.jpg', '성분 정보', 2, 0);
INSERT INTO product_variant (product_id, variant_name, list_price, sale_price, volume, upc_code, pill_size,
                             nutrition_facts, max_qty_per_order, restock_eta)
VALUES ((SELECT id FROM product WHERE code = 'P51929172545' LIMIT 1), '120정', 14000, 12000, 120, '600000000197',
        '10x10x5mm', '마그네슘+비타민D', 6, NULL),
       ((SELECT id FROM product WHERE code = 'P51929172545' LIMIT 1), '60정', 9000, 7000, 60, '600000000198',
        '10x10x5mm', '마그네슘+비타민D', 6, NULL);
INSERT IGNORE INTO stock (product_variant_id, amount, updated_at, restocked_at)
VALUES ((SELECT id
         FROM product_variant
         WHERE variant_name = '120정'
           AND product_id = (SELECT id FROM product WHERE code = 'P51929172545' LIMIT 1)
         LIMIT 1),
        110, '2025-09-29 12:00:00', '2025-08-20 12:00:00'),
       ((SELECT id
         FROM product_variant
         WHERE variant_name = '60정'
           AND product_id = (SELECT id FROM product WHERE code = 'P51929172545' LIMIT 1)
         LIMIT 1),
        75, '2025-09-29 12:00:00', '2025-08-20 12:00:00');
INSERT INTO product_category (product_id, category_id)
VALUES ((SELECT id FROM product WHERE code = 'P51929172545' LIMIT 1),
        (SELECT id FROM category WHERE name = '마그네슘' LIMIT 1));
INSERT IGNORE INTO product_rank (product_id, recent_sales, updated_at)
VALUES ((SELECT id FROM product WHERE code = 'P51929172545' LIMIT 1), 1890, '2025-09-29 12:00:00');


INSERT INTO product (brand_id, name, code, description, instruction, ingredients, cautions, disclaimer,
                     sale_start_date, expiration_date, max_qty_per_order, sales, avg_rating, review_count, min_price)
VALUES ((SELECT id FROM brand WHERE name = '기타'),
        '일양약품 마그네슘 스피드액 글루콘산 마그네슘 액상 마그네슘 영양제 약국',
        'P88700999930', '일양약품 마그네슘 스피드액 글루콘산 마그네슘 액상 마그네슘 영양제 약국',
        '하루 1-2포를 물에 타서 섭취하세요.', '글루콘산 마그네슘',
        '과다섭취 시 부작용이 있을 수 있습니다.', '본 제품은 질병의 예방 및 치료를 위한 의약품이 아닙니다.',
        '2025-04-08 00:00:00', 30, 6, 1890, 4.4, 280, 13500);
INSERT INTO product_img (product_id, image_url, alt_text, sort_idx, is_primary)
VALUES ((SELECT id FROM product WHERE code = 'P88700999930' LIMIT 1),
        'https://shopping-phinf.pstatic.net/main_8870099/88700999930.1.jpg', '대표 이미지', 0, 1),
       ((SELECT id FROM product WHERE code = 'P88700999930' LIMIT 1),
        'https://shopping-phinf.pstatic.net/main_8870099/88700999930.2.jpg', '상품 상세', 1, 0),
       ((SELECT id FROM product WHERE code = 'P88700999930' LIMIT 1),
        'https://shopping-phinf.pstatic.net/main_8870099/88700999930.3.jpg', '성분 정보', 2, 0);
INSERT INTO product_variant (product_id, variant_name, list_price, sale_price, volume, upc_code, pill_size,
                             nutrition_facts, max_qty_per_order, restock_eta)
VALUES ((SELECT id FROM product WHERE code = 'P88700999930' LIMIT 1), '30포', 13500, 11500, 30, '600000000199', '액상',
        '글루콘산 마그네슘', 6, NULL),
       ((SELECT id FROM product WHERE code = 'P88700999930' LIMIT 1), '15포', 8500, 6500, 15, '600000000200', '액상',
        '글루콘산 마그네슘', 6, NULL);
INSERT IGNORE INTO stock (product_variant_id, amount, updated_at, restocked_at)
VALUES ((SELECT id
         FROM product_variant
         WHERE variant_name = '30포'
           AND product_id = (SELECT id FROM product WHERE code = 'P88700999930' LIMIT 1)
         LIMIT 1),
        80, '2025-09-29 12:00:00', '2025-08-20 12:00:00'),
       ((SELECT id
         FROM product_variant
         WHERE variant_name = '15포'
           AND product_id = (SELECT id FROM product WHERE code = 'P88700999930' LIMIT 1)
         LIMIT 1),
        50, '2025-09-29 12:00:00', '2025-08-20 12:00:00');
INSERT INTO product_category (product_id, category_id)
VALUES ((SELECT id FROM product WHERE code = 'P88700999930' LIMIT 1),
        (SELECT id FROM category WHERE name = '마그네슘' LIMIT 1));
INSERT IGNORE INTO product_rank (product_id, recent_sales, updated_at)
VALUES ((SELECT id FROM product WHERE code = 'P88700999930' LIMIT 1), 1890, '2025-09-29 12:00:00');


INSERT INTO product (brand_id, name, code, description, instruction, ingredients, cautions, disclaimer,
                     sale_start_date, expiration_date, max_qty_per_order, sales, avg_rating, review_count, min_price)
VALUES ((SELECT id FROM brand WHERE name = '튼튼백서'),
        '튼튼백서 신경 튼튼 마그네슘 1200mg x 90정, 1개',
        'P51929175771', '튼튼백서 신경 튼튼 마그네슘 1200mg x 90정, 1개',
        '하루 1-2정을 식후에 섭취하세요.', '마그네슘, 산화마그네슘',
        '과다섭취 시 부작용이 있을 수 있습니다.', '본 제품은 질병의 예방 및 치료를 위한 의약품이 아닙니다.',
        '2025-04-09 00:00:00', 30, 6, 1890, 4.2, 280, 15900);
INSERT INTO product_img (product_id, image_url, alt_text, sort_idx, is_primary)
VALUES ((SELECT id FROM product WHERE code = 'P51929175771' LIMIT 1),
        'https://shopping-phinf.pstatic.net/main_5192917/51929175771.1.jpg', '대표 이미지', 0, 1),
       ((SELECT id FROM product WHERE code = 'P51929175771' LIMIT 1),
        'https://shopping-phinf.pstatic.net/main_5192917/51929175771.2.jpg', '상품 상세', 1, 0),
       ((SELECT id FROM product WHERE code = 'P51929175771' LIMIT 1),
        'https://shopping-phinf.pstatic.net/main_5192917/51929175771.3.jpg', '성분 정보', 2, 0);
INSERT INTO product_variant (product_id, variant_name, list_price, sale_price, volume, upc_code, pill_size,
                             nutrition_facts, max_qty_per_order, restock_eta)
VALUES ((SELECT id FROM product WHERE code = 'P51929175771' LIMIT 1), '90정', 15900, 13900, 90, '600000000201',
        '10x10x5mm', '마그네슘 고함량', 6, NULL),
       ((SELECT id FROM product WHERE code = 'P51929175771' LIMIT 1), '45정', 10900, 8900, 45, '600000000202',
        '10x10x5mm', '마그네슘 고함량', 6, NULL);
INSERT IGNORE INTO stock (product_variant_id, amount, updated_at, restocked_at)
VALUES ((SELECT id
         FROM product_variant
         WHERE variant_name = '90정'
           AND product_id = (SELECT id FROM product WHERE code = 'P51929175771' LIMIT 1)
         LIMIT 1),
        95, '2025-09-29 12:00:00', '2025-08-20 12:00:00'),
       ((SELECT id
         FROM product_variant
         WHERE variant_name = '45정'
           AND product_id = (SELECT id FROM product WHERE code = 'P51929175771' LIMIT 1)
         LIMIT 1),
        65, '2025-09-29 12:00:00', '2025-08-20 12:00:00');
INSERT INTO product_category (product_id, category_id)
VALUES ((SELECT id FROM product WHERE code = 'P51929175771' LIMIT 1),
        (SELECT id FROM category WHERE name = '마그네슘' LIMIT 1));
INSERT IGNORE INTO product_rank (product_id, recent_sales, updated_at)
VALUES ((SELECT id FROM product WHERE code = 'P51929175771' LIMIT 1), 1890, '2025-09-29 12:00:00');


INSERT INTO product (brand_id, name, code, description, instruction, ingredients, cautions, disclaimer,
                     sale_start_date, expiration_date, max_qty_per_order, sales, avg_rating, review_count, min_price)
VALUES ((SELECT id FROM brand WHERE name = '뉴트리코어'),
        '뉴트리코어 마그네슘 1350mg x 60정, 1개',
        'P51929471939', '뉴트리코어 마그네슘 1350mg x 60정, 1개',
        '하루 1-2정을 식후에 섭취하세요.', '마그네슘, 산화마그네슘',
        '과다섭취 시 부작용이 있을 수 있습니다.', '본 제품은 질병의 예방 및 치료를 위한 의약품이 아닙니다.',
        '2025-04-10 00:00:00', 30, 6, 1890, 4.5, 280, 31990);
INSERT INTO product_img (product_id, image_url, alt_text, sort_idx, is_primary)
VALUES ((SELECT id FROM product WHERE code = 'P51929471939' LIMIT 1),
        'https://shopping-phinf.pstatic.net/main_5192947/51929471939.1.jpg', '대표 이미지', 0, 1),
       ((SELECT id FROM product WHERE code = 'P51929471939' LIMIT 1),
        'https://shopping-phinf.pstatic.net/main_5192947/51929471939.2.jpg', '상품 상세', 1, 0),
       ((SELECT id FROM product WHERE code = 'P51929471939' LIMIT 1),
        'https://shopping-phinf.pstatic.net/main_5192947/51929471939.3.jpg', '성분 정보', 2, 0);
INSERT INTO product_variant (product_id, variant_name, list_price, sale_price, volume, upc_code, pill_size,
                             nutrition_facts, max_qty_per_order, restock_eta)
VALUES ((SELECT id FROM product WHERE code = 'P51929471939' LIMIT 1), '60정', 31990, 29990, 60, '600000000203',
        '10x10x5mm', '마그네슘 고함량', 6, NULL),
       ((SELECT id FROM product WHERE code = 'P51929471939' LIMIT 1), '30정', 20990, 18990, 30, '600000000204',
        '10x10x5mm', '마그네슘 고함량', 6, NULL);
INSERT IGNORE INTO stock (product_variant_id, amount, updated_at, restocked_at)
VALUES ((SELECT id
         FROM product_variant
         WHERE variant_name = '60정'
           AND product_id = (SELECT id FROM product WHERE code = 'P51929471939' LIMIT 1)
         LIMIT 1),
        70, '2025-09-29 12:00:00', '2025-08-20 12:00:00'),
       ((SELECT id
         FROM product_variant
         WHERE variant_name = '30정'
           AND product_id = (SELECT id FROM product WHERE code = 'P51929471939' LIMIT 1)
         LIMIT 1),
        45, '2025-09-29 12:00:00', '2025-08-20 12:00:00');
INSERT INTO product_category (product_id, category_id)
VALUES ((SELECT id FROM product WHERE code = 'P51929471939' LIMIT 1),
        (SELECT id FROM category WHERE name = '마그네슘' LIMIT 1));
INSERT IGNORE INTO product_rank (product_id, recent_sales, updated_at)
VALUES ((SELECT id FROM product WHERE code = 'P51929471939' LIMIT 1), 1890, '2025-09-29 12:00:00');


INSERT INTO product (brand_id, name, code, description, instruction, ingredients, cautions, disclaimer,
                     sale_start_date, expiration_date, max_qty_per_order, sales, avg_rating, review_count, min_price)
VALUES ((SELECT id FROM brand WHERE name = '뉴트원'),
        '뉴트원 마그네슘 액티브 900mg x 30정, 1개',
        'P51929500872', '뉴트원 마그네슘 액티브 900mg x 30정, 1개',
        '하루 1-2정을 식후에 섭취하세요.', '마그네슘, 산화마그네슘',
        '과다섭취 시 부작용이 있을 수 있습니다.', '본 제품은 질병의 예방 및 치료를 위한 의약품이 아닙니다.',
        '2025-04-11 00:00:00', 30, 6, 1890, 4.1, 280, 13900);
INSERT INTO product_img (product_id, image_url, alt_text, sort_idx, is_primary)
VALUES ((SELECT id FROM product WHERE code = 'P51929500872' LIMIT 1),
        'https://shopping-phinf.pstatic.net/main_5192950/51929500872.1.jpg', '대표 이미지', 0, 1),
       ((SELECT id FROM product WHERE code = 'P51929500872' LIMIT 1),
        'https://shopping-phinf.pstatic.net/main_5192950/51929500872.2.jpg', '상품 상세', 1, 0),
       ((SELECT id FROM product WHERE code = 'P51929500872' LIMIT 1),
        'https://shopping-phinf.pstatic.net/main_5192950/51929500872.3.jpg', '성분 정보', 2, 0);
INSERT INTO product_variant (product_id, variant_name, list_price, sale_price, volume, upc_code, pill_size,
                             nutrition_facts, max_qty_per_order, restock_eta)
VALUES ((SELECT id FROM product WHERE code = 'P51929500872' LIMIT 1), '30정', 13900, 11900, 30, '600000000205',
        '10x10x5mm', '마그네슘 액티브', 6, NULL),
       ((SELECT id FROM product WHERE code = 'P51929500872' LIMIT 1), '15정', 8900, 6900, 15, '600000000206',
        '10x10x5mm', '마그네슘 액티브', 6, NULL);
INSERT IGNORE INTO stock (product_variant_id, amount, updated_at, restocked_at)
VALUES ((SELECT id
         FROM product_variant
         WHERE variant_name = '30정'
           AND product_id = (SELECT id FROM product WHERE code = 'P51929500872' LIMIT 1)
         LIMIT 1),
        120, '2025-09-29 12:00:00', '2025-08-20 12:00:00'),
       ((SELECT id
         FROM product_variant
         WHERE variant_name = '15정'
           AND product_id = (SELECT id FROM product WHERE code = 'P51929500872' LIMIT 1)
         LIMIT 1),
        80, '2025-09-29 12:00:00', '2025-08-20 12:00:00');
INSERT INTO product_category (product_id, category_id)
VALUES ((SELECT id FROM product WHERE code = 'P51929500872' LIMIT 1),
        (SELECT id FROM category WHERE name = '마그네슘' LIMIT 1));
INSERT IGNORE INTO product_rank (product_id, recent_sales, updated_at)
VALUES ((SELECT id FROM product WHERE code = 'P51929500872' LIMIT 1), 1890, '2025-09-29 12:00:00');


INSERT INTO product (brand_id, name, code, description, instruction, ingredients, cautions, disclaimer,
                     sale_start_date, expiration_date, max_qty_per_order, sales, avg_rating, review_count, min_price)
VALUES ((SELECT id FROM brand WHERE name = '닥터스베스트'),
        '닥터스베스트 고흡수 마그네슘 100mg x 240정, 1개',
        'P53548645762', '닥터스베스트 고흡수 마그네슘 100mg x 240정, 1개',
        '하루 1-2정을 식후에 섭취하세요.', '마그네슘, 산화마그네슘',
        '과다섭취 시 부작용이 있을 수 있습니다.', '본 제품은 질병의 예방 및 치료를 위한 의약품이 아닙니다.',
        '2025-04-12 00:00:00', 30, 6, 1890, 4.6, 280, 8950);
INSERT INTO product_img (product_id, image_url, alt_text, sort_idx, is_primary)
VALUES ((SELECT id FROM product WHERE code = 'P53548645762' LIMIT 1),
        'https://shopping-phinf.pstatic.net/main_5354864/53548645762.1.jpg', '대표 이미지', 0, 1),
       ((SELECT id FROM product WHERE code = 'P53548645762' LIMIT 1),
        'https://shopping-phinf.pstatic.net/main_5354864/53548645762.2.jpg', '상품 상세', 1, 0),
       ((SELECT id FROM product WHERE code = 'P53548645762' LIMIT 1),
        'https://shopping-phinf.pstatic.net/main_5354864/53548645762.3.jpg', '성분 정보', 2, 0);
INSERT INTO product_variant (product_id, variant_name, list_price, sale_price, volume, upc_code, pill_size,
                             nutrition_facts, max_qty_per_order, restock_eta)
VALUES ((SELECT id FROM product WHERE code = 'P53548645762' LIMIT 1), '240정', 8950, 6950, 240, '600000000207',
        '10x10x5mm', '고흡수 마그네슘', 6, NULL),
       ((SELECT id FROM product WHERE code = 'P53548645762' LIMIT 1), '120정', 5950, 3950, 120, '600000000208',
        '10x10x5mm', '고흡수 마그네슘', 6, NULL);
INSERT IGNORE INTO stock (product_variant_id, amount, updated_at, restocked_at)
VALUES ((SELECT id
         FROM product_variant
         WHERE variant_name = '240정'
           AND product_id = (SELECT id FROM product WHERE code = 'P53548645762' LIMIT 1)
         LIMIT 1),
        180, '2025-09-29 12:00:00', '2025-08-20 12:00:00'),
       ((SELECT id
         FROM product_variant
         WHERE variant_name = '120정'
           AND product_id = (SELECT id FROM product WHERE code = 'P53548645762' LIMIT 1)
         LIMIT 1),
        120, '2025-09-29 12:00:00', '2025-08-20 12:00:00');
INSERT INTO product_category (product_id, category_id)
VALUES ((SELECT id FROM product WHERE code = 'P53548645762' LIMIT 1),
        (SELECT id FROM category WHERE name = '마그네슘' LIMIT 1));
INSERT IGNORE INTO product_rank (product_id, recent_sales, updated_at)
VALUES ((SELECT id FROM product WHERE code = 'P53548645762' LIMIT 1), 1890, '2025-09-29 12:00:00');


INSERT INTO product (brand_id, name, code, description, instruction, ingredients, cautions, disclaimer,
                     sale_start_date, expiration_date, max_qty_per_order, sales, avg_rating, review_count, min_price)
VALUES ((SELECT id FROM brand WHERE name = '닥터린'),
        '닥터린 쌀 마그네슘 B6 1200mg x 60정, 3개',
        'P56589629006', '닥터린 쌀 마그네슘 B6 1200mg x 60정, 3개',
        '하루 1-2정을 식후에 섭취하세요.', '마그네슘, 비타민 B6',
        '과다섭취 시 부작용이 있을 수 있습니다.', '본 제품은 질병의 예방 및 치료를 위한 의약품이 아닙니다.',
        '2025-04-13 00:00:00', 30, 6, 1890, 4.4, 280, 49800);
INSERT INTO product_img (product_id, image_url, alt_text, sort_idx, is_primary)
VALUES ((SELECT id FROM product WHERE code = 'P56589629006' LIMIT 1),
        'https://shopping-phinf.pstatic.net/main_5658962/56589629006.1.jpg', '대표 이미지', 0, 1),
       ((SELECT id FROM product WHERE code = 'P56589629006' LIMIT 1),
        'https://shopping-phinf.pstatic.net/main_5658962/56589629006.2.jpg', '상품 상세', 1, 0),
       ((SELECT id FROM product WHERE code = 'P56589629006' LIMIT 1),
        'https://shopping-phinf.pstatic.net/main_5658962/56589629006.3.jpg', '성분 정보', 2, 0);
INSERT INTO product_variant (product_id, variant_name, list_price, sale_price, volume, upc_code, pill_size,
                             nutrition_facts, max_qty_per_order, restock_eta)
VALUES ((SELECT id FROM product WHERE code = 'P56589629006' LIMIT 1), '3개', 49800, 47800, 3, '600000000209',
        '10x10x5mm', '쌀 마그네슘+B6', 6, NULL),
       ((SELECT id FROM product WHERE code = 'P56589629006' LIMIT 1), '1개', 19800, 17800, 1, '600000000210',
        '10x10x5mm', '쌀 마그네슘+B6', 6, NULL);
INSERT IGNORE INTO stock (product_variant_id, amount, updated_at, restocked_at)
VALUES ((SELECT id
         FROM product_variant
         WHERE variant_name = '3개'
           AND product_id = (SELECT id FROM product WHERE code = 'P56589629006' LIMIT 1)
         LIMIT 1),
        40, '2025-09-29 12:00:00', '2025-08-20 12:00:00'),
       ((SELECT id
         FROM product_variant
         WHERE variant_name = '1개'
           AND product_id = (SELECT id FROM product WHERE code = 'P56589629006' LIMIT 1)
         LIMIT 1),
        25, '2025-09-29 12:00:00', '2025-08-20 12:00:00');
INSERT INTO product_category (product_id, category_id)
VALUES ((SELECT id FROM product WHERE code = 'P56589629006' LIMIT 1),
        (SELECT id FROM category WHERE name = '마그네슘' LIMIT 1));
INSERT IGNORE INTO product_rank (product_id, recent_sales, updated_at)
VALUES ((SELECT id FROM product WHERE code = 'P56589629006' LIMIT 1), 1890, '2025-09-29 12:00:00');


INSERT INTO product (brand_id, name, code, description, instruction, ingredients, cautions, disclaimer,
                     sale_start_date, expiration_date, max_qty_per_order, sales, avg_rating, review_count, min_price)
VALUES ((SELECT id FROM brand WHERE name = '솔가'),
        '솔가 마그네슘 위드 비타민 B6 555.55mg x 100정, 1개',
        'P51929531099', '솔가 마그네슘 위드 비타민 B6 555.55mg x 100정, 1개',
        '하루 1-2정을 식후에 섭취하세요.', '마그네슘, 비타민 B6',
        '과다섭취 시 부작용이 있을 수 있습니다.', '본 제품은 질병의 예방 및 치료를 위한 의약품이 아닙니다.',
        '2025-04-14 00:00:00', 30, 6, 1890, 4.3, 280, 16520);
INSERT INTO product_img (product_id, image_url, alt_text, sort_idx, is_primary)
VALUES ((SELECT id FROM product WHERE code = 'P51929531099' LIMIT 1),
        'https://shopping-phinf.pstatic.net/main_5192953/51929531099.1.jpg', '대표 이미지', 0, 1),
       ((SELECT id FROM product WHERE code = 'P51929531099' LIMIT 1),
        'https://shopping-phinf.pstatic.net/main_5192953/51929531099.2.jpg', '상품 상세', 1, 0),
       ((SELECT id FROM product WHERE code = 'P51929531099' LIMIT 1),
        'https://shopping-phinf.pstatic.net/main_5192953/51929531099.3.jpg', '성분 정보', 2, 0);
INSERT INTO product_variant (product_id, variant_name, list_price, sale_price, volume, upc_code, pill_size,
                             nutrition_facts, max_qty_per_order, restock_eta)
VALUES ((SELECT id FROM product WHERE code = 'P51929531099' LIMIT 1), '100정', 16520, 14520, 100, '600000000211',
        '10x10x5mm', '마그네슘+B6', 6, NULL),
       ((SELECT id FROM product WHERE code = 'P51929531099' LIMIT 1), '50정', 11520, 9520, 50, '600000000212',
        '10x10x5mm', '마그네슘+B6', 6, NULL);
INSERT IGNORE INTO stock (product_variant_id, amount, updated_at, restocked_at)
VALUES ((SELECT id
         FROM product_variant
         WHERE variant_name = '100정'
           AND product_id = (SELECT id FROM product WHERE code = 'P51929531099' LIMIT 1)
         LIMIT 1),
        85, '2025-09-29 12:00:00', '2025-08-20 12:00:00'),
       ((SELECT id
         FROM product_variant
         WHERE variant_name = '50정'
           AND product_id = (SELECT id FROM product WHERE code = 'P51929531099' LIMIT 1)
         LIMIT 1),
        55, '2025-09-29 12:00:00', '2025-08-20 12:00:00');
INSERT INTO product_category (product_id, category_id)
VALUES ((SELECT id FROM product WHERE code = 'P51929531099' LIMIT 1),
        (SELECT id FROM category WHERE name = '마그네슘' LIMIT 1));
INSERT IGNORE INTO product_rank (product_id, recent_sales, updated_at)
VALUES ((SELECT id FROM product WHERE code = 'P51929531099' LIMIT 1), 1890, '2025-09-29 12:00:00');


INSERT INTO product (brand_id, name, code, description, instruction, ingredients, cautions, disclaimer,
                     sale_start_date, expiration_date, max_qty_per_order, sales, avg_rating, review_count, min_price)
VALUES ((SELECT id FROM brand WHERE name = '녹십자웰빙'),
        '녹십자웰빙 액상 마그네슘 20ml x 30포, 2개',
        'P51929251121', '녹십자웰빙 액상 마그네슘 20ml x 30포, 2개',
        '하루 1-2포를 물에 타서 섭취하세요.', '액상 마그네슘',
        '과다섭취 시 부작용이 있을 수 있습니다.', '본 제품은 질병의 예방 및 치료를 위한 의약품이 아닙니다.',
        '2025-04-15 00:00:00', 30, 6, 1890, 4.5, 280, 47070);
INSERT INTO product_img (product_id, image_url, alt_text, sort_idx, is_primary)
VALUES ((SELECT id FROM product WHERE code = 'P51929251121' LIMIT 1),
        'https://shopping-phinf.pstatic.net/main_5192925/51929251121.1.jpg', '대표 이미지', 0, 1),
       ((SELECT id FROM product WHERE code = 'P51929251121' LIMIT 1),
        'https://shopping-phinf.pstatic.net/main_5192925/51929251121.2.jpg', '상품 상세', 1, 0),
       ((SELECT id FROM product WHERE code = 'P51929251121' LIMIT 1),
        'https://shopping-phinf.pstatic.net/main_5192925/51929251121.3.jpg', '성분 정보', 2, 0);
INSERT INTO product_variant (product_id, variant_name, list_price, sale_price, volume, upc_code, pill_size,
                             nutrition_facts, max_qty_per_order, restock_eta)
VALUES ((SELECT id FROM product WHERE code = 'P51929251121' LIMIT 1), '2개', 47070, 45070, 2, '600000000213', '액상',
        '액상 마그네슘', 6, NULL),
       ((SELECT id FROM product WHERE code = 'P51929251121' LIMIT 1), '1개', 27070, 25070, 1, '600000000214', '액상',
        '액상 마그네슘', 6, NULL);
INSERT IGNORE INTO stock (product_variant_id, amount, updated_at, restocked_at)
VALUES ((SELECT id
         FROM product_variant
         WHERE variant_name = '2개'
           AND product_id = (SELECT id FROM product WHERE code = 'P51929251121' LIMIT 1)
         LIMIT 1),
        35, '2025-09-29 12:00:00', '2025-08-20 12:00:00'),
       ((SELECT id
         FROM product_variant
         WHERE variant_name = '1개'
           AND product_id = (SELECT id FROM product WHERE code = 'P51929251121' LIMIT 1)
         LIMIT 1),
        20, '2025-09-29 12:00:00', '2025-08-20 12:00:00');
INSERT INTO product_category (product_id, category_id)
VALUES ((SELECT id FROM product WHERE code = 'P51929251121' LIMIT 1),
        (SELECT id FROM category WHERE name = '마그네슘' LIMIT 1));
INSERT IGNORE INTO product_rank (product_id, recent_sales, updated_at)
VALUES ((SELECT id FROM product WHERE code = 'P51929251121' LIMIT 1), 1890, '2025-09-29 12:00:00');


INSERT INTO product (brand_id, name, code, description, instruction, ingredients, cautions, disclaimer,
                     sale_start_date, expiration_date, max_qty_per_order, sales, avg_rating, review_count, min_price)
VALUES ((SELECT id FROM brand WHERE name = '기타'),
        '비오클 키즈플랜 20g x 30포',
        'P89205446385', '비오클 키즈플랜 20g x 30포',
        '하루 1-2포를 물에 타서 섭취하세요.', '마그네슘, 비타민',
        '과다섭취 시 부작용이 있을 수 있습니다.', '본 제품은 질병의 예방 및 치료를 위한 의약품이 아닙니다.',
        '2025-04-16 00:00:00', 30, 6, 1890, 4.2, 280, 45300);
INSERT INTO product_img (product_id, image_url, alt_text, sort_idx, is_primary)
VALUES ((SELECT id FROM product WHERE code = 'P89205446385' LIMIT 1),
        'https://shopping-phinf.pstatic.net/main_8920544/89205446385.1.jpg', '대표 이미지', 0, 1),
       ((SELECT id FROM product WHERE code = 'P89205446385' LIMIT 1),
        'https://shopping-phinf.pstatic.net/main_8920544/89205446385.2.jpg', '상품 상세', 1, 0),
       ((SELECT id FROM product WHERE code = 'P89205446385' LIMIT 1),
        'https://shopping-phinf.pstatic.net/main_8920544/89205446385.3.jpg', '성분 정보', 2, 0);
INSERT INTO product_variant (product_id, variant_name, list_price, sale_price, volume, upc_code, pill_size,
                             nutrition_facts, max_qty_per_order, restock_eta)
VALUES ((SELECT id FROM product WHERE code = 'P89205446385' LIMIT 1), '30포', 45300, 43300, 30, '600000000215', '포장',
        '키즈 마그네슘', 6, NULL),
       ((SELECT id FROM product WHERE code = 'P89205446385' LIMIT 1), '15포', 25300, 23300, 15, '600000000216', '포장',
        '키즈 마그네슘', 6, NULL);
INSERT IGNORE INTO stock (product_variant_id, amount, updated_at, restocked_at)
VALUES ((SELECT id
         FROM product_variant
         WHERE variant_name = '30포'
           AND product_id = (SELECT id FROM product WHERE code = 'P89205446385' LIMIT 1)
         LIMIT 1),
        60, '2025-09-29 12:00:00', '2025-08-20 12:00:00'),
       ((SELECT id
         FROM product_variant
         WHERE variant_name = '15포'
           AND product_id = (SELECT id FROM product WHERE code = 'P89205446385' LIMIT 1)
         LIMIT 1),
        40, '2025-09-29 12:00:00', '2025-08-20 12:00:00');
INSERT INTO product_category (product_id, category_id)
VALUES ((SELECT id FROM product WHERE code = 'P89205446385' LIMIT 1),
        (SELECT id FROM category WHERE name = '마그네슘' LIMIT 1));
INSERT IGNORE INTO product_rank (product_id, recent_sales, updated_at)
VALUES ((SELECT id FROM product WHERE code = 'P89205446385' LIMIT 1), 1890, '2025-09-29 12:00:00');


INSERT IGNORE INTO brand (name)
VALUES ('닥터라인');
INSERT IGNORE INTO brand (name)
VALUES ('뉴트키즈');
INSERT IGNORE INTO brand (name)
VALUES ('더데이');
INSERT IGNORE INTO brand (name)
VALUES ('DAYLIFE');
INSERT IGNORE INTO brand (name)
VALUES ('스파톤');
INSERT IGNORE INTO brand (name)
VALUES ('써플라이올코리아');
INSERT IGNORE INTO brand (name)
VALUES ('비타헬스');
INSERT IGNORE INTO brand (name)
VALUES ('뉴트리모어');

INSERT INTO product (brand_id, name, code, description, instruction, ingredients, cautions, disclaimer,
                     sale_start_date, expiration_date, max_qty_per_order, sales, avg_rating, review_count, min_price)
VALUES ((SELECT id FROM brand WHERE name = '기타'),
        '에코뉴트리션 3개월분 철분제 여성 남성 임산부 비헴철 헤마 철분 영양제',
        'P83357292328', '에코뉴트리션 3개월분 철분제 여성 남성 임산부 비헴철 헤마 철분 영양제',
        '하루 1-2정을 식후에 섭취하세요.', '비헴철, 헤마 철분',
        '과다섭취 시 부작용이 있을 수 있습니다.', '본 제품은 질병의 예방 및 치료를 위한 의약품이 아닙니다.',
        '2025-04-17 00:00:00', 30, 6, 1890, 4.3, 280, 0);
INSERT INTO product_img (product_id, image_url, alt_text, sort_idx, is_primary)
VALUES ((SELECT id FROM product WHERE code = 'P83357292328' LIMIT 1),
        'https://shopping-phinf.pstatic.net/main_8335729/83357292328.1.jpg', '대표 이미지', 0, 1),
       ((SELECT id FROM product WHERE code = 'P83357292328' LIMIT 1),
        'https://shopping-phinf.pstatic.net/main_8335729/83357292328.2.jpg', '상품 상세', 1, 0),
       ((SELECT id FROM product WHERE code = 'P83357292328' LIMIT 1),
        'https://shopping-phinf.pstatic.net/main_8335729/83357292328.3.jpg', '성분 정보', 2, 0);
INSERT INTO product_variant (product_id, variant_name, list_price, sale_price, volume, upc_code, pill_size,
                             nutrition_facts, max_qty_per_order, restock_eta)
VALUES ((SELECT id FROM product WHERE code = 'P83357292328' LIMIT 1), '3개월분', 25000, 23000, 90, '600000000217',
        '10x10x5mm', '비헴철+헤마 철분', 6, NULL),
       ((SELECT id FROM product WHERE code = 'P83357292328' LIMIT 1), '1개월분', 12000, 10000, 30, '600000000218',
        '10x10x5mm', '비헴철+헤마 철분', 6, NULL);
INSERT IGNORE INTO stock (product_variant_id, amount, updated_at, restocked_at)
VALUES ((SELECT id
         FROM product_variant
         WHERE variant_name = '3개월분'
           AND product_id = (SELECT id FROM product WHERE code = 'P83357292328' LIMIT 1)
         LIMIT 1),
        100, '2025-09-29 12:00:00', '2025-08-20 12:00:00'),
       ((SELECT id
         FROM product_variant
         WHERE variant_name = '1개월분'
           AND product_id = (SELECT id FROM product WHERE code = 'P83357292328' LIMIT 1)
         LIMIT 1),
        70, '2025-09-29 12:00:00', '2025-08-20 12:00:00');
INSERT INTO product_category (product_id, category_id)
VALUES ((SELECT id FROM product WHERE code = 'P83357292328' LIMIT 1),
        (SELECT id FROM category WHERE name = '철분' LIMIT 1));
INSERT IGNORE INTO product_rank (product_id, recent_sales, updated_at)
VALUES ((SELECT id FROM product WHERE code = 'P83357292328' LIMIT 1), 1890, '2025-09-29 12:00:00');


INSERT INTO product (brand_id, name, code, description, instruction, ingredients, cautions, disclaimer,
                     sale_start_date, expiration_date, max_qty_per_order, sales, avg_rating, review_count, min_price)
VALUES ((SELECT id FROM brand WHERE name = '닥터라인'),
        '닥터라인 헤모키즈 120ml, 1개',
        'P51929237803', '닥터라인 헤모키즈 120ml, 1개',
        '하루 1-2포를 물에 타서 섭취하세요.', '철분, 비타민',
        '과다섭취 시 부작용이 있을 수 있습니다.', '본 제품은 질병의 예방 및 치료를 위한 의약품이 아닙니다.',
        '2025-04-18 00:00:00', 30, 6, 1890, 4.2, 280, 0);
INSERT INTO product_img (product_id, image_url, alt_text, sort_idx, is_primary)
VALUES ((SELECT id FROM product WHERE code = 'P51929237803' LIMIT 1),
        'https://shopping-phinf.pstatic.net/main_5192923/51929237803.1.jpg', '대표 이미지', 0, 1),
       ((SELECT id FROM product WHERE code = 'P51929237803' LIMIT 1),
        'https://shopping-phinf.pstatic.net/main_5192923/51929237803.2.jpg', '상품 상세', 1, 0),
       ((SELECT id FROM product WHERE code = 'P51929237803' LIMIT 1),
        'https://shopping-phinf.pstatic.net/main_5192923/51929237803.3.jpg', '성분 정보', 2, 0);
INSERT INTO product_variant (product_id, variant_name, list_price, sale_price, volume, upc_code, pill_size,
                             nutrition_facts, max_qty_per_order, restock_eta)
VALUES ((SELECT id FROM product WHERE code = 'P51929237803' LIMIT 1), '120ml', 18000, 16000, 120, '600000000219', '액상',
        '헤모키즈 철분', 6, NULL),
       ((SELECT id FROM product WHERE code = 'P51929237803' LIMIT 1), '60ml', 12000, 10000, 60, '600000000220', '액상',
        '헤모키즈 철분', 6, NULL);
INSERT IGNORE INTO stock (product_variant_id, amount, updated_at, restocked_at)
VALUES ((SELECT id
         FROM product_variant
         WHERE variant_name = '120ml'
           AND product_id = (SELECT id FROM product WHERE code = 'P51929237803' LIMIT 1)
         LIMIT 1),
        80, '2025-09-29 12:00:00', '2025-08-20 12:00:00'),
       ((SELECT id
         FROM product_variant
         WHERE variant_name = '60ml'
           AND product_id = (SELECT id FROM product WHERE code = 'P51929237803' LIMIT 1)
         LIMIT 1),
        50, '2025-09-29 12:00:00', '2025-08-20 12:00:00');
INSERT INTO product_category (product_id, category_id)
VALUES ((SELECT id FROM product WHERE code = 'P51929237803' LIMIT 1),
        (SELECT id FROM category WHERE name = '철분' LIMIT 1));
INSERT IGNORE INTO product_rank (product_id, recent_sales, updated_at)
VALUES ((SELECT id FROM product WHERE code = 'P51929237803' LIMIT 1), 1890, '2025-09-29 12:00:00');


INSERT INTO product (brand_id, name, code, description, instruction, ingredients, cautions, disclaimer,
                     sale_start_date, expiration_date, max_qty_per_order, sales, avg_rating, review_count, min_price)
VALUES ((SELECT id FROM brand WHERE name = '뉴트키즈'),
        '뉴트키즈 철분 1300mg x 30포, 1개',
        'P51929202937', '뉴트키즈 철분 1300mg x 30포, 1개',
        '하루 1-2포를 물에 타서 섭취하세요.', '철분, 비타민',
        '과다섭취 시 부작용이 있을 수 있습니다.', '본 제품은 질병의 예방 및 치료를 위한 의약품이 아닙니다.',
        '2025-04-19 00:00:00', 30, 6, 1890, 4.1, 280, 0);
INSERT INTO product_img (product_id, image_url, alt_text, sort_idx, is_primary)
VALUES ((SELECT id FROM product WHERE code = 'P51929202937' LIMIT 1),
        'https://shopping-phinf.pstatic.net/main_5192920/51929202937.1.jpg', '대표 이미지', 0, 1),
       ((SELECT id FROM product WHERE code = 'P51929202937' LIMIT 1),
        'https://shopping-phinf.pstatic.net/main_5192920/51929202937.2.jpg', '상품 상세', 1, 0),
       ((SELECT id FROM product WHERE code = 'P51929202937' LIMIT 1),
        'https://shopping-phinf.pstatic.net/main_5192920/51929202937.3.jpg', '성분 정보', 2, 0);
INSERT INTO product_variant (product_id, variant_name, list_price, sale_price, volume, upc_code, pill_size,
                             nutrition_facts, max_qty_per_order, restock_eta)
VALUES ((SELECT id FROM product WHERE code = 'P51929202937' LIMIT 1), '30포', 15000, 13000, 30, '600000000221', '포장',
        '키즈 철분', 6, NULL),
       ((SELECT id FROM product WHERE code = 'P51929202937' LIMIT 1), '15포', 9000, 7000, 15, '600000000222', '포장',
        '키즈 철분', 6, NULL);
INSERT IGNORE INTO stock (product_variant_id, amount, updated_at, restocked_at)
VALUES ((SELECT id
         FROM product_variant
         WHERE variant_name = '30포'
           AND product_id = (SELECT id FROM product WHERE code = 'P51929202937' LIMIT 1)
         LIMIT 1),
        120, '2025-09-29 12:00:00', '2025-08-20 12:00:00'),
       ((SELECT id
         FROM product_variant
         WHERE variant_name = '15포'
           AND product_id = (SELECT id FROM product WHERE code = 'P51929202937' LIMIT 1)
         LIMIT 1),
        80, '2025-09-29 12:00:00', '2025-08-20 12:00:00');
INSERT INTO product_category (product_id, category_id)
VALUES ((SELECT id FROM product WHERE code = 'P51929202937' LIMIT 1),
        (SELECT id FROM category WHERE name = '철분' LIMIT 1));
INSERT IGNORE INTO product_rank (product_id, recent_sales, updated_at)
VALUES ((SELECT id FROM product WHERE code = 'P51929202937' LIMIT 1), 1890, '2025-09-29 12:00:00');


INSERT INTO product (brand_id, name, code, description, instruction, ingredients, cautions, disclaimer,
                     sale_start_date, expiration_date, max_qty_per_order, sales, avg_rating, review_count, min_price)
VALUES ((SELECT id FROM brand WHERE name = '더데이'),
        '돌아기철분 어린이 철분제 유아 초등학생 우리아이 유당없는 튼튼 철분 부족 비타민C 비헴철',
        'P83412328535', '돌아기철분 어린이 철분제 유아 초등학생 우리아이 유당없는 튼튼 철분 부족 비타민C 비헴철',
        '하루 1-2포를 물에 타서 섭취하세요.', '비헴철, 비타민 C',
        '과다섭취 시 부작용이 있을 수 있습니다.', '본 제품은 질병의 예방 및 치료를 위한 의약품이 아닙니다.',
        '2025-04-20 00:00:00', 30, 6, 1890, 4.4, 280, 0);
INSERT INTO product_img (product_id, image_url, alt_text, sort_idx, is_primary)
VALUES ((SELECT id FROM product WHERE code = 'P83412328535' LIMIT 1),
        'https://shopping-phinf.pstatic.net/main_8341232/83412328535.1.jpg', '대표 이미지', 0, 1),
       ((SELECT id FROM product WHERE code = 'P83412328535' LIMIT 1),
        'https://shopping-phinf.pstatic.net/main_8341232/83412328535.2.jpg', '상품 상세', 1, 0),
       ((SELECT id FROM product WHERE code = 'P83412328535' LIMIT 1),
        'https://shopping-phinf.pstatic.net/main_8341232/83412328535.3.jpg', '성분 정보', 2, 0);
INSERT INTO product_variant (product_id, variant_name, list_price, sale_price, volume, upc_code, pill_size,
                             nutrition_facts, max_qty_per_order, restock_eta)
VALUES ((SELECT id FROM product WHERE code = 'P83412328535' LIMIT 1), '60포', 22000, 20000, 60, '600000000223', '포장',
        '돌아기 철분', 6, NULL),
       ((SELECT id FROM product WHERE code = 'P83412328535' LIMIT 1), '30포', 14000, 12000, 30, '600000000224', '포장',
        '돌아기 철분', 6, NULL);
INSERT IGNORE INTO stock (product_variant_id, amount, updated_at, restocked_at)
VALUES ((SELECT id
         FROM product_variant
         WHERE variant_name = '60포'
           AND product_id = (SELECT id FROM product WHERE code = 'P83412328535' LIMIT 1)
         LIMIT 1),
        90, '2025-09-29 12:00:00', '2025-08-20 12:00:00'),
       ((SELECT id
         FROM product_variant
         WHERE variant_name = '30포'
           AND product_id = (SELECT id FROM product WHERE code = 'P83412328535' LIMIT 1)
         LIMIT 1),
        60, '2025-09-29 12:00:00', '2025-08-20 12:00:00');
INSERT INTO product_category (product_id, category_id)
VALUES ((SELECT id FROM product WHERE code = 'P83412328535' LIMIT 1),
        (SELECT id FROM category WHERE name = '철분' LIMIT 1));
INSERT IGNORE INTO product_rank (product_id, recent_sales, updated_at)
VALUES ((SELECT id FROM product WHERE code = 'P83412328535' LIMIT 1), 1890, '2025-09-29 12:00:00');


INSERT INTO product (brand_id, name, code, description, instruction, ingredients, cautions, disclaimer,
                     sale_start_date, expiration_date, max_qty_per_order, sales, avg_rating, review_count, min_price)
VALUES ((SELECT id FROM brand WHERE name = 'DAYLIFE'),
        '데이라이프 아이 뉴트리션 베이비 키즈 철분 돌 아기 유아 어린이 초등학생 철분 철분제',
        'P83518772174', '데이라이프 아이 뉴트리션 베이비 키즈 철분 돌 아기 유아 어린이 초등학생 철분 철분제',
        '하루 1-2포를 물에 타서 섭취하세요.', '철분, 비타민',
        '과다섭취 시 부작용이 있을 수 있습니다.', '본 제품은 질병의 예방 및 치료를 위한 의약품이 아닙니다.',
        '2025-04-21 00:00:00', 30, 6, 1890, 4.3, 280, 0);
INSERT INTO product_img (product_id, image_url, alt_text, sort_idx, is_primary)
VALUES ((SELECT id FROM product WHERE code = 'P83518772174' LIMIT 1),
        'https://shopping-phinf.pstatic.net/main_8351877/83518772174.1.jpg', '대표 이미지', 0, 1),
       ((SELECT id FROM product WHERE code = 'P83518772174' LIMIT 1),
        'https://shopping-phinf.pstatic.net/main_8351877/83518772174.2.jpg', '상품 상세', 1, 0),
       ((SELECT id FROM product WHERE code = 'P83518772174' LIMIT 1),
        'https://shopping-phinf.pstatic.net/main_8351877/83518772174.3.jpg', '성분 정보', 2, 0);
INSERT INTO product_variant (product_id, variant_name, list_price, sale_price, volume, upc_code, pill_size,
                             nutrition_facts, max_qty_per_order, restock_eta)
VALUES ((SELECT id FROM product WHERE code = 'P83518772174' LIMIT 1), '60포', 18000, 16000, 60, '600000000225', '포장',
        '키즈 철분', 6, NULL),
       ((SELECT id FROM product WHERE code = 'P83518772174' LIMIT 1), '30포', 12000, 10000, 30, '600000000226', '포장',
        '키즈 철분', 6, NULL);
INSERT IGNORE INTO stock (product_variant_id, amount, updated_at, restocked_at)
VALUES ((SELECT id
         FROM product_variant
         WHERE variant_name = '60포'
           AND product_id = (SELECT id FROM product WHERE code = 'P83518772174' LIMIT 1)
         LIMIT 1),
        100, '2025-09-29 12:00:00', '2025-08-20 12:00:00'),
       ((SELECT id
         FROM product_variant
         WHERE variant_name = '30포'
           AND product_id = (SELECT id FROM product WHERE code = 'P83518772174' LIMIT 1)
         LIMIT 1),
        70, '2025-09-29 12:00:00', '2025-08-20 12:00:00');
INSERT INTO product_category (product_id, category_id)
VALUES ((SELECT id FROM product WHERE code = 'P83518772174' LIMIT 1),
        (SELECT id FROM category WHERE name = '철분' LIMIT 1));
INSERT IGNORE INTO product_rank (product_id, recent_sales, updated_at)
VALUES ((SELECT id FROM product WHERE code = 'P83518772174' LIMIT 1), 1890, '2025-09-29 12:00:00');


INSERT INTO product (brand_id, name, code, description, instruction, ingredients, cautions, disclaimer,
                     sale_start_date, expiration_date, max_qty_per_order, sales, avg_rating, review_count, min_price)
VALUES ((SELECT id FROM brand WHERE name = '종근당'),
        '종근당 철분제 철분 영양제 엽산 비타민D 2개월분 여성 남성 임산부 어린이',
        'P82306920633', '종근당 철분제 철분 영양제 엽산 비타민D 2개월분 여성 남성 임산부 어린이',
        '하루 1-2정을 식후에 섭취하세요.', '철분, 엽산, 비타민 D',
        '과다섭취 시 부작용이 있을 수 있습니다.', '본 제품은 질병의 예방 및 치료를 위한 의약품이 아닙니다.',
        '2025-04-22 00:00:00', 30, 6, 1890, 4.5, 280, 0);
INSERT INTO product_img (product_id, image_url, alt_text, sort_idx, is_primary)
VALUES ((SELECT id FROM product WHERE code = 'P82306920633' LIMIT 1),
        'https://shopping-phinf.pstatic.net/main_8230692/82306920633.1.jpg', '대표 이미지', 0, 1),
       ((SELECT id FROM product WHERE code = 'P82306920633' LIMIT 1),
        'https://shopping-phinf.pstatic.net/main_8230692/82306920633.2.jpg', '상품 상세', 1, 0),
       ((SELECT id FROM product WHERE code = 'P82306920633' LIMIT 1),
        'https://shopping-phinf.pstatic.net/main_8230692/82306920633.3.jpg', '성분 정보', 2, 0);
INSERT INTO product_variant (product_id, variant_name, list_price, sale_price, volume, upc_code, pill_size,
                             nutrition_facts, max_qty_per_order, restock_eta)
VALUES ((SELECT id FROM product WHERE code = 'P82306920633' LIMIT 1), '2개월분', 28000, 26000, 60, '600000000227',
        '10x10x5mm', '철분+엽산+비타민D', 6, NULL),
       ((SELECT id FROM product WHERE code = 'P82306920633' LIMIT 1), '1개월분', 16000, 14000, 30, '600000000228',
        '10x10x5mm', '철분+엽산+비타민D', 6, NULL);
INSERT IGNORE INTO stock (product_variant_id, amount, updated_at, restocked_at)
VALUES ((SELECT id
         FROM product_variant
         WHERE variant_name = '2개월분'
           AND product_id = (SELECT id FROM product WHERE code = 'P82306920633' LIMIT 1)
         LIMIT 1),
        85, '2025-09-29 12:00:00', '2025-08-20 12:00:00'),
       ((SELECT id
         FROM product_variant
         WHERE variant_name = '1개월분'
           AND product_id = (SELECT id FROM product WHERE code = 'P82306920633' LIMIT 1)
         LIMIT 1),
        55, '2025-09-29 12:00:00', '2025-08-20 12:00:00');
INSERT INTO product_category (product_id, category_id)
VALUES ((SELECT id FROM product WHERE code = 'P82306920633' LIMIT 1),
        (SELECT id FROM category WHERE name = '철분' LIMIT 1));
INSERT IGNORE INTO product_rank (product_id, recent_sales, updated_at)
VALUES ((SELECT id FROM product WHERE code = 'P82306920633' LIMIT 1), 1890, '2025-09-29 12:00:00');


INSERT INTO product (brand_id, name, code, description, instruction, ingredients, cautions, disclaimer,
                     sale_start_date, expiration_date, max_qty_per_order, sales, avg_rating, review_count, min_price)
VALUES ((SELECT id FROM brand WHERE name = '스파톤'),
        '스파톤 철분제 오리지날 애플 액상 비헴철 비타민',
        'P83927240331', '스파톤 철분제 오리지날 애플 액상 비헴철 비타민',
        '하루 1-2포를 물에 타서 섭취하세요.', '비헴철, 비타민',
        '과다섭취 시 부작용이 있을 수 있습니다.', '본 제품은 질병의 예방 및 치료를 위한 의약품이 아닙니다.',
        '2025-04-23 00:00:00', 30, 6, 1890, 4.2, 280, 0);
INSERT INTO product_img (product_id, image_url, alt_text, sort_idx, is_primary)
VALUES ((SELECT id FROM product WHERE code = 'P83927240331' LIMIT 1),
        'https://shopping-phinf.pstatic.net/main_8392724/83927240331.1.jpg', '대표 이미지', 0, 1),
       ((SELECT id FROM product WHERE code = 'P83927240331' LIMIT 1),
        'https://shopping-phinf.pstatic.net/main_8392724/83927240331.2.jpg', '상품 상세', 1, 0),
       ((SELECT id FROM product WHERE code = 'P83927240331' LIMIT 1),
        'https://shopping-phinf.pstatic.net/main_8392724/83927240331.3.jpg', '성분 정보', 2, 0);
INSERT INTO product_variant (product_id, variant_name, list_price, sale_price, volume, upc_code, pill_size,
                             nutrition_facts, max_qty_per_order, restock_eta)
VALUES ((SELECT id FROM product WHERE code = 'P83927240331' LIMIT 1), '30포', 20000, 18000, 30, '600000000229', '액상',
        '스파톤 철분', 6, NULL),
       ((SELECT id FROM product WHERE code = 'P83927240331' LIMIT 1), '15포', 13000, 11000, 15, '600000000230', '액상',
        '스파톤 철분', 6, NULL);
INSERT IGNORE INTO stock (product_variant_id, amount, updated_at, restocked_at)
VALUES ((SELECT id
         FROM product_variant
         WHERE variant_name = '30포'
           AND product_id = (SELECT id FROM product WHERE code = 'P83927240331' LIMIT 1)
         LIMIT 1),
        75, '2025-09-29 12:00:00', '2025-08-20 12:00:00'),
       ((SELECT id
         FROM product_variant
         WHERE variant_name = '15포'
           AND product_id = (SELECT id FROM product WHERE code = 'P83927240331' LIMIT 1)
         LIMIT 1),
        50, '2025-09-29 12:00:00', '2025-08-20 12:00:00');
INSERT INTO product_category (product_id, category_id)
VALUES ((SELECT id FROM product WHERE code = 'P83927240331' LIMIT 1),
        (SELECT id FROM category WHERE name = '철분' LIMIT 1));
INSERT IGNORE INTO product_rank (product_id, recent_sales, updated_at)
VALUES ((SELECT id FROM product WHERE code = 'P83927240331' LIMIT 1), 1890, '2025-09-29 12:00:00');


INSERT INTO product (brand_id, name, code, description, instruction, ingredients, cautions, disclaimer,
                     sale_start_date, expiration_date, max_qty_per_order, sales, avg_rating, review_count, min_price)
VALUES ((SELECT id FROM brand WHERE name = '종근당'),
        '종근당 철분제 임산부 여성 철분영양제 3박스 (6개월분)',
        'P84271256037', '종근당 철분제 임산부 여성 철분영양제 3박스 (6개월분)',
        '하루 1-2정을 식후에 섭취하세요.', '철분, 엽산, 비타민',
        '과다섭취 시 부작용이 있을 수 있습니다.', '본 제품은 질병의 예방 및 치료를 위한 의약품이 아닙니다.',
        '2025-04-24 00:00:00', 30, 6, 1890, 4.6, 280, 0);
INSERT INTO product_img (product_id, image_url, alt_text, sort_idx, is_primary)
VALUES ((SELECT id FROM product WHERE code = 'P84271256037' LIMIT 1),
        'https://shopping-phinf.pstatic.net/main_8427125/84271256037.1.jpg', '대표 이미지', 0, 1),
       ((SELECT id FROM product WHERE code = 'P84271256037' LIMIT 1),
        'https://shopping-phinf.pstatic.net/main_8427125/84271256037.2.jpg', '상품 상세', 1, 0),
       ((SELECT id FROM product WHERE code = 'P84271256037' LIMIT 1),
        'https://shopping-phinf.pstatic.net/main_8427125/84271256037.3.jpg', '성분 정보', 2, 0);
INSERT INTO product_variant (product_id, variant_name, list_price, sale_price, volume, upc_code, pill_size,
                             nutrition_facts, max_qty_per_order, restock_eta)
VALUES ((SELECT id FROM product WHERE code = 'P84271256037' LIMIT 1), '3박스', 45000, 43000, 3, '600000000231',
        '10x10x5mm', '임산부 철분', 6, NULL),
       ((SELECT id FROM product WHERE code = 'P84271256037' LIMIT 1), '1박스', 20000, 18000, 1, '600000000232',
        '10x10x5mm', '임산부 철분', 6, NULL);
INSERT IGNORE INTO stock (product_variant_id, amount, updated_at, restocked_at)
VALUES ((SELECT id
         FROM product_variant
         WHERE variant_name = '3박스'
           AND product_id = (SELECT id FROM product WHERE code = 'P84271256037' LIMIT 1)
         LIMIT 1),
        50, '2025-09-29 12:00:00', '2025-08-20 12:00:00'),
       ((SELECT id
         FROM product_variant
         WHERE variant_name = '1박스'
           AND product_id = (SELECT id FROM product WHERE code = 'P84271256037' LIMIT 1)
         LIMIT 1),
        30, '2025-09-29 12:00:00', '2025-08-20 12:00:00');
INSERT INTO product_category (product_id, category_id)
VALUES ((SELECT id FROM product WHERE code = 'P84271256037' LIMIT 1),
        (SELECT id FROM category WHERE name = '철분' LIMIT 1));
INSERT IGNORE INTO product_rank (product_id, recent_sales, updated_at)
VALUES ((SELECT id FROM product WHERE code = 'P84271256037' LIMIT 1), 1890, '2025-09-29 12:00:00');


INSERT INTO product (brand_id, name, code, description, instruction, ingredients, cautions, disclaimer,
                     sale_start_date, expiration_date, max_qty_per_order, sales, avg_rating, review_count, min_price)
VALUES ((SELECT id FROM brand WHERE name = '포뉴'),
        '포뉴 철분 600mg x 60정, 1개',
        'P51929354791', '포뉴 철분 600mg x 60정, 1개',
        '하루 1-2정을 식후에 섭취하세요.', '철분, 비타민',
        '과다섭취 시 부작용이 있을 수 있습니다.', '본 제품은 질병의 예방 및 치료를 위한 의약품이 아닙니다.',
        '2025-04-25 00:00:00', 30, 6, 1890, 4.1, 280, 0);
INSERT INTO product_img (product_id, image_url, alt_text, sort_idx, is_primary)
VALUES ((SELECT id FROM product WHERE code = 'P51929354791' LIMIT 1),
        'https://shopping-phinf.pstatic.net/main_5192935/51929354791.1.jpg', '대표 이미지', 0, 1),
       ((SELECT id FROM product WHERE code = 'P51929354791' LIMIT 1),
        'https://shopping-phinf.pstatic.net/main_5192935/51929354791.2.jpg', '상품 상세', 1, 0),
       ((SELECT id FROM product WHERE code = 'P51929354791' LIMIT 1),
        'https://shopping-phinf.pstatic.net/main_5192935/51929354791.3.jpg', '성분 정보', 2, 0);
INSERT INTO product_variant (product_id, variant_name, list_price, sale_price, volume, upc_code, pill_size,
                             nutrition_facts, max_qty_per_order, restock_eta)
VALUES ((SELECT id FROM product WHERE code = 'P51929354791' LIMIT 1), '60정', 15000, 13000, 60, '600000000233',
        '10x10x5mm', '포뉴 철분', 6, NULL),
       ((SELECT id FROM product WHERE code = 'P51929354791' LIMIT 1), '30정', 10000, 8000, 30, '600000000234',
        '10x10x5mm', '포뉴 철분', 6, NULL);
INSERT IGNORE INTO stock (product_variant_id, amount, updated_at, restocked_at)
VALUES ((SELECT id
         FROM product_variant
         WHERE variant_name = '60정'
           AND product_id = (SELECT id FROM product WHERE code = 'P51929354791' LIMIT 1)
         LIMIT 1),
        110, '2025-09-29 12:00:00', '2025-08-20 12:00:00'),
       ((SELECT id
         FROM product_variant
         WHERE variant_name = '30정'
           AND product_id = (SELECT id FROM product WHERE code = 'P51929354791' LIMIT 1)
         LIMIT 1),
        75, '2025-09-29 12:00:00', '2025-08-20 12:00:00');
INSERT INTO product_category (product_id, category_id)
VALUES ((SELECT id FROM product WHERE code = 'P51929354791' LIMIT 1),
        (SELECT id FROM category WHERE name = '철분' LIMIT 1));
INSERT IGNORE INTO product_rank (product_id, recent_sales, updated_at)
VALUES ((SELECT id FROM product WHERE code = 'P51929354791' LIMIT 1), 1890, '2025-09-29 12:00:00');


INSERT INTO product (brand_id, name, code, description, instruction, ingredients, cautions, disclaimer,
                     sale_start_date, expiration_date, max_qty_per_order, sales, avg_rating, review_count, min_price)
VALUES ((SELECT id FROM brand WHERE name = '뉴트리모어'),
        '뉴트리모어 프리미엄 액상 철분제 10ml x 30포, 1개',
        'P51929509982', '뉴트리모어 프리미엄 액상 철분제 10ml x 30포, 1개',
        '하루 1-2포를 물에 타서 섭취하세요.', '액상 철분, 비타민',
        '과다섭취 시 부작용이 있을 수 있습니다.', '본 제품은 질병의 예방 및 치료를 위한 의약품이 아닙니다.',
        '2025-04-26 00:00:00', 30, 6, 1890, 4.4, 280, 0);
INSERT INTO product_img (product_id, image_url, alt_text, sort_idx, is_primary)
VALUES ((SELECT id FROM product WHERE code = 'P51929509982' LIMIT 1),
        'https://shopping-phinf.pstatic.net/main_5192950/51929509982.1.jpg', '대표 이미지', 0, 1),
       ((SELECT id FROM product WHERE code = 'P51929509982' LIMIT 1),
        'https://shopping-phinf.pstatic.net/main_5192950/51929509982.2.jpg', '상품 상세', 1, 0),
       ((SELECT id FROM product WHERE code = 'P51929509982' LIMIT 1),
        'https://shopping-phinf.pstatic.net/main_5192950/51929509982.3.jpg', '성분 정보', 2, 0);
INSERT INTO product_variant (product_id, variant_name, list_price, sale_price, volume, upc_code, pill_size,
                             nutrition_facts, max_qty_per_order, restock_eta)
VALUES ((SELECT id FROM product WHERE code = 'P51929509982' LIMIT 1), '30포', 18000, 16000, 30, '600000000235', '액상',
        '프리미엄 액상 철분', 6, NULL),
       ((SELECT id FROM product WHERE code = 'P51929509982' LIMIT 1), '15포', 12000, 10000, 15, '600000000236', '액상',
        '프리미엄 액상 철분', 6, NULL);
INSERT IGNORE INTO stock (product_variant_id, amount, updated_at, restocked_at)
VALUES ((SELECT id
         FROM product_variant
         WHERE variant_name = '30포'
           AND product_id = (SELECT id FROM product WHERE code = 'P51929509982' LIMIT 1)
         LIMIT 1),
        90, '2025-09-29 12:00:00', '2025-08-20 12:00:00'),
       ((SELECT id
         FROM product_variant
         WHERE variant_name = '15포'
           AND product_id = (SELECT id FROM product WHERE code = 'P51929509982' LIMIT 1)
         LIMIT 1),
        60, '2025-09-29 12:00:00', '2025-08-20 12:00:00');
INSERT INTO product_category (product_id, category_id)
VALUES ((SELECT id FROM product WHERE code = 'P51929509982' LIMIT 1),
        (SELECT id FROM category WHERE name = '철분' LIMIT 1));
INSERT IGNORE INTO product_rank (product_id, recent_sales, updated_at)
VALUES ((SELECT id FROM product WHERE code = 'P51929509982' LIMIT 1), 1890, '2025-09-29 12:00:00');


INSERT IGNORE INTO brand (name)
VALUES ('ABI');
INSERT IGNORE INTO brand (name)
VALUES ('PH365');
INSERT IGNORE INTO brand (name)
VALUES ('락티브');
INSERT IGNORE INTO brand (name)
VALUES ('앙팡');
INSERT IGNORE INTO brand (name)
VALUES ('비타가든');
INSERT IGNORE INTO brand (name)
VALUES ('나우푸드');
INSERT IGNORE INTO brand (name)
VALUES ('Besthall');
INSERT IGNORE INTO brand (name)
VALUES ('키즈텐');
INSERT IGNORE INTO brand (name)
VALUES ('팔레오');
INSERT IGNORE INTO brand (name)
VALUES ('홀랜드앤바렛');

INSERT INTO product (brand_id, name, code, description, instruction, ingredients, cautions, disclaimer,
                     sale_start_date, expiration_date, max_qty_per_order, sales, avg_rating, review_count, min_price)
VALUES ((SELECT id FROM brand WHERE name = '기타'),
        '모아철 캡슐 240 mg x 120 cap 가용성 헴철 부작용 없는 안전한 철분제',
        'P87789417713', '모아철 캡슐 240 mg x 120 cap 가용성 헴철 부작용 없는 안전한 철분제',
        '하루 1-2캡슐을 식후에 섭취하세요.', '헴철, 가용성 철분',
        '과다섭취 시 부작용이 있을 수 있습니다.', '본 제품은 질병의 예방 및 치료를 위한 의약품이 아닙니다.',
        '2025-04-27 00:00:00', 30, 6, 1890, 4.5, 280, 60000);
INSERT INTO product_img (product_id, image_url, alt_text, sort_idx, is_primary)
VALUES ((SELECT id FROM product WHERE code = 'P87789417713' LIMIT 1),
        'https://shopping-phinf.pstatic.net/main_8778941/87789417713.1.jpg', '대표 이미지', 0, 1),
       ((SELECT id FROM product WHERE code = 'P87789417713' LIMIT 1),
        'https://shopping-phinf.pstatic.net/main_8778941/87789417713.2.jpg', '상품 상세', 1, 0),
       ((SELECT id FROM product WHERE code = 'P87789417713' LIMIT 1),
        'https://shopping-phinf.pstatic.net/main_8778941/87789417713.3.jpg', '성분 정보', 2, 0);
INSERT INTO product_variant (product_id, variant_name, list_price, sale_price, volume, upc_code, pill_size,
                             nutrition_facts, max_qty_per_order, restock_eta)
VALUES ((SELECT id FROM product WHERE code = 'P87789417713' LIMIT 1), '120캡슐', 60000, 58000, 120, '600000000237',
        '10x10x5mm', '헴철 고함량', 6, NULL),
       ((SELECT id FROM product WHERE code = 'P87789417713' LIMIT 1), '60캡슐', 35000, 33000, 60, '600000000238',
        '10x10x5mm', '헴철 고함량', 6, NULL);
INSERT IGNORE INTO stock (product_variant_id, amount, updated_at, restocked_at)
VALUES ((SELECT id
         FROM product_variant
         WHERE variant_name = '120캡슐'
           AND product_id = (SELECT id FROM product WHERE code = 'P87789417713' LIMIT 1)
         LIMIT 1),
        40, '2025-09-29 12:00:00', '2025-08-20 12:00:00'),
       ((SELECT id
         FROM product_variant
         WHERE variant_name = '60캡슐'
           AND product_id = (SELECT id FROM product WHERE code = 'P87789417713' LIMIT 1)
         LIMIT 1),
        25, '2025-09-29 12:00:00', '2025-08-20 12:00:00');
INSERT INTO product_category (product_id, category_id)
VALUES ((SELECT id FROM product WHERE code = 'P87789417713' LIMIT 1),
        (SELECT id FROM category WHERE name = '철분' LIMIT 1));
INSERT IGNORE INTO product_rank (product_id, recent_sales, updated_at)
VALUES ((SELECT id FROM product WHERE code = 'P87789417713' LIMIT 1), 1890, '2025-09-29 12:00:00');


INSERT INTO product (brand_id, name, code, description, instruction, ingredients, cautions, disclaimer,
                     sale_start_date, expiration_date, max_qty_per_order, sales, avg_rating, review_count, min_price)
VALUES ((SELECT id FROM brand WHERE name = 'PH365'),
        '피에이치365 프리미엄 철분 철분제 아기 어린이 키즈 유아 임산부 돌 영양제',
        'P85481937779', '피에이치365 프리미엄 철분 철분제 아기 어린이 키즈 유아 임산부 돌 영양제',
        '하루 1-2포를 물에 타서 섭취하세요.', '프리미엄 철분, 비타민',
        '과다섭취 시 부작용이 있을 수 있습니다.', '본 제품은 질병의 예방 및 치료를 위한 의약품이 아닙니다.',
        '2025-04-28 00:00:00', 30, 6, 1890, 4.3, 280, 19000);
INSERT INTO product_img (product_id, image_url, alt_text, sort_idx, is_primary)
VALUES ((SELECT id FROM product WHERE code = 'P85481937779' LIMIT 1),
        'https://shopping-phinf.pstatic.net/main_8548193/85481937779.1.jpg', '대표 이미지', 0, 1),
       ((SELECT id FROM product WHERE code = 'P85481937779' LIMIT 1),
        'https://shopping-phinf.pstatic.net/main_8548193/85481937779.2.jpg', '상품 상세', 1, 0),
       ((SELECT id FROM product WHERE code = 'P85481937779' LIMIT 1),
        'https://shopping-phinf.pstatic.net/main_8548193/85481937779.3.jpg', '성분 정보', 2, 0);
INSERT INTO product_variant (product_id, variant_name, list_price, sale_price, volume, upc_code, pill_size,
                             nutrition_facts, max_qty_per_order, restock_eta)
VALUES ((SELECT id FROM product WHERE code = 'P85481937779' LIMIT 1), '60포', 19000, 17000, 60, '600000000239', '포장',
        '프리미엄 철분', 6, NULL),
       ((SELECT id FROM product WHERE code = 'P85481937779' LIMIT 1), '30포', 12000, 10000, 30, '600000000240', '포장',
        '프리미엄 철분', 6, NULL);
INSERT IGNORE INTO stock (product_variant_id, amount, updated_at, restocked_at)
VALUES ((SELECT id
         FROM product_variant
         WHERE variant_name = '60포'
           AND product_id = (SELECT id FROM product WHERE code = 'P85481937779' LIMIT 1)
         LIMIT 1),
        85, '2025-09-29 12:00:00', '2025-08-20 12:00:00'),
       ((SELECT id
         FROM product_variant
         WHERE variant_name = '30포'
           AND product_id = (SELECT id FROM product WHERE code = 'P85481937779' LIMIT 1)
         LIMIT 1),
        55, '2025-09-29 12:00:00', '2025-08-20 12:00:00');
INSERT INTO product_category (product_id, category_id)
VALUES ((SELECT id FROM product WHERE code = 'P85481937779' LIMIT 1),
        (SELECT id FROM category WHERE name = '철분' LIMIT 1));
INSERT IGNORE INTO product_rank (product_id, recent_sales, updated_at)
VALUES ((SELECT id FROM product WHERE code = 'P85481937779' LIMIT 1), 1890, '2025-09-29 12:00:00');


INSERT INTO product (brand_id, name, code, description, instruction, ingredients, cautions, disclaimer,
                     sale_start_date, expiration_date, max_qty_per_order, sales, avg_rating, review_count, min_price)
VALUES ((SELECT id FROM brand WHERE name = '포뉴'),
        '포뉴 NI 철분 카제로템 철분제 임산부 비헴철 영양제 성인 여성 남성 2개월분',
        'P82108890656', '포뉴 NI 철분 카제로템 철분제 임산부 비헴철 영양제 성인 여성 남성 2개월분',
        '하루 1-2정을 식후에 섭취하세요.', '카제로템 철분, 비헴철',
        '과다섭취 시 부작용이 있을 수 있습니다.', '본 제품은 질병의 예방 및 치료를 위한 의약품이 아닙니다.',
        '2025-04-29 00:00:00', 30, 6, 1890, 4.4, 280, 28000);
INSERT INTO product_img (product_id, image_url, alt_text, sort_idx, is_primary)
VALUES ((SELECT id FROM product WHERE code = 'P82108890656' LIMIT 1),
        'https://shopping-phinf.pstatic.net/main_8210889/82108890656.1.jpg', '대표 이미지', 0, 1),
       ((SELECT id FROM product WHERE code = 'P82108890656' LIMIT 1),
        'https://shopping-phinf.pstatic.net/main_8210889/82108890656.2.jpg', '상품 상세', 1, 0),
       ((SELECT id FROM product WHERE code = 'P82108890656' LIMIT 1),
        'https://shopping-phinf.pstatic.net/main_8210889/82108890656.3.jpg', '성분 정보', 2, 0);
INSERT INTO product_variant (product_id, variant_name, list_price, sale_price, volume, upc_code, pill_size,
                             nutrition_facts, max_qty_per_order, restock_eta)
VALUES ((SELECT id FROM product WHERE code = 'P82108890656' LIMIT 1), '2개월분', 28000, 26000, 60, '600000000241',
        '10x10x5mm', '카제로템 철분', 6, NULL),
       ((SELECT id FROM product WHERE code = 'P82108890656' LIMIT 1), '1개월분', 16000, 14000, 30, '600000000242',
        '10x10x5mm', '카제로템 철분', 6, NULL);
INSERT IGNORE INTO stock (product_variant_id, amount, updated_at, restocked_at)
VALUES ((SELECT id
         FROM product_variant
         WHERE variant_name = '2개월분'
           AND product_id = (SELECT id FROM product WHERE code = 'P82108890656' LIMIT 1)
         LIMIT 1),
        70, '2025-09-29 12:00:00', '2025-08-20 12:00:00'),
       ((SELECT id
         FROM product_variant
         WHERE variant_name = '1개월분'
           AND product_id = (SELECT id FROM product WHERE code = 'P82108890656' LIMIT 1)
         LIMIT 1),
        45, '2025-09-29 12:00:00', '2025-08-20 12:00:00');
INSERT INTO product_category (product_id, category_id)
VALUES ((SELECT id FROM product WHERE code = 'P82108890656' LIMIT 1),
        (SELECT id FROM category WHERE name = '철분' LIMIT 1));
INSERT IGNORE INTO product_rank (product_id, recent_sales, updated_at)
VALUES ((SELECT id FROM product WHERE code = 'P82108890656' LIMIT 1), 1890, '2025-09-29 12:00:00');


INSERT INTO product (brand_id, name, code, description, instruction, ingredients, cautions, disclaimer,
                     sale_start_date, expiration_date, max_qty_per_order, sales, avg_rating, review_count, min_price)
VALUES ((SELECT id FROM brand WHERE name = '솔가'),
        '솔가 철분25 250mg x 90캡슐, 1개',
        'P51929028072', '솔가 철분25 250mg x 90캡슐, 1개',
        '하루 1-2캡슐을 식후에 섭취하세요.', '철분, 비타민',
        '과다섭취 시 부작용이 있을 수 있습니다.', '본 제품은 질병의 예방 및 치료를 위한 의약품이 아닙니다.',
        '2025-04-30 00:00:00', 30, 6, 1890, 4.2, 280, 16150);
INSERT INTO product_img (product_id, image_url, alt_text, sort_idx, is_primary)
VALUES ((SELECT id FROM product WHERE code = 'P51929028072' LIMIT 1),
        'https://shopping-phinf.pstatic.net/main_5192902/51929028072.1.jpg', '대표 이미지', 0, 1),
       ((SELECT id FROM product WHERE code = 'P51929028072' LIMIT 1),
        'https://shopping-phinf.pstatic.net/main_5192902/51929028072.2.jpg', '상품 상세', 1, 0),
       ((SELECT id FROM product WHERE code = 'P51929028072' LIMIT 1),
        'https://shopping-phinf.pstatic.net/main_5192902/51929028072.3.jpg', '성분 정보', 2, 0);
INSERT INTO product_variant (product_id, variant_name, list_price, sale_price, volume, upc_code, pill_size,
                             nutrition_facts, max_qty_per_order, restock_eta)
VALUES ((SELECT id FROM product WHERE code = 'P51929028072' LIMIT 1), '90캡슐', 16150, 14150, 90, '600000000243',
        '10x10x5mm', '솔가 철분25', 6, NULL),
       ((SELECT id FROM product WHERE code = 'P51929028072' LIMIT 1), '45캡슐', 10150, 8150, 45, '600000000244',
        '10x10x5mm', '솔가 철분25', 6, NULL);
INSERT IGNORE INTO stock (product_variant_id, amount, updated_at, restocked_at)
VALUES ((SELECT id
         FROM product_variant
         WHERE variant_name = '90캡슐'
           AND product_id = (SELECT id FROM product WHERE code = 'P51929028072' LIMIT 1)
         LIMIT 1),
        95, '2025-09-29 12:00:00', '2025-08-20 12:00:00'),
       ((SELECT id
         FROM product_variant
         WHERE variant_name = '45캡슐'
           AND product_id = (SELECT id FROM product WHERE code = 'P51929028072' LIMIT 1)
         LIMIT 1),
        65, '2025-09-29 12:00:00', '2025-08-20 12:00:00');
INSERT INTO product_category (product_id, category_id)
VALUES ((SELECT id FROM product WHERE code = 'P51929028072' LIMIT 1),
        (SELECT id FROM category WHERE name = '철분' LIMIT 1));
INSERT IGNORE INTO product_rank (product_id, recent_sales, updated_at)
VALUES ((SELECT id FROM product WHERE code = 'P51929028072' LIMIT 1), 1890, '2025-09-29 12:00:00');


INSERT INTO product (brand_id, name, code, description, instruction, ingredients, cautions, disclaimer,
                     sale_start_date, expiration_date, max_qty_per_order, sales, avg_rating, review_count, min_price)
VALUES ((SELECT id FROM brand WHERE name = '락티브'),
        '락티브 베베 & 키즈 리포퍼 철분 2g x 30포, 1개',
        'P51929501616', '락티브 베베 & 키즈 리포퍼 철분 2g x 30포, 1개',
        '하루 1-2포를 물에 타서 섭취하세요.', '리포퍼 철분, 비타민',
        '과다섭취 시 부작용이 있을 수 있습니다.', '본 제품은 질병의 예방 및 치료를 위한 의약품이 아닙니다.',
        '2025-05-01 00:00:00', 30, 6, 1890, 4.1, 280, 14690);
INSERT INTO product_img (product_id, image_url, alt_text, sort_idx, is_primary)
VALUES ((SELECT id FROM product WHERE code = 'P51929501616' LIMIT 1),
        'https://shopping-phinf.pstatic.net/main_5192950/51929501616.1.jpg', '대표 이미지', 0, 1),
       ((SELECT id FROM product WHERE code = 'P51929501616' LIMIT 1),
        'https://shopping-phinf.pstatic.net/main_5192950/51929501616.2.jpg', '상품 상세', 1, 0),
       ((SELECT id FROM product WHERE code = 'P51929501616' LIMIT 1),
        'https://shopping-phinf.pstatic.net/main_5192950/51929501616.3.jpg', '성분 정보', 2, 0);
INSERT INTO product_variant (product_id, variant_name, list_price, sale_price, volume, upc_code, pill_size,
                             nutrition_facts, max_qty_per_order, restock_eta)
VALUES ((SELECT id FROM product WHERE code = 'P51929501616' LIMIT 1), '30포', 14690, 12690, 30, '600000000245', '포장',
        '리포퍼 철분', 6, NULL),
       ((SELECT id FROM product WHERE code = 'P51929501616' LIMIT 1), '15포', 9690, 7690, 15, '600000000246', '포장',
        '리포퍼 철분', 6, NULL);
INSERT IGNORE INTO stock (product_variant_id, amount, updated_at, restocked_at)
VALUES ((SELECT id
         FROM product_variant
         WHERE variant_name = '30포'
           AND product_id = (SELECT id FROM product WHERE code = 'P51929501616' LIMIT 1)
         LIMIT 1),
        100, '2025-09-29 12:00:00', '2025-08-20 12:00:00'),
       ((SELECT id
         FROM product_variant
         WHERE variant_name = '15포'
           AND product_id = (SELECT id FROM product WHERE code = 'P51929501616' LIMIT 1)
         LIMIT 1),
        70, '2025-09-29 12:00:00', '2025-08-20 12:00:00');
INSERT INTO product_category (product_id, category_id)
VALUES ((SELECT id FROM product WHERE code = 'P51929501616' LIMIT 1),
        (SELECT id FROM category WHERE name = '철분' LIMIT 1));
INSERT IGNORE INTO product_rank (product_id, recent_sales, updated_at)
VALUES ((SELECT id FROM product WHERE code = 'P51929501616' LIMIT 1), 1890, '2025-09-29 12:00:00');


INSERT INTO product (brand_id, name, code, description, instruction, ingredients, cautions, disclaimer,
                     sale_start_date, expiration_date, max_qty_per_order, sales, avg_rating, review_count, min_price)
VALUES ((SELECT id FROM brand WHERE name = '앙팡'),
        '앙팡징크젤리 아기 유아 어린이 초등학생 아연 비타민D 영양제 키즈 돌 면역 면역력',
        'P11515062191', '앙팡징크젤리 아기 유아 어린이 초등학생 아연 비타민D 영양제 키즈 돌 면역 면역력',
        '하루 1-2개를 섭취하세요.', '아연, 비타민 D',
        '과다섭취 시 부작용이 있을 수 있습니다.', '본 제품은 질병의 예방 및 치료를 위한 의약품이 아닙니다.',
        '2025-05-02 00:00:00', 30, 6, 1890, 4.3, 280, 19800);
INSERT INTO product_img (product_id, image_url, alt_text, sort_idx, is_primary)
VALUES ((SELECT id FROM product WHERE code = 'P11515062191' LIMIT 1),
        'https://shopping-phinf.pstatic.net/main_1151506/11515062191.1.jpg', '대표 이미지', 0, 1),
       ((SELECT id FROM product WHERE code = 'P11515062191' LIMIT 1),
        'https://shopping-phinf.pstatic.net/main_1151506/11515062191.2.jpg', '상품 상세', 1, 0),
       ((SELECT id FROM product WHERE code = 'P11515062191' LIMIT 1),
        'https://shopping-phinf.pstatic.net/main_1151506/11515062191.3.jpg', '성분 정보', 2, 0);
INSERT INTO product_variant (product_id, variant_name, list_price, sale_price, volume, upc_code, pill_size,
                             nutrition_facts, max_qty_per_order, restock_eta)
VALUES ((SELECT id FROM product WHERE code = 'P11515062191' LIMIT 1), '60개', 19800, 17800, 60, '600000000247', '젤리',
        '징크젤리 아연', 6, NULL),
       ((SELECT id FROM product WHERE code = 'P11515062191' LIMIT 1), '30개', 12800, 10800, 30, '600000000248', '젤리',
        '징크젤리 아연', 6, NULL);
INSERT IGNORE INTO stock (product_variant_id, amount, updated_at, restocked_at)
VALUES ((SELECT id
         FROM product_variant
         WHERE variant_name = '60개'
           AND product_id = (SELECT id FROM product WHERE code = 'P11515062191' LIMIT 1)
         LIMIT 1),
        80, '2025-09-29 12:00:00', '2025-08-20 12:00:00'),
       ((SELECT id
         FROM product_variant
         WHERE variant_name = '30개'
           AND product_id = (SELECT id FROM product WHERE code = 'P11515062191' LIMIT 1)
         LIMIT 1),
        50, '2025-09-29 12:00:00', '2025-08-20 12:00:00');
INSERT INTO product_category (product_id, category_id)
VALUES ((SELECT id FROM product WHERE code = 'P11515062191' LIMIT 1),
        (SELECT id FROM category WHERE name = '아연' LIMIT 1));
INSERT IGNORE INTO product_rank (product_id, recent_sales, updated_at)
VALUES ((SELECT id FROM product WHERE code = 'P11515062191' LIMIT 1), 1890, '2025-09-29 12:00:00');


INSERT INTO product (brand_id, name, code, description, instruction, ingredients, cautions, disclaimer,
                     sale_start_date, expiration_date, max_qty_per_order, sales, avg_rating, review_count, min_price)
VALUES ((SELECT id FROM brand WHERE name = '나우푸드'),
        '나우푸드 아연 Zinc 징크 50mg 250타블렛 이뮨서포트',
        'P84332987904', '나우푸드 아연 Zinc 징크 50mg 250타블렛 이뮨서포트',
        '하루 1-2정을 식후에 섭취하세요.', '아연, 징크',
        '과다섭취 시 부작용이 있을 수 있습니다.', '본 제품은 질병의 예방 및 치료를 위한 의약품이 아닙니다.',
        '2025-05-03 00:00:00', 30, 6, 1890, 4.4, 280, 16800);
INSERT INTO product_img (product_id, image_url, alt_text, sort_idx, is_primary)
VALUES ((SELECT id FROM product WHERE code = 'P84332987904' LIMIT 1),
        'https://shopping-phinf.pstatic.net/main_8433298/84332987904.1.jpg', '대표 이미지', 0, 1),
       ((SELECT id FROM product WHERE code = 'P84332987904' LIMIT 1),
        'https://shopping-phinf.pstatic.net/main_8433298/84332987904.2.jpg', '상품 상세', 1, 0),
       ((SELECT id FROM product WHERE code = 'P84332987904' LIMIT 1),
        'https://shopping-phinf.pstatic.net/main_8433298/84332987904.3.jpg', '성분 정보', 2, 0);
INSERT INTO product_variant (product_id, variant_name, list_price, sale_price, volume, upc_code, pill_size,
                             nutrition_facts, max_qty_per_order, restock_eta)
VALUES ((SELECT id FROM product WHERE code = 'P84332987904' LIMIT 1), '250정', 16800, 14800, 250, '600000000249',
        '10x10x5mm', '징크 아연', 6, NULL),
       ((SELECT id FROM product WHERE code = 'P84332987904' LIMIT 1), '125정', 10800, 8800, 125, '600000000250',
        '10x10x5mm', '징크 아연', 6, NULL);
INSERT IGNORE INTO stock (product_variant_id, amount, updated_at, restocked_at)
VALUES ((SELECT id
         FROM product_variant
         WHERE variant_name = '250정'
           AND product_id = (SELECT id FROM product WHERE code = 'P84332987904' LIMIT 1)
         LIMIT 1),
        120, '2025-09-29 12:00:00', '2025-08-20 12:00:00'),
       ((SELECT id
         FROM product_variant
         WHERE variant_name = '125정'
           AND product_id = (SELECT id FROM product WHERE code = 'P84332987904' LIMIT 1)
         LIMIT 1),
        80, '2025-09-29 12:00:00', '2025-08-20 12:00:00');
INSERT INTO product_category (product_id, category_id)
VALUES ((SELECT id FROM product WHERE code = 'P84332987904' LIMIT 1),
        (SELECT id FROM category WHERE name = '아연' LIMIT 1));
INSERT IGNORE INTO product_rank (product_id, recent_sales, updated_at)
VALUES ((SELECT id FROM product WHERE code = 'P84332987904' LIMIT 1), 1890, '2025-09-29 12:00:00');


INSERT INTO product (brand_id, name, code, description, instruction, ingredients, cautions, disclaimer,
                     sale_start_date, expiration_date, max_qty_per_order, sales, avg_rating, review_count, min_price)
VALUES ((SELECT id FROM brand WHERE name = '키즈텐'),
        '키즈텐 아기 아연 시럽 100ml, 1개',
        'P51929361085', '키즈텐 아기 아연 시럽 100ml, 1개',
        '하루 1-2포를 물에 타서 섭취하세요.', '아연 시럽, 비타민',
        '과다섭취 시 부작용이 있을 수 있습니다.', '본 제품은 질병의 예방 및 치료를 위한 의약품이 아닙니다.',
        '2025-05-04 00:00:00', 30, 6, 1890, 4.2, 280, 19500);
INSERT INTO product_img (product_id, image_url, alt_text, sort_idx, is_primary)
VALUES ((SELECT id FROM product WHERE code = 'P51929361085' LIMIT 1),
        'https://shopping-phinf.pstatic.net/main_5192936/51929361085.1.jpg', '대표 이미지', 0, 1),
       ((SELECT id FROM product WHERE code = 'P51929361085' LIMIT 1),
        'https://shopping-phinf.pstatic.net/main_5192936/51929361085.2.jpg', '상품 상세', 1, 0),
       ((SELECT id FROM product WHERE code = 'P51929361085' LIMIT 1),
        'https://shopping-phinf.pstatic.net/main_5192936/51929361085.3.jpg', '성분 정보', 2, 0);
INSERT INTO product_variant (product_id, variant_name, list_price, sale_price, volume, upc_code, pill_size,
                             nutrition_facts, max_qty_per_order, restock_eta)
VALUES ((SELECT id FROM product WHERE code = 'P51929361085' LIMIT 1), '100ml', 19500, 17500, 100, '600000000251', '시럽',
        '키즈 아연', 6, NULL),
       ((SELECT id FROM product WHERE code = 'P51929361085' LIMIT 1), '50ml', 12500, 10500, 50, '600000000252', '시럽',
        '키즈 아연', 6, NULL);
INSERT IGNORE INTO stock (product_variant_id, amount, updated_at, restocked_at)
VALUES ((SELECT id
         FROM product_variant
         WHERE variant_name = '100ml'
           AND product_id = (SELECT id FROM product WHERE code = 'P51929361085' LIMIT 1)
         LIMIT 1),
        90, '2025-09-29 12:00:00', '2025-08-20 12:00:00'),
       ((SELECT id
         FROM product_variant
         WHERE variant_name = '50ml'
           AND product_id = (SELECT id FROM product WHERE code = 'P51929361085' LIMIT 1)
         LIMIT 1),
        60, '2025-09-29 12:00:00', '2025-08-20 12:00:00');
INSERT INTO product_category (product_id, category_id)
VALUES ((SELECT id FROM product WHERE code = 'P51929361085' LIMIT 1),
        (SELECT id FROM category WHERE name = '아연' LIMIT 1));
INSERT IGNORE INTO product_rank (product_id, recent_sales, updated_at)
VALUES ((SELECT id FROM product WHERE code = 'P51929361085' LIMIT 1), 1890, '2025-09-29 12:00:00');


INSERT INTO product (brand_id, name, code, description, instruction, ingredients, cautions, disclaimer,
                     sale_start_date, expiration_date, max_qty_per_order, sales, avg_rating, review_count, min_price)
VALUES ((SELECT id FROM brand WHERE name = '팔레오'),
        '팔레오 닥터스노트 슈퍼이뮨 아연n셀렌 800mg x 60정, 1개',
        'P51929529291', '팔레오 닥터스노트 슈퍼이뮨 아연n셀렌 800mg x 60정, 1개',
        '하루 1-2정을 식후에 섭취하세요.', '아연, 셀렌',
        '과다섭취 시 부작용이 있을 수 있습니다.', '본 제품은 질병의 예방 및 치료를 위한 의약품이 아닙니다.',
        '2025-05-05 00:00:00', 30, 6, 1890, 4.5, 280, 10900);
INSERT INTO product_img (product_id, image_url, alt_text, sort_idx, is_primary)
VALUES ((SELECT id FROM product WHERE code = 'P51929529291' LIMIT 1),
        'https://shopping-phinf.pstatic.net/main_5192952/51929529291.1.jpg', '대표 이미지', 0, 1),
       ((SELECT id FROM product WHERE code = 'P51929529291' LIMIT 1),
        'https://shopping-phinf.pstatic.net/main_5192952/51929529291.2.jpg', '상품 상세', 1, 0),
       ((SELECT id FROM product WHERE code = 'P51929529291' LIMIT 1),
        'https://shopping-phinf.pstatic.net/main_5192952/51929529291.3.jpg', '성분 정보', 2, 0);
INSERT INTO product_variant (product_id, variant_name, list_price, sale_price, volume, upc_code, pill_size,
                             nutrition_facts, max_qty_per_order, restock_eta)
VALUES ((SELECT id FROM product WHERE code = 'P51929529291' LIMIT 1), '60정', 10900, 8900, 60, '600000000253',
        '10x10x5mm', '아연+셀렌', 6, NULL),
       ((SELECT id FROM product WHERE code = 'P51929529291' LIMIT 1), '30정', 6900, 4900, 30, '600000000254',
        '10x10x5mm', '아연+셀렌', 6, NULL);
INSERT IGNORE INTO stock (product_variant_id, amount, updated_at, restocked_at)
VALUES ((SELECT id
         FROM product_variant
         WHERE variant_name = '60정'
           AND product_id = (SELECT id FROM product WHERE code = 'P51929529291' LIMIT 1)
         LIMIT 1),
        130, '2025-09-29 12:00:00', '2025-08-20 12:00:00'),
       ((SELECT id
         FROM product_variant
         WHERE variant_name = '30정'
           AND product_id = (SELECT id FROM product WHERE code = 'P51929529291' LIMIT 1)
         LIMIT 1),
        85, '2025-09-29 12:00:00', '2025-08-20 12:00:00');
INSERT INTO product_category (product_id, category_id)
VALUES ((SELECT id FROM product WHERE code = 'P51929529291' LIMIT 1),
        (SELECT id FROM category WHERE name = '아연' LIMIT 1));
INSERT IGNORE INTO product_rank (product_id, recent_sales, updated_at)
VALUES ((SELECT id FROM product WHERE code = 'P51929529291' LIMIT 1), 1890, '2025-09-29 12:00:00');


INSERT INTO product (brand_id, name, code, description, instruction, ingredients, cautions, disclaimer,
                     sale_start_date, expiration_date, max_qty_per_order, sales, avg_rating, review_count, min_price)
VALUES ((SELECT id FROM brand WHERE name = '홀랜드앤바렛'),
        '[4개월] 아연 구리 15mg 140mg 120정 글루콘산아연 영국산 건강기능식품',
        'P86760348677', '[4개월] 아연 구리 15mg 140mg 120정 글루콘산아연 영국산 건강기능식품',
        '하루 1-2정을 식후에 섭취하세요.', '아연, 구리, 글루콘산아연',
        '과다섭취 시 부작용이 있을 수 있습니다.', '본 제품은 질병의 예방 및 치료를 위한 의약품이 아닙니다.',
        '2025-05-06 00:00:00', 30, 6, 1890, 4.6, 280, 19900);
INSERT INTO product_img (product_id, image_url, alt_text, sort_idx, is_primary)
VALUES ((SELECT id FROM product WHERE code = 'P86760348677' LIMIT 1),
        'https://shopping-phinf.pstatic.net/main_8676034/86760348677.1.jpg', '대표 이미지', 0, 1),
       ((SELECT id FROM product WHERE code = 'P86760348677' LIMIT 1),
        'https://shopping-phinf.pstatic.net/main_8676034/86760348677.2.jpg', '상품 상세', 1, 0),
       ((SELECT id FROM product WHERE code = 'P86760348677' LIMIT 1),
        'https://shopping-phinf.pstatic.net/main_8676034/86760348677.3.jpg', '성분 정보', 2, 0);
INSERT INTO product_variant (product_id, variant_name, list_price, sale_price, volume, upc_code, pill_size,
                             nutrition_facts, max_qty_per_order, restock_eta)
VALUES ((SELECT id FROM product WHERE code = 'P86760348677' LIMIT 1), '120정', 19900, 17900, 120, '600000000255',
        '10x10x5mm', '아연+구리', 6, NULL),
       ((SELECT id FROM product WHERE code = 'P86760348677' LIMIT 1), '60정', 12900, 10900, 60, '600000000256',
        '10x10x5mm', '아연+구리', 6, NULL);
INSERT IGNORE INTO stock (product_variant_id, amount, updated_at, restocked_at)
VALUES ((SELECT id
         FROM product_variant
         WHERE variant_name = '120정'
           AND product_id = (SELECT id FROM product WHERE code = 'P86760348677' LIMIT 1)
         LIMIT 1),
        75, '2025-09-29 12:00:00', '2025-08-20 12:00:00'),
       ((SELECT id
         FROM product_variant
         WHERE variant_name = '60정'
           AND product_id = (SELECT id FROM product WHERE code = 'P86760348677' LIMIT 1)
         LIMIT 1),
        50, '2025-09-29 12:00:00', '2025-08-20 12:00:00');
INSERT INTO product_category (product_id, category_id)
VALUES ((SELECT id FROM product WHERE code = 'P86760348677' LIMIT 1),
        (SELECT id FROM category WHERE name = '아연' LIMIT 1));
INSERT IGNORE INTO product_rank (product_id, recent_sales, updated_at)
VALUES ((SELECT id FROM product WHERE code = 'P86760348677' LIMIT 1), 1890, '2025-09-29 12:00:00');


INSERT IGNORE INTO brand (name)
VALUES ('파파스랩');
INSERT IGNORE INTO brand (name)
VALUES ('김석진랩');
INSERT IGNORE INTO brand (name)
VALUES ('드시모네 스토어');

INSERT INTO product (brand_id, name, code, description, instruction, ingredients, cautions, disclaimer,
                     sale_start_date, expiration_date, max_qty_per_order, sales, avg_rating, review_count, min_price)
VALUES ((SELECT id FROM brand WHERE name = '뉴트리코어'),
        '뉴트리코어 아연 영양제 500mg x 60정, 1개',
        'P51929531751', '뉴트리코어 아연 영양제 500mg x 60정, 1개',
        '하루 1-2정을 식후에 섭취하세요.', '아연, 비타민',
        '과다섭취 시 부작용이 있을 수 있습니다.', '본 제품은 질병의 예방 및 치료를 위한 의약품이 아닙니다.',
        '2025-05-07 00:00:00', 30, 6, 1890, 4.3, 280, 36000);
INSERT INTO product_img (product_id, image_url, alt_text, sort_idx, is_primary)
VALUES ((SELECT id FROM product WHERE code = 'P51929531751' LIMIT 1),
        'https://shopping-phinf.pstatic.net/main_5192953/51929531751.1.jpg', '대표 이미지', 0, 1),
       ((SELECT id FROM product WHERE code = 'P51929531751' LIMIT 1),
        'https://shopping-phinf.pstatic.net/main_5192953/51929531751.2.jpg', '상품 상세', 1, 0),
       ((SELECT id FROM product WHERE code = 'P51929531751' LIMIT 1),
        'https://shopping-phinf.pstatic.net/main_5192953/51929531751.3.jpg', '성분 정보', 2, 0);
INSERT INTO product_variant (product_id, variant_name, list_price, sale_price, volume, upc_code, pill_size,
                             nutrition_facts, max_qty_per_order, restock_eta)
VALUES ((SELECT id FROM product WHERE code = 'P51929531751' LIMIT 1), '60정', 36000, 34000, 60, '600000000257',
        '10x10x5mm', '뉴트리코어 아연', 6, NULL),
       ((SELECT id FROM product WHERE code = 'P51929531751' LIMIT 1), '30정', 23000, 21000, 30, '600000000258',
        '10x10x5mm', '뉴트리코어 아연', 6, NULL);
INSERT IGNORE INTO stock (product_variant_id, amount, updated_at, restocked_at)
VALUES ((SELECT id
         FROM product_variant
         WHERE variant_name = '60정'
           AND product_id = (SELECT id FROM product WHERE code = 'P51929531751' LIMIT 1)
         LIMIT 1),
        70, '2025-09-29 12:00:00', '2025-08-20 12:00:00'),
       ((SELECT id
         FROM product_variant
         WHERE variant_name = '30정'
           AND product_id = (SELECT id FROM product WHERE code = 'P51929531751' LIMIT 1)
         LIMIT 1),
        45, '2025-09-29 12:00:00', '2025-08-20 12:00:00');
INSERT INTO product_category (product_id, category_id)
VALUES ((SELECT id FROM product WHERE code = 'P51929531751' LIMIT 1),
        (SELECT id FROM category WHERE name = '아연' LIMIT 1));
INSERT IGNORE INTO product_rank (product_id, recent_sales, updated_at)
VALUES ((SELECT id FROM product WHERE code = 'P51929531751' LIMIT 1), 1890, '2025-09-29 12:00:00');


INSERT INTO product (brand_id, name, code, description, instruction, ingredients, cautions, disclaimer,
                     sale_start_date, expiration_date, max_qty_per_order, sales, avg_rating, review_count, min_price)
VALUES ((SELECT id FROM brand WHERE name = '파파스랩'),
        '파파스랩 이뮨 젤리 키즈 20g x 20포 아기 유아 아연 비타민D 면역 영양제',
        'P83628139020', '파파스랩 이뮨 젤리 키즈 20g x 20포 아기 유아 아연 비타민D 면역 영양제',
        '하루 1-2포를 섭취하세요.', '아연, 비타민 D',
        '과다섭취 시 부작용이 있을 수 있습니다.', '본 제품은 질병의 예방 및 치료를 위한 의약품이 아닙니다.',
        '2025-05-08 00:00:00', 30, 6, 1890, 4.4, 280, 21800);
INSERT INTO product_img (product_id, image_url, alt_text, sort_idx, is_primary)
VALUES ((SELECT id FROM product WHERE code = 'P83628139020' LIMIT 1),
        'https://shopping-phinf.pstatic.net/main_8362813/83628139020.1.jpg', '대표 이미지', 0, 1),
       ((SELECT id FROM product WHERE code = 'P83628139020' LIMIT 1),
        'https://shopping-phinf.pstatic.net/main_8362813/83628139020.2.jpg', '상품 상세', 1, 0),
       ((SELECT id FROM product WHERE code = 'P83628139020' LIMIT 1),
        'https://shopping-phinf.pstatic.net/main_8362813/83628139020.3.jpg', '성분 정보', 2, 0);
INSERT INTO product_variant (product_id, variant_name, list_price, sale_price, volume, upc_code, pill_size,
                             nutrition_facts, max_qty_per_order, restock_eta)
VALUES ((SELECT id FROM product WHERE code = 'P83628139020' LIMIT 1), '20포', 21800, 19800, 20, '600000000259', '젤리',
        '이뮨 젤리', 6, NULL),
       ((SELECT id FROM product WHERE code = 'P83628139020' LIMIT 1), '10포', 13800, 11800, 10, '600000000260', '젤리',
        '이뮨 젤리', 6, NULL);
INSERT IGNORE INTO stock (product_variant_id, amount, updated_at, restocked_at)
VALUES ((SELECT id
         FROM product_variant
         WHERE variant_name = '20포'
           AND product_id = (SELECT id FROM product WHERE code = 'P83628139020' LIMIT 1)
         LIMIT 1),
        85, '2025-09-29 12:00:00', '2025-08-20 12:00:00'),
       ((SELECT id
         FROM product_variant
         WHERE variant_name = '10포'
           AND product_id = (SELECT id FROM product WHERE code = 'P83628139020' LIMIT 1)
         LIMIT 1),
        55, '2025-09-29 12:00:00', '2025-08-20 12:00:00');
INSERT INTO product_category (product_id, category_id)
VALUES ((SELECT id FROM product WHERE code = 'P83628139020' LIMIT 1),
        (SELECT id FROM category WHERE name = '아연' LIMIT 1));
INSERT IGNORE INTO product_rank (product_id, recent_sales, updated_at)
VALUES ((SELECT id FROM product WHERE code = 'P83628139020' LIMIT 1), 1890, '2025-09-29 12:00:00');


INSERT INTO product (brand_id, name, code, description, instruction, ingredients, cautions, disclaimer,
                     sale_start_date, expiration_date, max_qty_per_order, sales, avg_rating, review_count, min_price)
VALUES ((SELECT id FROM brand WHERE name = 'DAYLIFE'),
        '데이라이프 아이 뮨 베이비 키즈 아연 면역 면역력 아기 유아 어린이 초등학생 아연영양제',
        'P83526056566', '데이라이프 아이 뮨 베이비 키즈 아연 면역 면역력 아기 유아 어린이 초등학생 아연영양제',
        '하루 1-2포를 물에 타서 섭취하세요.', '아연, 비타민',
        '과다섭취 시 부작용이 있을 수 있습니다.', '본 제품은 질병의 예방 및 치료를 위한 의약품이 아닙니다.',
        '2025-05-09 00:00:00', 30, 6, 1890, 4.2, 280, 18000);
INSERT INTO product_img (product_id, image_url, alt_text, sort_idx, is_primary)
VALUES ((SELECT id FROM product WHERE code = 'P83526056566' LIMIT 1),
        'https://shopping-phinf.pstatic.net/main_8352605/83526056566.1.jpg', '대표 이미지', 0, 1),
       ((SELECT id FROM product WHERE code = 'P83526056566' LIMIT 1),
        'https://shopping-phinf.pstatic.net/main_8352605/83526056566.2.jpg', '상품 상세', 1, 0),
       ((SELECT id FROM product WHERE code = 'P83526056566' LIMIT 1),
        'https://shopping-phinf.pstatic.net/main_8352605/83526056566.3.jpg', '성분 정보', 2, 0);
INSERT INTO product_variant (product_id, variant_name, list_price, sale_price, volume, upc_code, pill_size,
                             nutrition_facts, max_qty_per_order, restock_eta)
VALUES ((SELECT id FROM product WHERE code = 'P83526056566' LIMIT 1), '60포', 18000, 16000, 60, '600000000261', '포장',
        '키즈 아연', 6, NULL),
       ((SELECT id FROM product WHERE code = 'P83526056566' LIMIT 1), '30포', 12000, 10000, 30, '600000000262', '포장',
        '키즈 아연', 6, NULL);
INSERT IGNORE INTO stock (product_variant_id, amount, updated_at, restocked_at)
VALUES ((SELECT id
         FROM product_variant
         WHERE variant_name = '60포'
           AND product_id = (SELECT id FROM product WHERE code = 'P83526056566' LIMIT 1)
         LIMIT 1),
        100, '2025-09-29 12:00:00', '2025-08-20 12:00:00'),
       ((SELECT id
         FROM product_variant
         WHERE variant_name = '30포'
           AND product_id = (SELECT id FROM product WHERE code = 'P83526056566' LIMIT 1)
         LIMIT 1),
        70, '2025-09-29 12:00:00', '2025-08-20 12:00:00');
INSERT INTO product_category (product_id, category_id)
VALUES ((SELECT id FROM product WHERE code = 'P83526056566' LIMIT 1),
        (SELECT id FROM category WHERE name = '아연' LIMIT 1));
INSERT IGNORE INTO product_rank (product_id, recent_sales, updated_at)
VALUES ((SELECT id FROM product WHERE code = 'P83526056566' LIMIT 1), 1890, '2025-09-29 12:00:00');


INSERT INTO product (brand_id, name, code, description, instruction, ingredients, cautions, disclaimer,
                     sale_start_date, expiration_date, max_qty_per_order, sales, avg_rating, review_count, min_price)
VALUES ((SELECT id FROM brand WHERE name = '종근당'),
        '종근당 아연 플러스 700mg x 90정, 1개',
        'P51929277841', '종근당 아연 플러스 700mg x 90정, 1개',
        '하루 1-2정을 식후에 섭취하세요.', '아연, 비타민',
        '과다섭취 시 부작용이 있을 수 있습니다.', '본 제품은 질병의 예방 및 치료를 위한 의약품이 아닙니다.',
        '2025-05-10 00:00:00', 30, 6, 1890, 4.1, 280, 11380);
INSERT INTO product_img (product_id, image_url, alt_text, sort_idx, is_primary)
VALUES ((SELECT id FROM product WHERE code = 'P51929277841' LIMIT 1),
        'https://shopping-phinf.pstatic.net/main_5192927/51929277841.1.jpg', '대표 이미지', 0, 1),
       ((SELECT id FROM product WHERE code = 'P51929277841' LIMIT 1),
        'https://shopping-phinf.pstatic.net/main_5192927/51929277841.2.jpg', '상품 상세', 1, 0),
       ((SELECT id FROM product WHERE code = 'P51929277841' LIMIT 1),
        'https://shopping-phinf.pstatic.net/main_5192927/51929277841.3.jpg', '성분 정보', 2, 0);
INSERT INTO product_variant (product_id, variant_name, list_price, sale_price, volume, upc_code, pill_size,
                             nutrition_facts, max_qty_per_order, restock_eta)
VALUES ((SELECT id FROM product WHERE code = 'P51929277841' LIMIT 1), '90정', 11380, 9380, 90, '600000000263',
        '10x10x5mm', '종근당 아연', 6, NULL),
       ((SELECT id FROM product WHERE code = 'P51929277841' LIMIT 1), '45정', 7380, 5380, 45, '600000000264',
        '10x10x5mm', '종근당 아연', 6, NULL);
INSERT IGNORE INTO stock (product_variant_id, amount, updated_at, restocked_at)
VALUES ((SELECT id
         FROM product_variant
         WHERE variant_name = '90정'
           AND product_id = (SELECT id FROM product WHERE code = 'P51929277841' LIMIT 1)
         LIMIT 1),
        140, '2025-09-29 12:00:00', '2025-08-20 12:00:00'),
       ((SELECT id
         FROM product_variant
         WHERE variant_name = '45정'
           AND product_id = (SELECT id FROM product WHERE code = 'P51929277841' LIMIT 1)
         LIMIT 1),
        95, '2025-09-29 12:00:00', '2025-08-20 12:00:00');
INSERT INTO product_category (product_id, category_id)
VALUES ((SELECT id FROM product WHERE code = 'P51929277841' LIMIT 1),
        (SELECT id FROM category WHERE name = '아연' LIMIT 1));
INSERT IGNORE INTO product_rank (product_id, recent_sales, updated_at)
VALUES ((SELECT id FROM product WHERE code = 'P51929277841' LIMIT 1), 1890, '2025-09-29 12:00:00');


INSERT INTO product (brand_id, name, code, description, instruction, ingredients, cautions, disclaimer,
                     sale_start_date, expiration_date, max_qty_per_order, sales, avg_rating, review_count, min_price)
VALUES ((SELECT id FROM brand WHERE name = '뉴트키즈'),
        '뉴트키즈 징크시럽 144ml, 1개',
        'P51929293199', '뉴트키즈 징크시럽 144ml, 1개',
        '하루 1-2포를 물에 타서 섭취하세요.', '징크 시럽, 아연',
        '과다섭취 시 부작용이 있을 수 있습니다.', '본 제품은 질병의 예방 및 치료를 위한 의약품이 아닙니다.',
        '2025-05-11 00:00:00', 30, 6, 1890, 4.3, 280, 19000);
INSERT INTO product_img (product_id, image_url, alt_text, sort_idx, is_primary)
VALUES ((SELECT id FROM product WHERE code = 'P51929293199' LIMIT 1),
        'https://shopping-phinf.pstatic.net/main_5192929/51929293199.1.jpg', '대표 이미지', 0, 1),
       ((SELECT id FROM product WHERE code = 'P51929293199' LIMIT 1),
        'https://shopping-phinf.pstatic.net/main_5192929/51929293199.2.jpg', '상품 상세', 1, 0),
       ((SELECT id FROM product WHERE code = 'P51929293199' LIMIT 1),
        'https://shopping-phinf.pstatic.net/main_5192929/51929293199.3.jpg', '성분 정보', 2, 0);
INSERT INTO product_variant (product_id, variant_name, list_price, sale_price, volume, upc_code, pill_size,
                             nutrition_facts, max_qty_per_order, restock_eta)
VALUES ((SELECT id FROM product WHERE code = 'P51929293199' LIMIT 1), '144ml', 19000, 17000, 144, '600000000265', '시럽',
        '징크 시럽', 6, NULL),
       ((SELECT id FROM product WHERE code = 'P51929293199' LIMIT 1), '72ml', 12000, 10000, 72, '600000000266', '시럽',
        '징크 시럽', 6, NULL);
INSERT IGNORE INTO stock (product_variant_id, amount, updated_at, restocked_at)
VALUES ((SELECT id
         FROM product_variant
         WHERE variant_name = '144ml'
           AND product_id = (SELECT id FROM product WHERE code = 'P51929293199' LIMIT 1)
         LIMIT 1),
        90, '2025-09-29 12:00:00', '2025-08-20 12:00:00'),
       ((SELECT id
         FROM product_variant
         WHERE variant_name = '72ml'
           AND product_id = (SELECT id FROM product WHERE code = 'P51929293199' LIMIT 1)
         LIMIT 1),
        60, '2025-09-29 12:00:00', '2025-08-20 12:00:00');
INSERT INTO product_category (product_id, category_id)
VALUES ((SELECT id FROM product WHERE code = 'P51929293199' LIMIT 1),
        (SELECT id FROM category WHERE name = '아연' LIMIT 1));
INSERT IGNORE INTO product_rank (product_id, recent_sales, updated_at)
VALUES ((SELECT id FROM product WHERE code = 'P51929293199' LIMIT 1), 1890, '2025-09-29 12:00:00');


INSERT INTO product (brand_id, name, code, description, instruction, ingredients, cautions, disclaimer,
                     sale_start_date, expiration_date, max_qty_per_order, sales, avg_rating, review_count, min_price)
VALUES ((SELECT id FROM brand WHERE name = '닥터라인'),
        '닥터라인 징크키즈 120ml, 1개',
        'P51929468832', '닥터라인 징크키즈 120ml, 1개',
        '하루 1-2포를 물에 타서 섭취하세요.', '징크, 아연',
        '과다섭취 시 부작용이 있을 수 있습니다.', '본 제품은 질병의 예방 및 치료를 위한 의약품이 아닙니다.',
        '2025-05-12 00:00:00', 30, 6, 1890, 4.2, 280, 23900);
INSERT INTO product_img (product_id, image_url, alt_text, sort_idx, is_primary)
VALUES ((SELECT id FROM product WHERE code = 'P51929468832' LIMIT 1),
        'https://shopping-phinf.pstatic.net/main_5192946/51929468832.1.jpg', '대표 이미지', 0, 1),
       ((SELECT id FROM product WHERE code = 'P51929468832' LIMIT 1),
        'https://shopping-phinf.pstatic.net/main_5192946/51929468832.2.jpg', '상품 상세', 1, 0),
       ((SELECT id FROM product WHERE code = 'P51929468832' LIMIT 1),
        'https://shopping-phinf.pstatic.net/main_5192946/51929468832.3.jpg', '성분 정보', 2, 0);
INSERT INTO product_variant (product_id, variant_name, list_price, sale_price, volume, upc_code, pill_size,
                             nutrition_facts, max_qty_per_order, restock_eta)
VALUES ((SELECT id FROM product WHERE code = 'P51929468832' LIMIT 1), '120ml', 23900, 21900, 120, '600000000267', '시럽',
        '징크키즈', 6, NULL),
       ((SELECT id FROM product WHERE code = 'P51929468832' LIMIT 1), '60ml', 15900, 13900, 60, '600000000268', '시럽',
        '징크키즈', 6, NULL);
INSERT IGNORE INTO stock (product_variant_id, amount, updated_at, restocked_at)
VALUES ((SELECT id
         FROM product_variant
         WHERE variant_name = '120ml'
           AND product_id = (SELECT id FROM product WHERE code = 'P51929468832' LIMIT 1)
         LIMIT 1),
        80, '2025-09-29 12:00:00', '2025-08-20 12:00:00'),
       ((SELECT id
         FROM product_variant
         WHERE variant_name = '60ml'
           AND product_id = (SELECT id FROM product WHERE code = 'P51929468832' LIMIT 1)
         LIMIT 1),
        50, '2025-09-29 12:00:00', '2025-08-20 12:00:00');
INSERT INTO product_category (product_id, category_id)
VALUES ((SELECT id FROM product WHERE code = 'P51929468832' LIMIT 1),
        (SELECT id FROM category WHERE name = '아연' LIMIT 1));
INSERT IGNORE INTO product_rank (product_id, recent_sales, updated_at)
VALUES ((SELECT id FROM product WHERE code = 'P51929468832' LIMIT 1), 1890, '2025-09-29 12:00:00');


INSERT INTO product (brand_id, name, code, description, instruction, ingredients, cautions, disclaimer,
                     sale_start_date, expiration_date, max_qty_per_order, sales, avg_rating, review_count, min_price)
VALUES ((SELECT id FROM brand WHERE name = '나우푸드'),
        '나우푸드 아연 50mg x 250정, 1개',
        'P53549201974', '나우푸드 아연 50mg x 250정, 1개',
        '하루 1-2정을 식후에 섭취하세요.', '아연, 징크',
        '과다섭취 시 부작용이 있을 수 있습니다.', '본 제품은 질병의 예방 및 치료를 위한 의약품이 아닙니다.',
        '2025-05-13 00:00:00', 30, 6, 1890, 4.1, 280, 7600);
INSERT INTO product_img (product_id, image_url, alt_text, sort_idx, is_primary)
VALUES ((SELECT id FROM product WHERE code = 'P53549201974' LIMIT 1),
        'https://shopping-phinf.pstatic.net/main_5354920/53549201974.1.jpg', '대표 이미지', 0, 1),
       ((SELECT id FROM product WHERE code = 'P53549201974' LIMIT 1),
        'https://shopping-phinf.pstatic.net/main_5354920/53549201974.2.jpg', '상품 상세', 1, 0),
       ((SELECT id FROM product WHERE code = 'P53549201974' LIMIT 1),
        'https://shopping-phinf.pstatic.net/main_5354920/53549201974.3.jpg', '성분 정보', 2, 0);
INSERT INTO product_variant (product_id, variant_name, list_price, sale_price, volume, upc_code, pill_size,
                             nutrition_facts, max_qty_per_order, restock_eta)
VALUES ((SELECT id FROM product WHERE code = 'P53549201974' LIMIT 1), '250정', 7600, 5600, 250, '600000000269',
        '10x10x5mm', '나우푸드 아연', 6, NULL),
       ((SELECT id FROM product WHERE code = 'P53549201974' LIMIT 1), '125정', 4600, 2600, 125, '600000000270',
        '10x10x5mm', '나우푸드 아연', 6, NULL);
INSERT IGNORE INTO stock (product_variant_id, amount, updated_at, restocked_at)
VALUES ((SELECT id
         FROM product_variant
         WHERE variant_name = '250정'
           AND product_id = (SELECT id FROM product WHERE code = 'P53549201974' LIMIT 1)
         LIMIT 1),
        160, '2025-09-29 12:00:00', '2025-08-20 12:00:00'),
       ((SELECT id
         FROM product_variant
         WHERE variant_name = '125정'
           AND product_id = (SELECT id FROM product WHERE code = 'P53549201974' LIMIT 1)
         LIMIT 1),
        110, '2025-09-29 12:00:00', '2025-08-20 12:00:00');
INSERT INTO product_category (product_id, category_id)
VALUES ((SELECT id FROM product WHERE code = 'P53549201974' LIMIT 1),
        (SELECT id FROM category WHERE name = '아연' LIMIT 1));
INSERT IGNORE INTO product_rank (product_id, recent_sales, updated_at)
VALUES ((SELECT id FROM product WHERE code = 'P53549201974' LIMIT 1), 1890, '2025-09-29 12:00:00');


INSERT INTO product (brand_id, name, code, description, instruction, ingredients, cautions, disclaimer,
                     sale_start_date, expiration_date, max_qty_per_order, sales, avg_rating, review_count, min_price)
VALUES ((SELECT id FROM brand WHERE name = '김석진랩'),
        '김석진랩 키즈 징크 시럽 면역업 1박스 (총 1개월분)',
        'P87455645453', '김석진랩 키즈 징크 시럽 면역업 1박스 (총 1개월분)',
        '하루 1-2포를 물에 타서 섭취하세요.', '징크 시럽, 아연',
        '과다섭취 시 부작용이 있을 수 있습니다.', '본 제품은 질병의 예방 및 치료를 위한 의약품이 아닙니다.',
        '2025-05-14 00:00:00', 30, 6, 1890, 4.3, 280, 11700);
INSERT INTO product_img (product_id, image_url, alt_text, sort_idx, is_primary)
VALUES ((SELECT id FROM product WHERE code = 'P87455645453' LIMIT 1),
        'https://shopping-phinf.pstatic.net/main_8745564/87455645453.1.jpg', '대표 이미지', 0, 1),
       ((SELECT id FROM product WHERE code = 'P87455645453' LIMIT 1),
        'https://shopping-phinf.pstatic.net/main_8745564/87455645453.2.jpg', '상품 상세', 1, 0),
       ((SELECT id FROM product WHERE code = 'P87455645453' LIMIT 1),
        'https://shopping-phinf.pstatic.net/main_8745564/87455645453.3.jpg', '성분 정보', 2, 0);
INSERT INTO product_variant (product_id, variant_name, list_price, sale_price, volume, upc_code, pill_size,
                             nutrition_facts, max_qty_per_order, restock_eta)
VALUES ((SELECT id FROM product WHERE code = 'P87455645453' LIMIT 1), '1박스', 11700, 9700, 1, '600000000271', '시럽',
        '키즈 징크', 6, NULL),
       ((SELECT id FROM product WHERE code = 'P87455645453' LIMIT 1), '2박스', 21700, 19700, 2, '600000000272', '시럽',
        '키즈 징크', 6, NULL);
INSERT IGNORE INTO stock (product_variant_id, amount, updated_at, restocked_at)
VALUES ((SELECT id
         FROM product_variant
         WHERE variant_name = '1박스'
           AND product_id = (SELECT id FROM product WHERE code = 'P87455645453' LIMIT 1)
         LIMIT 1),
        120, '2025-09-29 12:00:00', '2025-08-20 12:00:00'),
       ((SELECT id
         FROM product_variant
         WHERE variant_name = '2박스'
           AND product_id = (SELECT id FROM product WHERE code = 'P87455645453' LIMIT 1)
         LIMIT 1),
        80, '2025-09-29 12:00:00', '2025-08-20 12:00:00');
INSERT INTO product_category (product_id, category_id)
VALUES ((SELECT id FROM product WHERE code = 'P87455645453' LIMIT 1),
        (SELECT id FROM category WHERE name = '아연' LIMIT 1));
INSERT IGNORE INTO product_rank (product_id, recent_sales, updated_at)
VALUES ((SELECT id FROM product WHERE code = 'P87455645453' LIMIT 1), 1890, '2025-09-29 12:00:00');


INSERT INTO product (brand_id, name, code, description, instruction, ingredients, cautions, disclaimer,
                     sale_start_date, expiration_date, max_qty_per_order, sales, avg_rating, review_count, min_price)
VALUES ((SELECT id FROM brand WHERE name = '솔가'),
        '솔가 아연 50 550mg x 100정, 1개',
        'P51929601718', '솔가 아연 50 550mg x 100정, 1개',
        '하루 1-2정을 식후에 섭취하세요.', '아연, 징크',
        '과다섭취 시 부작용이 있을 수 있습니다.', '본 제품은 질병의 예방 및 치료를 위한 의약품이 아닙니다.',
        '2025-05-15 00:00:00', 30, 6, 1890, 4.4, 280, 24000);
INSERT INTO product_img (product_id, image_url, alt_text, sort_idx, is_primary)
VALUES ((SELECT id FROM product WHERE code = 'P51929601718' LIMIT 1),
        'https://shopping-phinf.pstatic.net/main_5192960/51929601718.1.jpg', '대표 이미지', 0, 1),
       ((SELECT id FROM product WHERE code = 'P51929601718' LIMIT 1),
        'https://shopping-phinf.pstatic.net/main_5192960/51929601718.2.jpg', '상품 상세', 1, 0),
       ((SELECT id FROM product WHERE code = 'P51929601718' LIMIT 1),
        'https://shopping-phinf.pstatic.net/main_5192960/51929601718.3.jpg', '성분 정보', 2, 0);
INSERT INTO product_variant (product_id, variant_name, list_price, sale_price, volume, upc_code, pill_size,
                             nutrition_facts, max_qty_per_order, restock_eta)
VALUES ((SELECT id FROM product WHERE code = 'P51929601718' LIMIT 1), '100정', 24000, 22000, 100, '600000000273',
        '10x10x5mm', '솔가 아연50', 6, NULL),
       ((SELECT id FROM product WHERE code = 'P51929601718' LIMIT 1), '50정', 15000, 13000, 50, '600000000274',
        '10x10x5mm', '솔가 아연50', 6, NULL);
INSERT IGNORE INTO stock (product_variant_id, amount, updated_at, restocked_at)
VALUES ((SELECT id
         FROM product_variant
         WHERE variant_name = '100정'
           AND product_id = (SELECT id FROM product WHERE code = 'P51929601718' LIMIT 1)
         LIMIT 1),
        85, '2025-09-29 12:00:00', '2025-08-20 12:00:00'),
       ((SELECT id
         FROM product_variant
         WHERE variant_name = '50정'
           AND product_id = (SELECT id FROM product WHERE code = 'P51929601718' LIMIT 1)
         LIMIT 1),
        55, '2025-09-29 12:00:00', '2025-08-20 12:00:00');
INSERT INTO product_category (product_id, category_id)
VALUES ((SELECT id FROM product WHERE code = 'P51929601718' LIMIT 1),
        (SELECT id FROM category WHERE name = '아연' LIMIT 1));
INSERT IGNORE INTO product_rank (product_id, recent_sales, updated_at)
VALUES ((SELECT id FROM product WHERE code = 'P51929601718' LIMIT 1), 1890, '2025-09-29 12:00:00');


INSERT INTO product (brand_id, name, code, description, instruction, ingredients, cautions, disclaimer,
                     sale_start_date, expiration_date, max_qty_per_order, sales, avg_rating, review_count, min_price)
VALUES ((SELECT id FROM brand WHERE name = '닥터린'),
        '닥터린 아연 셀렌 800mg x 30정, 4개',
        'P51929481647', '닥터린 아연 셀렌 800mg x 30정, 4개',
        '하루 1-2정을 식후에 섭취하세요.', '아연, 셀렌',
        '과다섭취 시 부작용이 있을 수 있습니다.', '본 제품은 질병의 예방 및 치료를 위한 의약품이 아닙니다.',
        '2025-05-16 00:00:00', 30, 6, 1890, 4.5, 280, 37600);
INSERT INTO product_img (product_id, image_url, alt_text, sort_idx, is_primary)
VALUES ((SELECT id FROM product WHERE code = 'P51929481647' LIMIT 1),
        'https://shopping-phinf.pstatic.net/main_5192948/51929481647.1.jpg', '대표 이미지', 0, 1),
       ((SELECT id FROM product WHERE code = 'P51929481647' LIMIT 1),
        'https://shopping-phinf.pstatic.net/main_5192948/51929481647.2.jpg', '상품 상세', 1, 0),
       ((SELECT id FROM product WHERE code = 'P51929481647' LIMIT 1),
        'https://shopping-phinf.pstatic.net/main_5192948/51929481647.3.jpg', '성분 정보', 2, 0);
INSERT INTO product_variant (product_id, variant_name, list_price, sale_price, volume, upc_code, pill_size,
                             nutrition_facts, max_qty_per_order, restock_eta)
VALUES ((SELECT id FROM product WHERE code = 'P51929481647' LIMIT 1), '4개', 37600, 35600, 4, '600000000275',
        '10x10x5mm', '아연+셀렌', 6, NULL),
       ((SELECT id FROM product WHERE code = 'P51929481647' LIMIT 1), '2개', 22600, 20600, 2, '600000000276',
        '10x10x5mm', '아연+셀렌', 6, NULL);
INSERT IGNORE INTO stock (product_variant_id, amount, updated_at, restocked_at)
VALUES ((SELECT id
         FROM product_variant
         WHERE variant_name = '4개'
           AND product_id = (SELECT id FROM product WHERE code = 'P51929481647' LIMIT 1)
         LIMIT 1),
        50, '2025-09-29 12:00:00', '2025-08-20 12:00:00'),
       ((SELECT id
         FROM product_variant
         WHERE variant_name = '2개'
           AND product_id = (SELECT id FROM product WHERE code = 'P51929481647' LIMIT 1)
         LIMIT 1),
        30, '2025-09-29 12:00:00', '2025-08-20 12:00:00');
INSERT INTO product_category (product_id, category_id)
VALUES ((SELECT id FROM product WHERE code = 'P51929481647' LIMIT 1),
        (SELECT id FROM category WHERE name = '아연' LIMIT 1));
INSERT IGNORE INTO product_rank (product_id, recent_sales, updated_at)
VALUES ((SELECT id FROM product WHERE code = 'P51929481647' LIMIT 1), 1890, '2025-09-29 12:00:00');


INSERT IGNORE INTO brand (name)
VALUES ('에스더포뮬러');
INSERT IGNORE INTO brand (name)
VALUES ('데이배리어');
INSERT IGNORE INTO brand (name)
VALUES ('힐리');
INSERT IGNORE INTO brand (name)
VALUES ('소울드림몰');
INSERT IGNORE INTO brand (name)
VALUES ('데일리원');

INSERT INTO product (brand_id, name, code, description, instruction, ingredients, cautions, disclaimer,
                     sale_start_date, expiration_date, max_qty_per_order, sales, avg_rating, review_count, min_price)
VALUES ((SELECT id FROM brand WHERE name = '홀랜드앤바렛'),
        '[4개월] 고함량 200㎍ 셀레늄 210mg 120정 항산화 영국산 건강기능식품',
        'P87664369873', '[4개월] 고함량 200㎍ 셀레늄 210mg 120정 항산화 영국산 건강기능식품',
        '하루 1-2정을 식후에 섭취하세요.', '셀레늄, 항산화 성분',
        '과다섭취 시 부작용이 있을 수 있습니다.', '본 제품은 질병의 예방 및 치료를 위한 의약품이 아닙니다.',
        '2025-05-17 00:00:00', 30, 6, 1890, 4.4, 280, 15000);
INSERT INTO product_img (product_id, image_url, alt_text, sort_idx, is_primary)
VALUES ((SELECT id FROM product WHERE code = 'P87664369873' LIMIT 1),
        'https://shopping-phinf.pstatic.net/main_8766436/87664369873.1.jpg', '대표 이미지', 0, 1),
       ((SELECT id FROM product WHERE code = 'P87664369873' LIMIT 1),
        'https://shopping-phinf.pstatic.net/main_8766436/87664369873.2.jpg', '상품 상세', 1, 0),
       ((SELECT id FROM product WHERE code = 'P87664369873' LIMIT 1),
        'https://shopping-phinf.pstatic.net/main_8766436/87664369873.3.jpg', '성분 정보', 2, 0);
INSERT INTO product_variant (product_id, variant_name, list_price, sale_price, volume, upc_code, pill_size,
                             nutrition_facts, max_qty_per_order, restock_eta)
VALUES ((SELECT id FROM product WHERE code = 'P87664369873' LIMIT 1), '120정', 15000, 13000, 120, '600000000277',
        '10x10x5mm', '고함량 셀레늄', 6, NULL),
       ((SELECT id FROM product WHERE code = 'P87664369873' LIMIT 1), '60정', 10000, 8000, 60, '600000000278',
        '10x10x5mm', '고함량 셀레늄', 6, NULL);
INSERT IGNORE INTO stock (product_variant_id, amount, updated_at, restocked_at)
VALUES ((SELECT id
         FROM product_variant
         WHERE variant_name = '120정'
           AND product_id = (SELECT id FROM product WHERE code = 'P87664369873' LIMIT 1)
         LIMIT 1),
        90, '2025-09-29 12:00:00', '2025-08-20 12:00:00'),
       ((SELECT id
         FROM product_variant
         WHERE variant_name = '60정'
           AND product_id = (SELECT id FROM product WHERE code = 'P87664369873' LIMIT 1)
         LIMIT 1),
        60, '2025-09-29 12:00:00', '2025-08-20 12:00:00');
INSERT INTO product_category (product_id, category_id)
VALUES ((SELECT id FROM product WHERE code = 'P87664369873' LIMIT 1),
        (SELECT id FROM category WHERE name = '셀레늄' LIMIT 1));
INSERT IGNORE INTO product_rank (product_id, recent_sales, updated_at)
VALUES ((SELECT id FROM product WHERE code = 'P87664369873' LIMIT 1), 1890, '2025-09-29 12:00:00');


INSERT INTO product (brand_id, name, code, description, instruction, ingredients, cautions, disclaimer,
                     sale_start_date, expiration_date, max_qty_per_order, sales, avg_rating, review_count, min_price)
VALUES ((SELECT id FROM brand WHERE name = '에스더포뮬러'),
        '[국민영양] 여에스더 셀레늄 콤플렉스 2개월분 (항산화 셀레늄·정상적인 면역기능 아연)',
        'P43492470853', '[국민영양] 여에스더 셀레늄 콤플렉스 2개월분 (항산화 셀레늄·정상적인 면역기능 아연)',
        '하루 1-2정을 식후에 섭취하세요.', '셀레늄, 아연, 항산화 성분',
        '과다섭취 시 부작용이 있을 수 있습니다.', '본 제품은 질병의 예방 및 치료를 위한 의약품이 아닙니다.',
        '2025-05-18 00:00:00', 30, 6, 1890, 4.5, 280, 17800);
INSERT INTO product_img (product_id, image_url, alt_text, sort_idx, is_primary)
VALUES ((SELECT id FROM product WHERE code = 'P43492470853' LIMIT 1),
        'https://shopping-phinf.pstatic.net/main_4349247/43492470853.1.jpg', '대표 이미지', 0, 1),
       ((SELECT id FROM product WHERE code = 'P43492470853' LIMIT 1),
        'https://shopping-phinf.pstatic.net/main_4349247/43492470853.2.jpg', '상품 상세', 1, 0),
       ((SELECT id FROM product WHERE code = 'P43492470853' LIMIT 1),
        'https://shopping-phinf.pstatic.net/main_4349247/43492470853.3.jpg', '성분 정보', 2, 0);
INSERT INTO product_variant (product_id, variant_name, list_price, sale_price, volume, upc_code, pill_size,
                             nutrition_facts, max_qty_per_order, restock_eta)
VALUES ((SELECT id FROM product WHERE code = 'P43492470853' LIMIT 1), '2개월분', 17800, 15800, 60, '600000000279',
        '10x10x5mm', '셀레늄+아연', 6, NULL),
       ((SELECT id FROM product WHERE code = 'P43492470853' LIMIT 1), '1개월분', 10800, 8800, 30, '600000000280',
        '10x10x5mm', '셀레늄+아연', 6, NULL);
INSERT IGNORE INTO stock (product_variant_id, amount, updated_at, restocked_at)
VALUES ((SELECT id
         FROM product_variant
         WHERE variant_name = '2개월분'
           AND product_id = (SELECT id FROM product WHERE code = 'P43492470853' LIMIT 1)
         LIMIT 1),
        85, '2025-09-29 12:00:00', '2025-08-20 12:00:00'),
       ((SELECT id
         FROM product_variant
         WHERE variant_name = '1개월분'
           AND product_id = (SELECT id FROM product WHERE code = 'P43492470853' LIMIT 1)
         LIMIT 1),
        55, '2025-09-29 12:00:00', '2025-08-20 12:00:00');
INSERT INTO product_category (product_id, category_id)
VALUES ((SELECT id FROM product WHERE code = 'P43492470853' LIMIT 1),
        (SELECT id FROM category WHERE name = '셀레늄' LIMIT 1));
INSERT IGNORE INTO product_rank (product_id, recent_sales, updated_at)
VALUES ((SELECT id FROM product WHERE code = 'P43492470853' LIMIT 1), 1890, '2025-09-29 12:00:00');


INSERT INTO product (brand_id, name, code, description, instruction, ingredients, cautions, disclaimer,
                     sale_start_date, expiration_date, max_qty_per_order, sales, avg_rating, review_count, min_price)
VALUES ((SELECT id FROM brand WHERE name = '솔가'),
        '솔가 셀레늄 574mg x 100정, 1개',
        'P53143838663', '솔가 셀레늄 574mg x 100정, 1개',
        '하루 1-2정을 식후에 섭취하세요.', '셀레늄, 항산화 성분',
        '과다섭취 시 부작용이 있을 수 있습니다.', '본 제품은 질병의 예방 및 치료를 위한 의약품이 아닙니다.',
        '2025-05-19 00:00:00', 30, 6, 1890, 4.2, 280, 13700);
INSERT INTO product_img (product_id, image_url, alt_text, sort_idx, is_primary)
VALUES ((SELECT id FROM product WHERE code = 'P53143838663' LIMIT 1),
        'https://shopping-phinf.pstatic.net/main_5314383/53143838663.1.jpg', '대표 이미지', 0, 1),
       ((SELECT id FROM product WHERE code = 'P53143838663' LIMIT 1),
        'https://shopping-phinf.pstatic.net/main_5314383/53143838663.2.jpg', '상품 상세', 1, 0),
       ((SELECT id FROM product WHERE code = 'P53143838663' LIMIT 1),
        'https://shopping-phinf.pstatic.net/main_5314383/53143838663.3.jpg', '성분 정보', 2, 0);
INSERT INTO product_variant (product_id, variant_name, list_price, sale_price, volume, upc_code, pill_size,
                             nutrition_facts, max_qty_per_order, restock_eta)
VALUES ((SELECT id FROM product WHERE code = 'P53143838663' LIMIT 1), '100정', 13700, 11700, 100, '600000000281',
        '10x10x5mm', '솔가 셀레늄', 6, NULL),
       ((SELECT id FROM product WHERE code = 'P53143838663' LIMIT 1), '50정', 8700, 6700, 50, '600000000282',
        '10x10x5mm', '솔가 셀레늄', 6, NULL);
INSERT IGNORE INTO stock (product_variant_id, amount, updated_at, restocked_at)
VALUES ((SELECT id
         FROM product_variant
         WHERE variant_name = '100정'
           AND product_id = (SELECT id FROM product WHERE code = 'P53143838663' LIMIT 1)
         LIMIT 1),
        95, '2025-09-29 12:00:00', '2025-08-20 12:00:00'),
       ((SELECT id
         FROM product_variant
         WHERE variant_name = '50정'
           AND product_id = (SELECT id FROM product WHERE code = 'P53143838663' LIMIT 1)
         LIMIT 1),
        65, '2025-09-29 12:00:00', '2025-08-20 12:00:00');
INSERT INTO product_category (product_id, category_id)
VALUES ((SELECT id FROM product WHERE code = 'P53143838663' LIMIT 1),
        (SELECT id FROM category WHERE name = '셀레늄' LIMIT 1));
INSERT IGNORE INTO product_rank (product_id, recent_sales, updated_at)
VALUES ((SELECT id FROM product WHERE code = 'P53143838663' LIMIT 1), 1890, '2025-09-29 12:00:00');


INSERT INTO product (brand_id, name, code, description, instruction, ingredients, cautions, disclaimer,
                     sale_start_date, expiration_date, max_qty_per_order, sales, avg_rating, review_count, min_price)
VALUES ((SELECT id FROM brand WHERE name = '데이배리어'),
        '데이배리어 셀레늄 유해산소제거 셀렌톡 30정 1box',
        'P88021888571', '데이배리어 셀레늄 유해산소제거 셀렌톡 30정 1box',
        '하루 1-2정을 식후에 섭취하세요.', '셀레늄, 셀렌톡',
        '과다섭취 시 부작용이 있을 수 있습니다.', '본 제품은 질병의 예방 및 치료를 위한 의약품이 아닙니다.',
        '2025-05-20 00:00:00', 30, 6, 1890, 4.6, 280, 39800);
INSERT INTO product_img (product_id, image_url, alt_text, sort_idx, is_primary)
VALUES ((SELECT id FROM product WHERE code = 'P88021888571' LIMIT 1),
        'https://shopping-phinf.pstatic.net/main_8802188/88021888571.1.jpg', '대표 이미지', 0, 1),
       ((SELECT id FROM product WHERE code = 'P88021888571' LIMIT 1),
        'https://shopping-phinf.pstatic.net/main_8802188/88021888571.2.jpg', '상품 상세', 1, 0),
       ((SELECT id FROM product WHERE code = 'P88021888571' LIMIT 1),
        'https://shopping-phinf.pstatic.net/main_8802188/88021888571.3.jpg', '성분 정보', 2, 0);
INSERT INTO product_variant (product_id, variant_name, list_price, sale_price, volume, upc_code, pill_size,
                             nutrition_facts, max_qty_per_order, restock_eta)
VALUES ((SELECT id FROM product WHERE code = 'P88021888571' LIMIT 1), '30정', 39800, 37800, 30, '600000000283',
        '10x10x5mm', '셀렌톡 셀레늄', 6, NULL),
       ((SELECT id FROM product WHERE code = 'P88021888571' LIMIT 1), '15정', 24800, 22800, 15, '600000000284',
        '10x10x5mm', '셀렌톡 셀레늄', 6, NULL);
INSERT IGNORE INTO stock (product_variant_id, amount, updated_at, restocked_at)
VALUES ((SELECT id
         FROM product_variant
         WHERE variant_name = '30정'
           AND product_id = (SELECT id FROM product WHERE code = 'P88021888571' LIMIT 1)
         LIMIT 1),
        40, '2025-09-29 12:00:00', '2025-08-20 12:00:00'),
       ((SELECT id
         FROM product_variant
         WHERE variant_name = '15정'
           AND product_id = (SELECT id FROM product WHERE code = 'P88021888571' LIMIT 1)
         LIMIT 1),
        25, '2025-09-29 12:00:00', '2025-08-20 12:00:00');
INSERT INTO product_category (product_id, category_id)
VALUES ((SELECT id FROM product WHERE code = 'P88021888571' LIMIT 1),
        (SELECT id FROM category WHERE name = '셀레늄' LIMIT 1));
INSERT IGNORE INTO product_rank (product_id, recent_sales, updated_at)
VALUES ((SELECT id FROM product WHERE code = 'P88021888571' LIMIT 1), 1890, '2025-09-29 12:00:00');


INSERT INTO product (brand_id, name, code, description, instruction, ingredients, cautions, disclaimer,
                     sale_start_date, expiration_date, max_qty_per_order, sales, avg_rating, review_count, min_price)
VALUES ((SELECT id FROM brand WHERE name = '힐리'),
        '힐리 셀레늄 300 60캡슐 2개월분 요오드없는 무기 셀레늄 셀레나제 영양제 효능',
        'P84618748187', '힐리 셀레늄 300 60캡슐 2개월분 요오드없는 무기 셀레늄 셀레나제 영양제 효능',
        '하루 1-2캡슐을 식후에 섭취하세요.', '셀레늄, 셀레나제',
        '과다섭취 시 부작용이 있을 수 있습니다.', '본 제품은 질병의 예방 및 치료를 위한 의약품이 아닙니다.',
        '2025-05-21 00:00:00', 30, 6, 1890, 4.3, 280, 24900);
INSERT INTO product_img (product_id, image_url, alt_text, sort_idx, is_primary)
VALUES ((SELECT id FROM product WHERE code = 'P84618748187' LIMIT 1),
        'https://shopping-phinf.pstatic.net/main_8461874/84618748187.1.jpg', '대표 이미지', 0, 1),
       ((SELECT id FROM product WHERE code = 'P84618748187' LIMIT 1),
        'https://shopping-phinf.pstatic.net/main_8461874/84618748187.2.jpg', '상품 상세', 1, 0),
       ((SELECT id FROM product WHERE code = 'P84618748187' LIMIT 1),
        'https://shopping-phinf.pstatic.net/main_8461874/84618748187.3.jpg', '성분 정보', 2, 0);
INSERT INTO product_variant (product_id, variant_name, list_price, sale_price, volume, upc_code, pill_size,
                             nutrition_facts, max_qty_per_order, restock_eta)
VALUES ((SELECT id FROM product WHERE code = 'P84618748187' LIMIT 1), '60캡슐', 24900, 22900, 60, '600000000285',
        '10x10x5mm', '힐리 셀레늄', 6, NULL),
       ((SELECT id FROM product WHERE code = 'P84618748187' LIMIT 1), '30캡슐', 14900, 12900, 30, '600000000286',
        '10x10x5mm', '힐리 셀레늄', 6, NULL);
INSERT IGNORE INTO stock (product_variant_id, amount, updated_at, restocked_at)
VALUES ((SELECT id
         FROM product_variant
         WHERE variant_name = '60캡슐'
           AND product_id = (SELECT id FROM product WHERE code = 'P84618748187' LIMIT 1)
         LIMIT 1),
        70, '2025-09-29 12:00:00', '2025-08-20 12:00:00'),
       ((SELECT id
         FROM product_variant
         WHERE variant_name = '30캡슐'
           AND product_id = (SELECT id FROM product WHERE code = 'P84618748187' LIMIT 1)
         LIMIT 1),
        45, '2025-09-29 12:00:00', '2025-08-20 12:00:00');
INSERT INTO product_category (product_id, category_id)
VALUES ((SELECT id FROM product WHERE code = 'P84618748187' LIMIT 1),
        (SELECT id FROM category WHERE name = '셀레늄' LIMIT 1));
INSERT IGNORE INTO product_rank (product_id, recent_sales, updated_at)
VALUES ((SELECT id FROM product WHERE code = 'P84618748187' LIMIT 1), 1890, '2025-09-29 12:00:00');


INSERT INTO product (brand_id, name, code, description, instruction, ingredients, cautions, disclaimer,
                     sale_start_date, expiration_date, max_qty_per_order, sales, avg_rating, review_count, min_price)
VALUES ((SELECT id FROM brand WHERE name = '데일리원'),
        '데일리원 셀렌 200 500mg x 100정, 2개',
        'P53143739798', '데일리원 셀렌 200 500mg x 100정, 2개',
        '하루 1-2정을 식후에 섭취하세요.', '셀렌, 셀레늄',
        '과다섭취 시 부작용이 있을 수 있습니다.', '본 제품은 질병의 예방 및 치료를 위한 의약품이 아닙니다.',
        '2025-05-22 00:00:00', 30, 6, 1890, 4.1, 280, 19850);
INSERT INTO product_img (product_id, image_url, alt_text, sort_idx, is_primary)
VALUES ((SELECT id FROM product WHERE code = 'P53143739798' LIMIT 1),
        'https://shopping-phinf.pstatic.net/main_5314373/53143739798.1.jpg', '대표 이미지', 0, 1),
       ((SELECT id FROM product WHERE code = 'P53143739798' LIMIT 1),
        'https://shopping-phinf.pstatic.net/main_5314373/53143739798.2.jpg', '상품 상세', 1, 0),
       ((SELECT id FROM product WHERE code = 'P53143739798' LIMIT 1),
        'https://shopping-phinf.pstatic.net/main_5314373/53143739798.3.jpg', '성분 정보', 2, 0);
INSERT INTO product_variant (product_id, variant_name, list_price, sale_price, volume, upc_code, pill_size,
                             nutrition_facts, max_qty_per_order, restock_eta)
VALUES ((SELECT id FROM product WHERE code = 'P53143739798' LIMIT 1), '2개', 19850, 17850, 2, '600000000287',
        '10x10x5mm', '데일리원 셀렌', 6, NULL),
       ((SELECT id FROM product WHERE code = 'P53143739798' LIMIT 1), '1개', 11850, 9850, 1, '600000000288', '10x10x5mm',
        '데일리원 셀렌', 6, NULL);
INSERT IGNORE INTO stock (product_variant_id, amount, updated_at, restocked_at)
VALUES ((SELECT id
         FROM product_variant
         WHERE variant_name = '2개'
           AND product_id = (SELECT id FROM product WHERE code = 'P53143739798' LIMIT 1)
         LIMIT 1),
        60, '2025-09-29 12:00:00', '2025-08-20 12:00:00'),
       ((SELECT id
         FROM product_variant
         WHERE variant_name = '1개'
           AND product_id = (SELECT id FROM product WHERE code = 'P53143739798' LIMIT 1)
         LIMIT 1),
        40, '2025-09-29 12:00:00', '2025-08-20 12:00:00');
INSERT INTO product_category (product_id, category_id)
VALUES ((SELECT id FROM product WHERE code = 'P53143739798' LIMIT 1),
        (SELECT id FROM category WHERE name = '셀레늄' LIMIT 1));
INSERT IGNORE INTO product_rank (product_id, recent_sales, updated_at)
VALUES ((SELECT id FROM product WHERE code = 'P53143739798' LIMIT 1), 1890, '2025-09-29 12:00:00');


INSERT INTO product (brand_id, name, code, description, instruction, ingredients, cautions, disclaimer,
                     sale_start_date, expiration_date, max_qty_per_order, sales, avg_rating, review_count, min_price)
VALUES ((SELECT id FROM brand WHERE name = '데이배리어'),
        '데이배리어 셀렌톡 500mg x 30정, 1개',
        'P53143611959', '데이배리어 셀렌톡 500mg x 30정, 1개',
        '하루 1-2정을 식후에 섭취하세요.', '셀렌톡, 셀레늄',
        '과다섭취 시 부작용이 있을 수 있습니다.', '본 제품은 질병의 예방 및 치료를 위한 의약품이 아닙니다.',
        '2025-05-23 00:00:00', 30, 6, 1890, 4.4, 280, 38600);
INSERT INTO product_img (product_id, image_url, alt_text, sort_idx, is_primary)
VALUES ((SELECT id FROM product WHERE code = 'P53143611959' LIMIT 1),
        'https://shopping-phinf.pstatic.net/main_5314361/53143611959.1.jpg', '대표 이미지', 0, 1),
       ((SELECT id FROM product WHERE code = 'P53143611959' LIMIT 1),
        'https://shopping-phinf.pstatic.net/main_5314361/53143611959.2.jpg', '상품 상세', 1, 0),
       ((SELECT id FROM product WHERE code = 'P53143611959' LIMIT 1),
        'https://shopping-phinf.pstatic.net/main_5314361/53143611959.3.jpg', '성분 정보', 2, 0);
INSERT INTO product_variant (product_id, variant_name, list_price, sale_price, volume, upc_code, pill_size,
                             nutrition_facts, max_qty_per_order, restock_eta)
VALUES ((SELECT id FROM product WHERE code = 'P53143611959' LIMIT 1), '30정', 38600, 36600, 30, '600000000289',
        '10x10x5mm', '셀렌톡 고함량', 6, NULL),
       ((SELECT id FROM product WHERE code = 'P53143611959' LIMIT 1), '15정', 23600, 21600, 15, '600000000290',
        '10x10x5mm', '셀렌톡 고함량', 6, NULL);
INSERT IGNORE INTO stock (product_variant_id, amount, updated_at, restocked_at)
VALUES ((SELECT id
         FROM product_variant
         WHERE variant_name = '30정'
           AND product_id = (SELECT id FROM product WHERE code = 'P53143611959' LIMIT 1)
         LIMIT 1),
        35, '2025-09-29 12:00:00', '2025-08-20 12:00:00'),
       ((SELECT id
         FROM product_variant
         WHERE variant_name = '15정'
           AND product_id = (SELECT id FROM product WHERE code = 'P53143611959' LIMIT 1)
         LIMIT 1),
        20, '2025-09-29 12:00:00', '2025-08-20 12:00:00');
INSERT INTO product_category (product_id, category_id)
VALUES ((SELECT id FROM product WHERE code = 'P53143611959' LIMIT 1),
        (SELECT id FROM category WHERE name = '셀레늄' LIMIT 1));
INSERT IGNORE INTO product_rank (product_id, recent_sales, updated_at)
VALUES ((SELECT id FROM product WHERE code = 'P53143611959' LIMIT 1), 1890, '2025-09-29 12:00:00');


INSERT INTO product (brand_id, name, code, description, instruction, ingredients, cautions, disclaimer,
                     sale_start_date, expiration_date, max_qty_per_order, sales, avg_rating, review_count, min_price)
VALUES ((SELECT id FROM brand WHERE name = '뉴트리코어'),
        '뉴트리코어 셀레늄 300mg x 60정, 2개',
        'P53143698444', '뉴트리코어 셀레늄 300mg x 60정, 2개',
        '하루 1-2정을 식후에 섭취하세요.', '셀레늄, 항산화 성분',
        '과다섭취 시 부작용이 있을 수 있습니다.', '본 제품은 질병의 예방 및 치료를 위한 의약품이 아닙니다.',
        '2025-05-24 00:00:00', 30, 6, 1890, 4.2, 280, 56440);
INSERT INTO product_img (product_id, image_url, alt_text, sort_idx, is_primary)
VALUES ((SELECT id FROM product WHERE code = 'P53143698444' LIMIT 1),
        'https://shopping-phinf.pstatic.net/main_5314369/53143698444.1.jpg', '대표 이미지', 0, 1),
       ((SELECT id FROM product WHERE code = 'P53143698444' LIMIT 1),
        'https://shopping-phinf.pstatic.net/main_5314369/53143698444.2.jpg', '상품 상세', 1, 0),
       ((SELECT id FROM product WHERE code = 'P53143698444' LIMIT 1),
        'https://shopping-phinf.pstatic.net/main_5314369/53143698444.3.jpg', '성분 정보', 2, 0);
INSERT INTO product_variant (product_id, variant_name, list_price, sale_price, volume, upc_code, pill_size,
                             nutrition_facts, max_qty_per_order, restock_eta)
VALUES ((SELECT id FROM product WHERE code = 'P53143698444' LIMIT 1), '2개', 56440, 54440, 2, '600000000291',
        '10x10x5mm', '뉴트리코어 셀레늄', 6, NULL),
       ((SELECT id FROM product WHERE code = 'P53143698444' LIMIT 1), '1개', 33440, 31440, 1, '600000000292',
        '10x10x5mm', '뉴트리코어 셀레늄', 6, NULL);
INSERT IGNORE INTO stock (product_variant_id, amount, updated_at, restocked_at)
VALUES ((SELECT id
         FROM product_variant
         WHERE variant_name = '2개'
           AND product_id = (SELECT id FROM product WHERE code = 'P53143698444' LIMIT 1)
         LIMIT 1),
        30, '2025-09-29 12:00:00', '2025-08-20 12:00:00'),
       ((SELECT id
         FROM product_variant
         WHERE variant_name = '1개'
           AND product_id = (SELECT id FROM product WHERE code = 'P53143698444' LIMIT 1)
         LIMIT 1),
        20, '2025-09-29 12:00:00', '2025-08-20 12:00:00');
INSERT INTO product_category (product_id, category_id)
VALUES ((SELECT id FROM product WHERE code = 'P53143698444' LIMIT 1),
        (SELECT id FROM category WHERE name = '셀레늄' LIMIT 1));
INSERT IGNORE INTO product_rank (product_id, recent_sales, updated_at)
VALUES ((SELECT id FROM product WHERE code = 'P53143698444' LIMIT 1), 1890, '2025-09-29 12:00:00');


INSERT INTO product (brand_id, name, code, description, instruction, ingredients, cautions, disclaimer,
                     sale_start_date, expiration_date, max_qty_per_order, sales, avg_rating, review_count, min_price)
VALUES ((SELECT id FROM brand WHERE name = '나우푸드'),
        '나우푸드 셀레늄 200mcg x 180캡슐, 1개',
        'P53530884379', '나우푸드 셀레늄 200mcg x 180캡슐, 1개',
        '하루 1-2캡슐을 식후에 섭취하세요.', '셀레늄, 항산화 성분',
        '과다섭취 시 부작용이 있을 수 있습니다.', '본 제품은 질병의 예방 및 치료를 위한 의약품이 아닙니다.',
        '2025-05-25 00:00:00', 30, 6, 1890, 4.1, 280, 12140);
INSERT INTO product_img (product_id, image_url, alt_text, sort_idx, is_primary)
VALUES ((SELECT id FROM product WHERE code = 'P53530884379' LIMIT 1),
        'https://shopping-phinf.pstatic.net/main_5353088/53530884379.1.jpg', '대표 이미지', 0, 1),
       ((SELECT id FROM product WHERE code = 'P53530884379' LIMIT 1),
        'https://shopping-phinf.pstatic.net/main_5353088/53530884379.2.jpg', '상품 상세', 1, 0),
       ((SELECT id FROM product WHERE code = 'P53530884379' LIMIT 1),
        'https://shopping-phinf.pstatic.net/main_5353088/53530884379.3.jpg', '성분 정보', 2, 0);
INSERT INTO product_variant (product_id, variant_name, list_price, sale_price, volume, upc_code, pill_size,
                             nutrition_facts, max_qty_per_order, restock_eta)
VALUES ((SELECT id FROM product WHERE code = 'P53530884379' LIMIT 1), '180캡슐', 12140, 10140, 180, '600000000293',
        '10x10x5mm', '나우푸드 셀레늄', 6, NULL),
       ((SELECT id FROM product WHERE code = 'P53530884379' LIMIT 1), '90캡슐', 7140, 5140, 90, '600000000294',
        '10x10x5mm', '나우푸드 셀레늄', 6, NULL);
INSERT IGNORE INTO stock (product_variant_id, amount, updated_at, restocked_at)
VALUES ((SELECT id
         FROM product_variant
         WHERE variant_name = '180캡슐'
           AND product_id = (SELECT id FROM product WHERE code = 'P53530884379' LIMIT 1)
         LIMIT 1),
        110, '2025-09-29 12:00:00', '2025-08-20 12:00:00'),
       ((SELECT id
         FROM product_variant
         WHERE variant_name = '90캡슐'
           AND product_id = (SELECT id FROM product WHERE code = 'P53530884379' LIMIT 1)
         LIMIT 1),
        75, '2025-09-29 12:00:00', '2025-08-20 12:00:00');
INSERT INTO product_category (product_id, category_id)
VALUES ((SELECT id FROM product WHERE code = 'P53530884379' LIMIT 1),
        (SELECT id FROM category WHERE name = '셀레늄' LIMIT 1));
INSERT IGNORE INTO product_rank (product_id, recent_sales, updated_at)
VALUES ((SELECT id FROM product WHERE code = 'P53530884379' LIMIT 1), 1890, '2025-09-29 12:00:00');


INSERT INTO product (brand_id, name, code, description, instruction, ingredients, cautions, disclaimer,
                     sale_start_date, expiration_date, max_qty_per_order, sales, avg_rating, review_count, min_price)
VALUES ((SELECT id FROM brand WHERE name = '에스더포뮬러'),
        '에스더포뮬러 셀레늄 콤플렉스 500mg x 60정, 1개',
        'P53143697934', '에스더포뮬러 셀레늄 콤플렉스 500mg x 60정, 1개',
        '하루 1-2정을 식후에 섭취하세요.', '셀레늄, 콤플렉스',
        '과다섭취 시 부작용이 있을 수 있습니다.', '본 제품은 질병의 예방 및 치료를 위한 의약품이 아닙니다.',
        '2025-05-26 00:00:00', 30, 6, 1890, 4.3, 280, 29000);
INSERT INTO product_img (product_id, image_url, alt_text, sort_idx, is_primary)
VALUES ((SELECT id FROM product WHERE code = 'P53143697934' LIMIT 1),
        'https://shopping-phinf.pstatic.net/main_5314369/53143697934.1.jpg', '대표 이미지', 0, 1),
       ((SELECT id FROM product WHERE code = 'P53143697934' LIMIT 1),
        'https://shopping-phinf.pstatic.net/main_5314369/53143697934.2.jpg', '상품 상세', 1, 0),
       ((SELECT id FROM product WHERE code = 'P53143697934' LIMIT 1),
        'https://shopping-phinf.pstatic.net/main_5314369/53143697934.3.jpg', '성분 정보', 2, 0);
INSERT INTO product_variant (product_id, variant_name, list_price, sale_price, volume, upc_code, pill_size,
                             nutrition_facts, max_qty_per_order, restock_eta)
VALUES ((SELECT id FROM product WHERE code = 'P53143697934' LIMIT 1), '60정', 29000, 27000, 60, '600000000295',
        '10x10x5mm', '셀레늄 콤플렉스', 6, NULL),
       ((SELECT id FROM product WHERE code = 'P53143697934' LIMIT 1), '30정', 19000, 17000, 30, '600000000296',
        '10x10x5mm', '셀레늄 콤플렉스', 6, NULL);
INSERT IGNORE INTO stock (product_variant_id, amount, updated_at, restocked_at)
VALUES ((SELECT id
         FROM product_variant
         WHERE variant_name = '60정'
           AND product_id = (SELECT id FROM product WHERE code = 'P53143697934' LIMIT 1)
         LIMIT 1),
        75, '2025-09-29 12:00:00', '2025-08-20 12:00:00'),
       ((SELECT id
         FROM product_variant
         WHERE variant_name = '30정'
           AND product_id = (SELECT id FROM product WHERE code = 'P53143697934' LIMIT 1)
         LIMIT 1),
        50, '2025-09-29 12:00:00', '2025-08-20 12:00:00');
INSERT INTO product_category (product_id, category_id)
VALUES ((SELECT id FROM product WHERE code = 'P53143697934' LIMIT 1),
        (SELECT id FROM category WHERE name = '셀레늄' LIMIT 1));
INSERT IGNORE INTO product_rank (product_id, recent_sales, updated_at)
VALUES ((SELECT id FROM product WHERE code = 'P53143697934' LIMIT 1), 1890, '2025-09-29 12:00:00');


INSERT IGNORE INTO brand (name)
VALUES ('아크셀');
INSERT IGNORE INTO brand (name)
VALUES ('다나아팜');
INSERT IGNORE INTO brand (name)
VALUES ('로지스마켓');
INSERT IGNORE INTO brand (name)
VALUES ('가주컴퍼니');
INSERT IGNORE INTO brand (name)
VALUES ('닥터하이365');
INSERT IGNORE INTO brand (name)
VALUES ('내츄럴플러스');
INSERT IGNORE INTO brand (name)
VALUES ('비타민마을');
INSERT IGNORE INTO brand (name)
VALUES ('동화약품');
INSERT IGNORE INTO brand (name)
VALUES ('퍼니트');

INSERT INTO product (brand_id, name, code, description, instruction, ingredients, cautions, disclaimer,
                     sale_start_date, expiration_date, max_qty_per_order, sales, avg_rating, review_count, min_price)
VALUES ((SELECT id FROM brand WHERE name = '아크셀'),
        '셀레늄 영양제 아크셀 200mg x 50정 무기셀레늄 300ug',
        'P82806827509', '셀레늄 영양제 아크셀 200mg x 50정 무기셀레늄 300ug',
        '하루 1-2정을 식후에 섭취하세요.', '무기셀레늄, 셀레늄',
        '과다섭취 시 부작용이 있을 수 있습니다.', '본 제품은 질병의 예방 및 치료를 위한 의약품이 아닙니다.',
        '2025-05-27 00:00:00', 30, 6, 1890, 4.2, 280, 0);
INSERT INTO product_img (product_id, image_url, alt_text, sort_idx, is_primary)
VALUES ((SELECT id FROM product WHERE code = 'P82806827509' LIMIT 1),
        'https://shopping-phinf.pstatic.net/main_8280682/82806827509.1.jpg', '대표 이미지', 0, 1),
       ((SELECT id FROM product WHERE code = 'P82806827509' LIMIT 1),
        'https://shopping-phinf.pstatic.net/main_8280682/82806827509.2.jpg', '상품 상세', 1, 0),
       ((SELECT id FROM product WHERE code = 'P82806827509' LIMIT 1),
        'https://shopping-phinf.pstatic.net/main_8280682/82806827509.3.jpg', '성분 정보', 2, 0);
INSERT INTO product_variant (product_id, variant_name, list_price, sale_price, volume, upc_code, pill_size,
                             nutrition_facts, max_qty_per_order, restock_eta)
VALUES ((SELECT id FROM product WHERE code = 'P82806827509' LIMIT 1), '50정', 18000, 16000, 50, '600000000297',
        '10x10x5mm', '아크셀 셀레늄', 6, NULL),
       ((SELECT id FROM product WHERE code = 'P82806827509' LIMIT 1), '25정', 12000, 10000, 25, '600000000298',
        '10x10x5mm', '아크셀 셀레늄', 6, NULL);
INSERT IGNORE INTO stock (product_variant_id, amount, updated_at, restocked_at)
VALUES ((SELECT id
         FROM product_variant
         WHERE variant_name = '50정'
           AND product_id = (SELECT id FROM product WHERE code = 'P82806827509' LIMIT 1)
         LIMIT 1),
        80, '2025-09-29 12:00:00', '2025-08-20 12:00:00'),
       ((SELECT id
         FROM product_variant
         WHERE variant_name = '25정'
           AND product_id = (SELECT id FROM product WHERE code = 'P82806827509' LIMIT 1)
         LIMIT 1),
        55, '2025-09-29 12:00:00', '2025-08-20 12:00:00');
INSERT INTO product_category (product_id, category_id)
VALUES ((SELECT id FROM product WHERE code = 'P82806827509' LIMIT 1),
        (SELECT id FROM category WHERE name = '셀레늄' LIMIT 1));
INSERT IGNORE INTO product_rank (product_id, recent_sales, updated_at)
VALUES ((SELECT id FROM product WHERE code = 'P82806827509' LIMIT 1), 1890, '2025-09-29 12:00:00');


INSERT INTO product (brand_id, name, code, description, instruction, ingredients, cautions, disclaimer,
                     sale_start_date, expiration_date, max_qty_per_order, sales, avg_rating, review_count, min_price)
VALUES ((SELECT id FROM brand WHERE name = '데이배리어'),
        '데이배리어 셀렌톡 500mg x 30정 유해산소제거',
        'P89725820929', '데이배리어 셀렌톡 500mg x 30정 유해산소제거',
        '하루 1-2정을 식후에 섭취하세요.', '셀렌톡, 셀레늄',
        '과다섭취 시 부작용이 있을 수 있습니다.', '본 제품은 질병의 예방 및 치료를 위한 의약품이 아닙니다.',
        '2025-05-28 00:00:00', 30, 6, 1890, 4.4, 280, 0);
INSERT INTO product_img (product_id, image_url, alt_text, sort_idx, is_primary)
VALUES ((SELECT id FROM product WHERE code = 'P89725820929' LIMIT 1),
        'https://shopping-phinf.pstatic.net/main_8972582/89725820929.1.jpg', '대표 이미지', 0, 1),
       ((SELECT id FROM product WHERE code = 'P89725820929' LIMIT 1),
        'https://shopping-phinf.pstatic.net/main_8972582/89725820929.2.jpg', '상품 상세', 1, 0),
       ((SELECT id FROM product WHERE code = 'P89725820929' LIMIT 1),
        'https://shopping-phinf.pstatic.net/main_8972582/89725820929.3.jpg', '성분 정보', 2, 0);
INSERT INTO product_variant (product_id, variant_name, list_price, sale_price, volume, upc_code, pill_size,
                             nutrition_facts, max_qty_per_order, restock_eta)
VALUES ((SELECT id FROM product WHERE code = 'P89725820929' LIMIT 1), '30정', 35000, 33000, 30, '600000000299',
        '10x10x5mm', '셀렌톡 고함량', 6, NULL),
       ((SELECT id FROM product WHERE code = 'P89725820929' LIMIT 1), '15정', 22000, 20000, 15, '600000000300',
        '10x10x5mm', '셀렌톡 고함량', 6, NULL);
INSERT IGNORE INTO stock (product_variant_id, amount, updated_at, restocked_at)
VALUES ((SELECT id
         FROM product_variant
         WHERE variant_name = '30정'
           AND product_id = (SELECT id FROM product WHERE code = 'P89725820929' LIMIT 1)
         LIMIT 1),
        45, '2025-09-29 12:00:00', '2025-08-20 12:00:00'),
       ((SELECT id
         FROM product_variant
         WHERE variant_name = '15정'
           AND product_id = (SELECT id FROM product WHERE code = 'P89725820929' LIMIT 1)
         LIMIT 1),
        30, '2025-09-29 12:00:00', '2025-08-20 12:00:00');
INSERT INTO product_category (product_id, category_id)
VALUES ((SELECT id FROM product WHERE code = 'P89725820929' LIMIT 1),
        (SELECT id FROM category WHERE name = '셀레늄' LIMIT 1));
INSERT IGNORE INTO product_rank (product_id, recent_sales, updated_at)
VALUES ((SELECT id FROM product WHERE code = 'P89725820929' LIMIT 1), 1890, '2025-09-29 12:00:00');


INSERT INTO product (brand_id, name, code, description, instruction, ingredients, cautions, disclaimer,
                     sale_start_date, expiration_date, max_qty_per_order, sales, avg_rating, review_count, min_price)
VALUES ((SELECT id FROM brand WHERE name = '기타'),
        '데이배리어 셀렌톡 30정 1개',
        'P89971922392', '데이배리어 셀렌톡 30정 1개',
        '하루 1-2정을 식후에 섭취하세요.', '셀렌톡, 셀레늄',
        '과다섭취 시 부작용이 있을 수 있습니다.', '본 제품은 질병의 예방 및 치료를 위한 의약품이 아닙니다.',
        '2025-05-29 00:00:00', 30, 6, 1890, 4.3, 280, 0);
INSERT INTO product_img (product_id, image_url, alt_text, sort_idx, is_primary)
VALUES ((SELECT id FROM product WHERE code = 'P89971922392' LIMIT 1),
        'https://shopping-phinf.pstatic.net/main_8997192/89971922392.1.jpg', '대표 이미지', 0, 1),
       ((SELECT id FROM product WHERE code = 'P89971922392' LIMIT 1),
        'https://shopping-phinf.pstatic.net/main_8997192/89971922392.2.jpg', '상품 상세', 1, 0),
       ((SELECT id FROM product WHERE code = 'P89971922392' LIMIT 1),
        'https://shopping-phinf.pstatic.net/main_8997192/89971922392.3.jpg', '성분 정보', 2, 0);
INSERT INTO product_variant (product_id, variant_name, list_price, sale_price, volume, upc_code, pill_size,
                             nutrition_facts, max_qty_per_order, restock_eta)
VALUES ((SELECT id FROM product WHERE code = 'P89971922392' LIMIT 1), '30정', 28000, 26000, 30, '600000000301',
        '10x10x5mm', '셀렌톡', 6, NULL),
       ((SELECT id FROM product WHERE code = 'P89971922392' LIMIT 1), '15정', 18000, 16000, 15, '600000000302',
        '10x10x5mm', '셀렌톡', 6, NULL);
INSERT IGNORE INTO stock (product_variant_id, amount, updated_at, restocked_at)
VALUES ((SELECT id
         FROM product_variant
         WHERE variant_name = '30정'
           AND product_id = (SELECT id FROM product WHERE code = 'P89971922392' LIMIT 1)
         LIMIT 1),
        60, '2025-09-29 12:00:00', '2025-08-20 12:00:00'),
       ((SELECT id
         FROM product_variant
         WHERE variant_name = '15정'
           AND product_id = (SELECT id FROM product WHERE code = 'P89971922392' LIMIT 1)
         LIMIT 1),
        40, '2025-09-29 12:00:00', '2025-08-20 12:00:00');
INSERT INTO product_category (product_id, category_id)
VALUES ((SELECT id FROM product WHERE code = 'P89971922392' LIMIT 1),
        (SELECT id FROM category WHERE name = '셀레늄' LIMIT 1));
INSERT IGNORE INTO product_rank (product_id, recent_sales, updated_at)
VALUES ((SELECT id FROM product WHERE code = 'P89971922392' LIMIT 1), 1890, '2025-09-29 12:00:00');


INSERT INTO product (brand_id, name, code, description, instruction, ingredients, cautions, disclaimer,
                     sale_start_date, expiration_date, max_qty_per_order, sales, avg_rating, review_count, min_price)
VALUES ((SELECT id FROM brand WHERE name = '데이배리어'),
        '데이배리어 셀렌톡 500mg x 30정 (1+1)',
        'P89796813602', '데이배리어 셀렌톡 500mg x 30정 (1+1)',
        '하루 1-2정을 식후에 섭취하세요.', '셀렌톡, 셀레늄',
        '과다섭취 시 부작용이 있을 수 있습니다.', '본 제품은 질병의 예방 및 치료를 위한 의약품이 아닙니다.',
        '2025-05-30 00:00:00', 30, 6, 1890, 4.5, 280, 0);
INSERT INTO product_img (product_id, image_url, alt_text, sort_idx, is_primary)
VALUES ((SELECT id FROM product WHERE code = 'P89796813602' LIMIT 1),
        'https://shopping-phinf.pstatic.net/main_8979681/89796813602.1.jpg', '대표 이미지', 0, 1),
       ((SELECT id FROM product WHERE code = 'P89796813602' LIMIT 1),
        'https://shopping-phinf.pstatic.net/main_8979681/89796813602.2.jpg', '상품 상세', 1, 0),
       ((SELECT id FROM product WHERE code = 'P89796813602' LIMIT 1),
        'https://shopping-phinf.pstatic.net/main_8979681/89796813602.3.jpg', '성분 정보', 2, 0);
INSERT INTO product_variant (product_id, variant_name, list_price, sale_price, volume, upc_code, pill_size,
                             nutrition_facts, max_qty_per_order, restock_eta)
VALUES ((SELECT id FROM product WHERE code = 'P89796813602' LIMIT 1), '2개', 45000, 43000, 2, '600000000303',
        '10x10x5mm', '셀렌톡 1+1', 6, NULL),
       ((SELECT id FROM product WHERE code = 'P89796813602' LIMIT 1), '1개', 28000, 26000, 1, '600000000304',
        '10x10x5mm', '셀렌톡 1+1', 6, NULL);
INSERT IGNORE INTO stock (product_variant_id, amount, updated_at, restocked_at)
VALUES ((SELECT id
         FROM product_variant
         WHERE variant_name = '2개'
           AND product_id = (SELECT id FROM product WHERE code = 'P89796813602' LIMIT 1)
         LIMIT 1),
        35, '2025-09-29 12:00:00', '2025-08-20 12:00:00'),
       ((SELECT id
         FROM product_variant
         WHERE variant_name = '1개'
           AND product_id = (SELECT id FROM product WHERE code = 'P89796813602' LIMIT 1)
         LIMIT 1),
        20, '2025-09-29 12:00:00', '2025-08-20 12:00:00');
INSERT INTO product_category (product_id, category_id)
VALUES ((SELECT id FROM product WHERE code = 'P89796813602' LIMIT 1),
        (SELECT id FROM category WHERE name = '셀레늄' LIMIT 1));
INSERT IGNORE INTO product_rank (product_id, recent_sales, updated_at)
VALUES ((SELECT id FROM product WHERE code = 'P89796813602' LIMIT 1), 1890, '2025-09-29 12:00:00');


INSERT INTO product (brand_id, name, code, description, instruction, ingredients, cautions, disclaimer,
                     sale_start_date, expiration_date, max_qty_per_order, sales, avg_rating, review_count, min_price)
VALUES ((SELECT id FROM brand WHERE name = '닥터하이365'),
        '닥터하이365 부기부기 1000mg x 90정, 1개',
        'P52037628618', '닥터하이365 부기부기 1000mg x 90정, 1개',
        '하루 1-2정을 식후에 섭취하세요.', '칼륨, 포타슘',
        '과다섭취 시 부작용이 있을 수 있습니다.', '본 제품은 질병의 예방 및 치료를 위한 의약품이 아닙니다.',
        '2025-05-31 00:00:00', 30, 6, 1890, 4.1, 280, 0);
INSERT INTO product_img (product_id, image_url, alt_text, sort_idx, is_primary)
VALUES ((SELECT id FROM product WHERE code = 'P52037628618' LIMIT 1),
        'https://shopping-phinf.pstatic.net/main_5203762/52037628618.1.jpg', '대표 이미지', 0, 1),
       ((SELECT id FROM product WHERE code = 'P52037628618' LIMIT 1),
        'https://shopping-phinf.pstatic.net/main_5203762/52037628618.2.jpg', '상품 상세', 1, 0),
       ((SELECT id FROM product WHERE code = 'P52037628618' LIMIT 1),
        'https://shopping-phinf.pstatic.net/main_5203762/52037628618.3.jpg', '성분 정보', 2, 0);
INSERT INTO product_variant (product_id, variant_name, list_price, sale_price, volume, upc_code, pill_size,
                             nutrition_facts, max_qty_per_order, restock_eta)
VALUES ((SELECT id FROM product WHERE code = 'P52037628618' LIMIT 1), '90정', 25000, 23000, 90, '600000000305',
        '10x10x5mm', '부기부기 칼륨', 6, NULL),
       ((SELECT id FROM product WHERE code = 'P52037628618' LIMIT 1), '45정', 16000, 14000, 45, '600000000306',
        '10x10x5mm', '부기부기 칼륨', 6, NULL);
INSERT IGNORE INTO stock (product_variant_id, amount, updated_at, restocked_at)
VALUES ((SELECT id
         FROM product_variant
         WHERE variant_name = '90정'
           AND product_id = (SELECT id FROM product WHERE code = 'P52037628618' LIMIT 1)
         LIMIT 1),
        100, '2025-09-29 12:00:00', '2025-08-20 12:00:00'),
       ((SELECT id
         FROM product_variant
         WHERE variant_name = '45정'
           AND product_id = (SELECT id FROM product WHERE code = 'P52037628618' LIMIT 1)
         LIMIT 1),
        70, '2025-09-29 12:00:00', '2025-08-20 12:00:00');
INSERT INTO product_category (product_id, category_id)
VALUES ((SELECT id FROM product WHERE code = 'P52037628618' LIMIT 1),
        (SELECT id FROM category WHERE name = '칼륨' LIMIT 1));
INSERT IGNORE INTO product_rank (product_id, recent_sales, updated_at)
VALUES ((SELECT id FROM product WHERE code = 'P52037628618' LIMIT 1), 1890, '2025-09-29 12:00:00');


INSERT INTO product (brand_id, name, code, description, instruction, ingredients, cautions, disclaimer,
                     sale_start_date, expiration_date, max_qty_per_order, sales, avg_rating, review_count, min_price)
VALUES ((SELECT id FROM brand WHERE name = 'JW중외제약'),
        'JW중외제약 워터 밸런스 칼륨 포타슘 POTASSIUM 1000mg x 120정, 1개',
        'P51929015492', 'JW중외제약 워터 밸런스 칼륨 포타슘 POTASSIUM 1000mg x 120정, 1개',
        '하루 1-2정을 식후에 섭취하세요.', '칼륨, 포타슘',
        '과다섭취 시 부작용이 있을 수 있습니다.', '본 제품은 질병의 예방 및 치료를 위한 의약품이 아닙니다.',
        '2025-06-01 00:00:00', 30, 6, 1890, 4.2, 280, 0);
INSERT INTO product_img (product_id, image_url, alt_text, sort_idx, is_primary)
VALUES ((SELECT id FROM product WHERE code = 'P51929015492' LIMIT 1),
        'https://shopping-phinf.pstatic.net/main_5192901/51929015492.1.jpg', '대표 이미지', 0, 1),
       ((SELECT id FROM product WHERE code = 'P51929015492' LIMIT 1),
        'https://shopping-phinf.pstatic.net/main_5192901/51929015492.2.jpg', '상품 상세', 1, 0),
       ((SELECT id FROM product WHERE code = 'P51929015492' LIMIT 1),
        'https://shopping-phinf.pstatic.net/main_5192901/51929015492.3.jpg', '성분 정보', 2, 0);
INSERT INTO product_variant (product_id, variant_name, list_price, sale_price, volume, upc_code, pill_size,
                             nutrition_facts, max_qty_per_order, restock_eta)
VALUES ((SELECT id FROM product WHERE code = 'P51929015492' LIMIT 1), '120정', 18000, 16000, 120, '600000000307',
        '10x10x5mm', '워터 밸런스 칼륨', 6, NULL),
       ((SELECT id FROM product WHERE code = 'P51929015492' LIMIT 1), '60정', 12000, 10000, 60, '600000000308',
        '10x10x5mm', '워터 밸런스 칼륨', 6, NULL);
INSERT IGNORE INTO stock (product_variant_id, amount, updated_at, restocked_at)
VALUES ((SELECT id
         FROM product_variant
         WHERE variant_name = '120정'
           AND product_id = (SELECT id FROM product WHERE code = 'P51929015492' LIMIT 1)
         LIMIT 1),
        110, '2025-09-29 12:00:00', '2025-08-20 12:00:00'),
       ((SELECT id
         FROM product_variant
         WHERE variant_name = '60정'
           AND product_id = (SELECT id FROM product WHERE code = 'P51929015492' LIMIT 1)
         LIMIT 1),
        75, '2025-09-29 12:00:00', '2025-08-20 12:00:00');
INSERT INTO product_category (product_id, category_id)
VALUES ((SELECT id FROM product WHERE code = 'P51929015492' LIMIT 1),
        (SELECT id FROM category WHERE name = '칼륨' LIMIT 1));
INSERT IGNORE INTO product_rank (product_id, recent_sales, updated_at)
VALUES ((SELECT id FROM product WHERE code = 'P51929015492' LIMIT 1), 1890, '2025-09-29 12:00:00');


INSERT INTO product (brand_id, name, code, description, instruction, ingredients, cautions, disclaimer,
                     sale_start_date, expiration_date, max_qty_per_order, sales, avg_rating, review_count, min_price)
VALUES ((SELECT id FROM brand WHERE name = '내츄럴플러스'),
        '내츄럴플러스 전해질 밸런스 칼륨 1200mg x 120정, 3개',
        'P51929220007', '내츄럴플러스 전해질 밸런스 칼륨 1200mg x 120정, 3개',
        '하루 1-2정을 식후에 섭취하세요.', '칼륨, 전해질',
        '과다섭취 시 부작용이 있을 수 있습니다.', '본 제품은 질병의 예방 및 치료를 위한 의약품이 아닙니다.',
        '2025-06-02 00:00:00', 30, 6, 1890, 4.3, 280, 0);
INSERT INTO product_img (product_id, image_url, alt_text, sort_idx, is_primary)
VALUES ((SELECT id FROM product WHERE code = 'P51929220007' LIMIT 1),
        'https://shopping-phinf.pstatic.net/main_5192922/51929220007.1.jpg', '대표 이미지', 0, 1),
       ((SELECT id FROM product WHERE code = 'P51929220007' LIMIT 1),
        'https://shopping-phinf.pstatic.net/main_5192922/51929220007.2.jpg', '상품 상세', 1, 0),
       ((SELECT id FROM product WHERE code = 'P51929220007' LIMIT 1),
        'https://shopping-phinf.pstatic.net/main_5192922/51929220007.3.jpg', '성분 정보', 2, 0);
INSERT INTO product_variant (product_id, variant_name, list_price, sale_price, volume, upc_code, pill_size,
                             nutrition_facts, max_qty_per_order, restock_eta)
VALUES ((SELECT id FROM product WHERE code = 'P51929220007' LIMIT 1), '3개', 35000, 33000, 3, '600000000309',
        '10x10x5mm', '전해질 밸런스', 6, NULL),
       ((SELECT id FROM product WHERE code = 'P51929220007' LIMIT 1), '1개', 15000, 13000, 1, '600000000310',
        '10x10x5mm', '전해질 밸런스', 6, NULL);
INSERT IGNORE INTO stock (product_variant_id, amount, updated_at, restocked_at)
VALUES ((SELECT id
         FROM product_variant
         WHERE variant_name = '3개'
           AND product_id = (SELECT id FROM product WHERE code = 'P51929220007' LIMIT 1)
         LIMIT 1),
        50, '2025-09-29 12:00:00', '2025-08-20 12:00:00'),
       ((SELECT id
         FROM product_variant
         WHERE variant_name = '1개'
           AND product_id = (SELECT id FROM product WHERE code = 'P51929220007' LIMIT 1)
         LIMIT 1),
        30, '2025-09-29 12:00:00', '2025-08-20 12:00:00');
INSERT INTO product_category (product_id, category_id)
VALUES ((SELECT id FROM product WHERE code = 'P51929220007' LIMIT 1),
        (SELECT id FROM category WHERE name = '칼륨' LIMIT 1));
INSERT IGNORE INTO product_rank (product_id, recent_sales, updated_at)
VALUES ((SELECT id FROM product WHERE code = 'P51929220007' LIMIT 1), 1890, '2025-09-29 12:00:00');


INSERT INTO product (brand_id, name, code, description, instruction, ingredients, cautions, disclaimer,
                     sale_start_date, expiration_date, max_qty_per_order, sales, avg_rating, review_count, min_price)
VALUES ((SELECT id FROM brand WHERE name = '비타민마을'),
        '비타민마을 와이즈 칼륨 1200mg x 120정, 1개',
        'P51929492044', '비타민마을 와이즈 칼륨 1200mg x 120정, 1개',
        '하루 1-2정을 식후에 섭취하세요.', '칼륨, 포타슘',
        '과다섭취 시 부작용이 있을 수 있습니다.', '본 제품은 질병의 예방 및 치료를 위한 의약품이 아닙니다.',
        '2025-06-03 00:00:00', 30, 6, 1890, 4.1, 280, 0);
INSERT INTO product_img (product_id, image_url, alt_text, sort_idx, is_primary)
VALUES ((SELECT id FROM product WHERE code = 'P51929492044' LIMIT 1),
        'https://shopping-phinf.pstatic.net/main_5192949/51929492044.1.jpg', '대표 이미지', 0, 1),
       ((SELECT id FROM product WHERE code = 'P51929492044' LIMIT 1),
        'https://shopping-phinf.pstatic.net/main_5192949/51929492044.2.jpg', '상품 상세', 1, 0),
       ((SELECT id FROM product WHERE code = 'P51929492044' LIMIT 1),
        'https://shopping-phinf.pstatic.net/main_5192949/51929492044.3.jpg', '성분 정보', 2, 0);
INSERT INTO product_variant (product_id, variant_name, list_price, sale_price, volume, upc_code, pill_size,
                             nutrition_facts, max_qty_per_order, restock_eta)
VALUES ((SELECT id FROM product WHERE code = 'P51929492044' LIMIT 1), '120정', 20000, 18000, 120, '600000000311',
        '10x10x5mm', '와이즈 칼륨', 6, NULL),
       ((SELECT id FROM product WHERE code = 'P51929492044' LIMIT 1), '60정', 13000, 11000, 60, '600000000312',
        '10x10x5mm', '와이즈 칼륨', 6, NULL);
INSERT IGNORE INTO stock (product_variant_id, amount, updated_at, restocked_at)
VALUES ((SELECT id
         FROM product_variant
         WHERE variant_name = '120정'
           AND product_id = (SELECT id FROM product WHERE code = 'P51929492044' LIMIT 1)
         LIMIT 1),
        90, '2025-09-29 12:00:00', '2025-08-20 12:00:00'),
       ((SELECT id
         FROM product_variant
         WHERE variant_name = '60정'
           AND product_id = (SELECT id FROM product WHERE code = 'P51929492044' LIMIT 1)
         LIMIT 1),
        60, '2025-09-29 12:00:00', '2025-08-20 12:00:00');
INSERT INTO product_category (product_id, category_id)
VALUES ((SELECT id FROM product WHERE code = 'P51929492044' LIMIT 1),
        (SELECT id FROM category WHERE name = '칼륨' LIMIT 1));
INSERT IGNORE INTO product_rank (product_id, recent_sales, updated_at)
VALUES ((SELECT id FROM product WHERE code = 'P51929492044' LIMIT 1), 1890, '2025-09-29 12:00:00');


INSERT INTO product (brand_id, name, code, description, instruction, ingredients, cautions, disclaimer,
                     sale_start_date, expiration_date, max_qty_per_order, sales, avg_rating, review_count, min_price)
VALUES ((SELECT id FROM brand WHERE name = '동화약품'),
        '동화약품 수분 균형 구연산 칼륨 포타슘 영양제 1600mg x 90정, 1개',
        'P51929583509', '동화약품 수분 균형 구연산 칼륨 포타슘 영양제 1600mg x 90정, 1개',
        '하루 1-2정을 식후에 섭취하세요.', '구연산 칼륨, 포타슘',
        '과다섭취 시 부작용이 있을 수 있습니다.', '본 제품은 질병의 예방 및 치료를 위한 의약품이 아닙니다.',
        '2025-06-04 00:00:00', 30, 6, 1890, 4.4, 280, 0);
INSERT INTO product_img (product_id, image_url, alt_text, sort_idx, is_primary)
VALUES ((SELECT id FROM product WHERE code = 'P51929583509' LIMIT 1),
        'https://shopping-phinf.pstatic.net/main_5192958/51929583509.1.jpg', '대표 이미지', 0, 1),
       ((SELECT id FROM product WHERE code = 'P51929583509' LIMIT 1),
        'https://shopping-phinf.pstatic.net/main_5192958/51929583509.2.jpg', '상품 상세', 1, 0),
       ((SELECT id FROM product WHERE code = 'P51929583509' LIMIT 1),
        'https://shopping-phinf.pstatic.net/main_5192958/51929583509.3.jpg', '성분 정보', 2, 0);
INSERT INTO product_variant (product_id, variant_name, list_price, sale_price, volume, upc_code, pill_size,
                             nutrition_facts, max_qty_per_order, restock_eta)
VALUES ((SELECT id FROM product WHERE code = 'P51929583509' LIMIT 1), '90정', 18000, 16000, 90, '600000000313',
        '10x10x5mm', '구연산 칼륨', 6, NULL),
       ((SELECT id FROM product WHERE code = 'P51929583509' LIMIT 1), '45정', 12000, 10000, 45, '600000000314',
        '10x10x5mm', '구연산 칼륨', 6, NULL);
INSERT IGNORE INTO stock (product_variant_id, amount, updated_at, restocked_at)
VALUES ((SELECT id
         FROM product_variant
         WHERE variant_name = '90정'
           AND product_id = (SELECT id FROM product WHERE code = 'P51929583509' LIMIT 1)
         LIMIT 1),
        85, '2025-09-29 12:00:00', '2025-08-20 12:00:00'),
       ((SELECT id
         FROM product_variant
         WHERE variant_name = '45정'
           AND product_id = (SELECT id FROM product WHERE code = 'P51929583509' LIMIT 1)
         LIMIT 1),
        55, '2025-09-29 12:00:00', '2025-08-20 12:00:00');
INSERT INTO product_category (product_id, category_id)
VALUES ((SELECT id FROM product WHERE code = 'P51929583509' LIMIT 1),
        (SELECT id FROM category WHERE name = '칼륨' LIMIT 1));
INSERT IGNORE INTO product_rank (product_id, recent_sales, updated_at)
VALUES ((SELECT id FROM product WHERE code = 'P51929583509' LIMIT 1), 1890, '2025-09-29 12:00:00');


INSERT INTO product (brand_id, name, code, description, instruction, ingredients, cautions, disclaimer,
                     sale_start_date, expiration_date, max_qty_per_order, sales, avg_rating, review_count, min_price)
VALUES ((SELECT id FROM brand WHERE name = '퍼니트'),
        '퍼니트 칼륨 포타슘 수분 밸런스 1500 1200mg x 120정, 1개',
        'P51929355820', '퍼니트 칼륨 포타슘 수분 밸런스 1500 1200mg x 120정, 1개',
        '하루 1-2정을 식후에 섭취하세요.', '칼륨, 포타슘',
        '과다섭취 시 부작용이 있을 수 있습니다.', '본 제품은 질병의 예방 및 치료를 위한 의약품이 아닙니다.',
        '2025-06-05 00:00:00', 30, 6, 1890, 4.2, 280, 0);
INSERT INTO product_img (product_id, image_url, alt_text, sort_idx, is_primary)
VALUES ((SELECT id FROM product WHERE code = 'P51929355820' LIMIT 1),
        'https://shopping-phinf.pstatic.net/main_5192935/51929355820.1.jpg', '대표 이미지', 0, 1),
       ((SELECT id FROM product WHERE code = 'P51929355820' LIMIT 1),
        'https://shopping-phinf.pstatic.net/main_5192935/51929355820.2.jpg', '상품 상세', 1, 0),
       ((SELECT id FROM product WHERE code = 'P51929355820' LIMIT 1),
        'https://shopping-phinf.pstatic.net/main_5192935/51929355820.3.jpg', '성분 정보', 2, 0);
INSERT INTO product_variant (product_id, variant_name, list_price, sale_price, volume, upc_code, pill_size,
                             nutrition_facts, max_qty_per_order, restock_eta)
VALUES ((SELECT id FROM product WHERE code = 'P51929355820' LIMIT 1), '120정', 19000, 17000, 120, '600000000315',
        '10x10x5mm', '수분 밸런스', 6, NULL),
       ((SELECT id FROM product WHERE code = 'P51929355820' LIMIT 1), '60정', 13000, 11000, 60, '600000000316',
        '10x10x5mm', '수분 밸런스', 6, NULL);
INSERT IGNORE INTO stock (product_variant_id, amount, updated_at, restocked_at)
VALUES ((SELECT id
         FROM product_variant
         WHERE variant_name = '120정'
           AND product_id = (SELECT id FROM product WHERE code = 'P51929355820' LIMIT 1)
         LIMIT 1),
        95, '2025-09-29 12:00:00', '2025-08-20 12:00:00'),
       ((SELECT id
         FROM product_variant
         WHERE variant_name = '60정'
           AND product_id = (SELECT id FROM product WHERE code = 'P51929355820' LIMIT 1)
         LIMIT 1),
        65, '2025-09-29 12:00:00', '2025-08-20 12:00:00');
INSERT INTO product_category (product_id, category_id)
VALUES ((SELECT id FROM product WHERE code = 'P51929355820' LIMIT 1),
        (SELECT id FROM category WHERE name = '칼륨' LIMIT 1));
INSERT IGNORE INTO product_rank (product_id, recent_sales, updated_at)
VALUES ((SELECT id FROM product WHERE code = 'P51929355820' LIMIT 1), 1890, '2025-09-29 12:00:00');


INSERT IGNORE INTO brand (name)
VALUES ('제이엠비타');
INSERT IGNORE INTO brand (name)
VALUES ('비타업');
INSERT IGNORE INTO brand (name)
VALUES ('GLOBAL BRIDGE');
INSERT IGNORE INTO brand (name)
VALUES ('제리글로벌');
INSERT IGNORE INTO brand (name)
VALUES ('별난직구');
INSERT IGNORE INTO brand (name)
VALUES ('엉클주니스토어');
INSERT IGNORE INTO brand (name)
VALUES ('해피아쿠');

INSERT INTO product (brand_id, name, code, description, instruction, ingredients, cautions, disclaimer,
                     sale_start_date, expiration_date, max_qty_per_order, sales, avg_rating, review_count, min_price)
VALUES ((SELECT id FROM brand WHERE name = '기타'),
        '트루 씨모스 슈퍼푸드 망고 473g Sea Moss Gel 씨모스 젤 바다이끼',
        'P89750254429', '트루 씨모스 슈퍼푸드 망고 473g Sea Moss Gel 씨모스 젤 바다이끼',
        '하루 1-2스푼을 물에 타서 섭취하세요.', '씨모스 젤, 바다이끼',
        '과다섭취 시 부작용이 있을 수 있습니다.', '본 제품은 질병의 예방 및 치료를 위한 의약품이 아닙니다.',
        '2025-06-06 00:00:00', 30, 6, 1890, 4.3, 280, 36900);
INSERT INTO product_img (product_id, image_url, alt_text, sort_idx, is_primary)
VALUES ((SELECT id FROM product WHERE code = 'P89750254429' LIMIT 1),
        'https://shopping-phinf.pstatic.net/main_8975025/89750254429.1.jpg', '대표 이미지', 0, 1),
       ((SELECT id FROM product WHERE code = 'P89750254429' LIMIT 1),
        'https://shopping-phinf.pstatic.net/main_8975025/89750254429.2.jpg', '상품 상세', 1, 0),
       ((SELECT id FROM product WHERE code = 'P89750254429' LIMIT 1),
        'https://shopping-phinf.pstatic.net/main_8975025/89750254429.3.jpg', '성분 정보', 2, 0);
INSERT INTO product_variant (product_id, variant_name, list_price, sale_price, volume, upc_code, pill_size,
                             nutrition_facts, max_qty_per_order, restock_eta)
VALUES ((SELECT id FROM product WHERE code = 'P89750254429' LIMIT 1), '473g', 36900, 34900, 473, '600000000317', '젤',
        '씨모스 젤', 6, NULL),
       ((SELECT id FROM product WHERE code = 'P89750254429' LIMIT 1), '237g', 23900, 21900, 237, '600000000318', '젤',
        '씨모스 젤', 6, NULL);
INSERT IGNORE INTO stock (product_variant_id, amount, updated_at, restocked_at)
VALUES ((SELECT id
         FROM product_variant
         WHERE variant_name = '473g'
           AND product_id = (SELECT id FROM product WHERE code = 'P89750254429' LIMIT 1)
         LIMIT 1),
        60, '2025-09-29 12:00:00', '2025-08-20 12:00:00'),
       ((SELECT id
         FROM product_variant
         WHERE variant_name = '237g'
           AND product_id = (SELECT id FROM product WHERE code = 'P89750254429' LIMIT 1)
         LIMIT 1),
        40, '2025-09-29 12:00:00', '2025-08-20 12:00:00');
INSERT INTO product_category (product_id, category_id)
VALUES ((SELECT id FROM product WHERE code = 'P89750254429' LIMIT 1),
        (SELECT id FROM category WHERE name = '바다 이끼' LIMIT 1));
INSERT IGNORE INTO product_rank (product_id, recent_sales, updated_at)
VALUES ((SELECT id FROM product WHERE code = 'P89750254429' LIMIT 1), 1890, '2025-09-29 12:00:00');


INSERT INTO product (brand_id, name, code, description, instruction, ingredients, cautions, disclaimer,
                     sale_start_date, expiration_date, max_qty_per_order, sales, avg_rating, review_count, min_price)
VALUES ((SELECT id FROM brand WHERE name = '기타'),
        'True Sea Moss 바다이끼 젤 sea moss gel 야생재배 453g',
        'P88893998031', 'True Sea Moss 바다이끼 젤 sea moss gel 야생재배 453g',
        '하루 1-2스푼을 물에 타서 섭취하세요.', '바다이끼 젤, 씨모스',
        '과다섭취 시 부작용이 있을 수 있습니다.', '본 제품은 질병의 예방 및 치료를 위한 의약품이 아닙니다.',
        '2025-06-07 00:00:00', 30, 6, 1890, 4.4, 280, 50300);
INSERT INTO product_img (product_id, image_url, alt_text, sort_idx, is_primary)
VALUES ((SELECT id FROM product WHERE code = 'P88893998031' LIMIT 1),
        'https://shopping-phinf.pstatic.net/main_8889399/88893998031.1.jpg', '대표 이미지', 0, 1),
       ((SELECT id FROM product WHERE code = 'P88893998031' LIMIT 1),
        'https://shopping-phinf.pstatic.net/main_8889399/88893998031.2.jpg', '상품 상세', 1, 0),
       ((SELECT id FROM product WHERE code = 'P88893998031' LIMIT 1),
        'https://shopping-phinf.pstatic.net/main_8889399/88893998031.3.jpg', '성분 정보', 2, 0);
INSERT INTO product_variant (product_id, variant_name, list_price, sale_price, volume, upc_code, pill_size,
                             nutrition_facts, max_qty_per_order, restock_eta)
VALUES ((SELECT id FROM product WHERE code = 'P88893998031' LIMIT 1), '453g', 50300, 48300, 453, '600000000319', '젤',
        '야생재배 씨모스', 6, NULL),
       ((SELECT id FROM product WHERE code = 'P88893998031' LIMIT 1), '227g', 32300, 30300, 227, '600000000320', '젤',
        '야생재배 씨모스', 6, NULL);
INSERT IGNORE INTO stock (product_variant_id, amount, updated_at, restocked_at)
VALUES ((SELECT id
         FROM product_variant
         WHERE variant_name = '453g'
           AND product_id = (SELECT id FROM product WHERE code = 'P88893998031' LIMIT 1)
         LIMIT 1),
        50, '2025-09-29 12:00:00', '2025-08-20 12:00:00'),
       ((SELECT id
         FROM product_variant
         WHERE variant_name = '227g'
           AND product_id = (SELECT id FROM product WHERE code = 'P88893998031' LIMIT 1)
         LIMIT 1),
        35, '2025-09-29 12:00:00', '2025-08-20 12:00:00');
INSERT INTO product_category (product_id, category_id)
VALUES ((SELECT id FROM product WHERE code = 'P88893998031' LIMIT 1),
        (SELECT id FROM category WHERE name = '바다 이끼' LIMIT 1));
INSERT IGNORE INTO product_rank (product_id, recent_sales, updated_at)
VALUES ((SELECT id FROM product WHERE code = 'P88893998031' LIMIT 1), 1890, '2025-09-29 12:00:00');


INSERT INTO product (brand_id, name, code, description, instruction, ingredients, cautions, disclaimer,
                     sale_start_date, expiration_date, max_qty_per_order, sales, avg_rating, review_count, min_price)
VALUES ((SELECT id FROM brand WHERE name = '기타'),
        'Belo Sea Moss Gel 고소영 바다이끼 5가지 맛 프리바이오틱스',
        'P90015919295', 'Belo Sea Moss Gel 고소영 바다이끼 5가지 맛 프리바이오틱스',
        '하루 1-2스푼을 물에 타서 섭취하세요.', '바다이끼 젤, 프리바이오틱스',
        '과다섭취 시 부작용이 있을 수 있습니다.', '본 제품은 질병의 예방 및 치료를 위한 의약품이 아닙니다.',
        '2025-06-08 00:00:00', 30, 6, 1890, 4.5, 280, 77900);
INSERT INTO product_img (product_id, image_url, alt_text, sort_idx, is_primary)
VALUES ((SELECT id FROM product WHERE code = 'P90015919295' LIMIT 1),
        'https://shopping-phinf.pstatic.net/main_9001591/90015919295.1.jpg', '대표 이미지', 0, 1),
       ((SELECT id FROM product WHERE code = 'P90015919295' LIMIT 1),
        'https://shopping-phinf.pstatic.net/main_9001591/90015919295.2.jpg', '상품 상세', 1, 0),
       ((SELECT id FROM product WHERE code = 'P90015919295' LIMIT 1),
        'https://shopping-phinf.pstatic.net/main_9001591/90015919295.3.jpg', '성분 정보', 2, 0);
INSERT INTO product_variant (product_id, variant_name, list_price, sale_price, volume, upc_code, pill_size,
                             nutrition_facts, max_qty_per_order, restock_eta)
VALUES ((SELECT id FROM product WHERE code = 'P90015919295' LIMIT 1), '5종세트', 77900, 75900, 5, '600000000321', '젤',
        '5가지 맛 씨모스', 6, NULL),
       ((SELECT id FROM product WHERE code = 'P90015919295' LIMIT 1), '3종세트', 49900, 47900, 3, '600000000322', '젤',
        '3가지 맛 씨모스', 6, NULL);
INSERT IGNORE INTO stock (product_variant_id, amount, updated_at, restocked_at)
VALUES ((SELECT id
         FROM product_variant
         WHERE variant_name = '5종세트'
           AND product_id = (SELECT id FROM product WHERE code = 'P90015919295' LIMIT 1)
         LIMIT 1),
        30, '2025-09-29 12:00:00', '2025-08-20 12:00:00'),
       ((SELECT id
         FROM product_variant
         WHERE variant_name = '3종세트'
           AND product_id = (SELECT id FROM product WHERE code = 'P90015919295' LIMIT 1)
         LIMIT 1),
        20, '2025-09-29 12:00:00', '2025-08-20 12:00:00');
INSERT INTO product_category (product_id, category_id)
VALUES ((SELECT id FROM product WHERE code = 'P90015919295' LIMIT 1),
        (SELECT id FROM category WHERE name = '바다 이끼' LIMIT 1));
INSERT IGNORE INTO product_rank (product_id, recent_sales, updated_at)
VALUES ((SELECT id FROM product WHERE code = 'P90015919295' LIMIT 1), 1890, '2025-09-29 12:00:00');


INSERT INTO product (brand_id, name, code, description, instruction, ingredients, cautions, disclaimer,
                     sale_start_date, expiration_date, max_qty_per_order, sales, avg_rating, review_count, min_price)
VALUES ((SELECT id FROM brand WHERE name = '기타'),
        '바다이끼 30g 아일랜드 Sea Moss 박재범 스무디',
        'P84001996490', '바다이끼 30g 아일랜드 Sea Moss 박재범 스무디',
        '하루 1-2스푼을 물에 타서 섭취하세요.', '아일랜드 씨모스, 바다이끼',
        '과다섭취 시 부작용이 있을 수 있습니다.', '본 제품은 질병의 예방 및 치료를 위한 의약품이 아닙니다.',
        '2025-06-09 00:00:00', 30, 6, 1890, 4.2, 280, 27900);
INSERT INTO product_img (product_id, image_url, alt_text, sort_idx, is_primary)
VALUES ((SELECT id FROM product WHERE code = 'P84001996490' LIMIT 1),
        'https://shopping-phinf.pstatic.net/main_8400199/84001996490.1.jpg', '대표 이미지', 0, 1),
       ((SELECT id FROM product WHERE code = 'P84001996490' LIMIT 1),
        'https://shopping-phinf.pstatic.net/main_8400199/84001996490.2.jpg', '상품 상세', 1, 0),
       ((SELECT id FROM product WHERE code = 'P84001996490' LIMIT 1),
        'https://shopping-phinf.pstatic.net/main_8400199/84001996490.3.jpg', '성분 정보', 2, 0);
INSERT INTO product_variant (product_id, variant_name, list_price, sale_price, volume, upc_code, pill_size,
                             nutrition_facts, max_qty_per_order, restock_eta)
VALUES ((SELECT id FROM product WHERE code = 'P84001996490' LIMIT 1), '30g', 27900, 25900, 30, '600000000323', '분말',
        '아일랜드 씨모스', 6, NULL),
       ((SELECT id FROM product WHERE code = 'P84001996490' LIMIT 1), '15g', 18900, 16900, 15, '600000000324', '분말',
        '아일랜드 씨모스', 6, NULL);
INSERT IGNORE INTO stock (product_variant_id, amount, updated_at, restocked_at)
VALUES ((SELECT id
         FROM product_variant
         WHERE variant_name = '30g'
           AND product_id = (SELECT id FROM product WHERE code = 'P84001996490' LIMIT 1)
         LIMIT 1),
        80, '2025-09-29 12:00:00', '2025-08-20 12:00:00'),
       ((SELECT id
         FROM product_variant
         WHERE variant_name = '15g'
           AND product_id = (SELECT id FROM product WHERE code = 'P84001996490' LIMIT 1)
         LIMIT 1),
        55, '2025-09-29 12:00:00', '2025-08-20 12:00:00');
INSERT INTO product_category (product_id, category_id)
VALUES ((SELECT id FROM product WHERE code = 'P84001996490' LIMIT 1),
        (SELECT id FROM category WHERE name = '바다 이끼' LIMIT 1));
INSERT IGNORE INTO product_rank (product_id, recent_sales, updated_at)
VALUES ((SELECT id FROM product WHERE code = 'P84001996490' LIMIT 1), 1890, '2025-09-29 12:00:00');


INSERT INTO product (brand_id, name, code, description, instruction, ingredients, cautions, disclaimer,
                     sale_start_date, expiration_date, max_qty_per_order, sales, avg_rating, review_count, min_price)
VALUES ((SELECT id FROM brand WHERE name = '기타'),
        '씨모스 바다이끼 건조 453.6g 전참시',
        'P84595994787', '씨모스 바다이끼 건조 453.6g 전참시',
        '하루 1-2스푼을 물에 타서 섭취하세요.', '건조 씨모스, 바다이끼',
        '과다섭취 시 부작용이 있을 수 있습니다.', '본 제품은 질병의 예방 및 치료를 위한 의약품이 아닙니다.',
        '2025-06-10 00:00:00', 30, 6, 1890, 4.1, 280, 32500);
INSERT INTO product_img (product_id, image_url, alt_text, sort_idx, is_primary)
VALUES ((SELECT id FROM product WHERE code = 'P84595994787' LIMIT 1),
        'https://shopping-phinf.pstatic.net/main_8459599/84595994787.1.jpg', '대표 이미지', 0, 1),
       ((SELECT id FROM product WHERE code = 'P84595994787' LIMIT 1),
        'https://shopping-phinf.pstatic.net/main_8459599/84595994787.2.jpg', '상품 상세', 1, 0),
       ((SELECT id FROM product WHERE code = 'P84595994787' LIMIT 1),
        'https://shopping-phinf.pstatic.net/main_8459599/84595994787.3.jpg', '성분 정보', 2, 0);
INSERT INTO product_variant (product_id, variant_name, list_price, sale_price, volume, upc_code, pill_size,
                             nutrition_facts, max_qty_per_order, restock_eta)
VALUES ((SELECT id FROM product WHERE code = 'P84595994787' LIMIT 1), '453.6g', 32500, 30500, 454, '600000000325', '건조',
        '건조 씨모스', 6, NULL),
       ((SELECT id FROM product WHERE code = 'P84595994787' LIMIT 1), '227g', 21500, 19500, 227, '600000000326', '건조',
        '건조 씨모스', 6, NULL);
INSERT IGNORE INTO stock (product_variant_id, amount, updated_at, restocked_at)
VALUES ((SELECT id
         FROM product_variant
         WHERE variant_name = '453.6g'
           AND product_id = (SELECT id FROM product WHERE code = 'P84595994787' LIMIT 1)
         LIMIT 1),
        70, '2025-09-29 12:00:00', '2025-08-20 12:00:00'),
       ((SELECT id
         FROM product_variant
         WHERE variant_name = '227g'
           AND product_id = (SELECT id FROM product WHERE code = 'P84595994787' LIMIT 1)
         LIMIT 1),
        45, '2025-09-29 12:00:00', '2025-08-20 12:00:00');
INSERT INTO product_category (product_id, category_id)
VALUES ((SELECT id FROM product WHERE code = 'P84595994787' LIMIT 1),
        (SELECT id FROM category WHERE name = '바다 이끼' LIMIT 1));
INSERT IGNORE INTO product_rank (product_id, recent_sales, updated_at)
VALUES ((SELECT id FROM product WHERE code = 'P84595994787' LIMIT 1), 1890, '2025-09-29 12:00:00');


INSERT INTO product (brand_id, name, code, description, instruction, ingredients, cautions, disclaimer,
                     sale_start_date, expiration_date, max_qty_per_order, sales, avg_rating, review_count, min_price)
VALUES ((SELECT id FROM brand WHERE name = '기타'),
        '바다이끼 건조 씨모스 True Sea Moss 453g',
        'P86082478988', '바다이끼 건조 씨모스 True Sea Moss 453g',
        '하루 1-2스푼을 물에 타서 섭취하세요.', '건조 씨모스, 바다이끼',
        '과다섭취 시 부작용이 있을 수 있습니다.', '본 제품은 질병의 예방 및 치료를 위한 의약품이 아닙니다.',
        '2025-06-11 00:00:00', 30, 6, 1890, 4.3, 280, 34900);
INSERT INTO product_img (product_id, image_url, alt_text, sort_idx, is_primary)
VALUES ((SELECT id FROM product WHERE code = 'P86082478988' LIMIT 1),
        'https://shopping-phinf.pstatic.net/main_8608247/86082478988.1.jpg', '대표 이미지', 0, 1),
       ((SELECT id FROM product WHERE code = 'P86082478988' LIMIT 1),
        'https://shopping-phinf.pstatic.net/main_8608247/86082478988.2.jpg', '상품 상세', 1, 0),
       ((SELECT id FROM product WHERE code = 'P86082478988' LIMIT 1),
        'https://shopping-phinf.pstatic.net/main_8608247/86082478988.3.jpg', '성분 정보', 2, 0);
INSERT INTO product_variant (product_id, variant_name, list_price, sale_price, volume, upc_code, pill_size,
                             nutrition_facts, max_qty_per_order, restock_eta)
VALUES ((SELECT id FROM product WHERE code = 'P86082478988' LIMIT 1), '453g', 34900, 32900, 453, '600000000327', '건조',
        'True Sea Moss', 6, NULL),
       ((SELECT id FROM product WHERE code = 'P86082478988' LIMIT 1), '227g', 22900, 20900, 227, '600000000328', '건조',
        'True Sea Moss', 6, NULL);
INSERT IGNORE INTO stock (product_variant_id, amount, updated_at, restocked_at)
VALUES ((SELECT id
         FROM product_variant
         WHERE variant_name = '453g'
           AND product_id = (SELECT id FROM product WHERE code = 'P86082478988' LIMIT 1)
         LIMIT 1),
        65, '2025-09-29 12:00:00', '2025-08-20 12:00:00'),
       ((SELECT id
         FROM product_variant
         WHERE variant_name = '227g'
           AND product_id = (SELECT id FROM product WHERE code = 'P86082478988' LIMIT 1)
         LIMIT 1),
        40, '2025-09-29 12:00:00', '2025-08-20 12:00:00');
INSERT INTO product_category (product_id, category_id)
VALUES ((SELECT id FROM product WHERE code = 'P86082478988' LIMIT 1),
        (SELECT id FROM category WHERE name = '바다 이끼' LIMIT 1));
INSERT IGNORE INTO product_rank (product_id, recent_sales, updated_at)
VALUES ((SELECT id FROM product WHERE code = 'P86082478988' LIMIT 1), 1890, '2025-09-29 12:00:00');


INSERT INTO product (brand_id, name, code, description, instruction, ingredients, cautions, disclaimer,
                     sale_start_date, expiration_date, max_qty_per_order, sales, avg_rating, review_count, min_price)
VALUES ((SELECT id FROM brand WHERE name = '기타'),
        'Trueseamoss 유기농 바다 이끼 박재범 건강 스무디 재료 453g 2개',
        'P39955880444', 'Trueseamoss 유기농 바다 이끼 박재범 건강 스무디 재료 453g 2개',
        '하루 1-2스푼을 물에 타서 섭취하세요.', '유기농 바다이끼, 씨모스',
        '과다섭취 시 부작용이 있을 수 있습니다.', '본 제품은 질병의 예방 및 치료를 위한 의약품이 아닙니다.',
        '2025-06-12 00:00:00', 30, 6, 1890, 4.4, 280, 36900);
INSERT INTO product_img (product_id, image_url, alt_text, sort_idx, is_primary)
VALUES ((SELECT id FROM product WHERE code = 'P39955880444' LIMIT 1),
        'https://shopping-phinf.pstatic.net/main_3995588/39955880444.1.jpg', '대표 이미지', 0, 1),
       ((SELECT id FROM product WHERE code = 'P39955880444' LIMIT 1),
        'https://shopping-phinf.pstatic.net/main_3995588/39955880444.2.jpg', '상품 상세', 1, 0),
       ((SELECT id FROM product WHERE code = 'P39955880444' LIMIT 1),
        'https://shopping-phinf.pstatic.net/main_3995588/39955880444.3.jpg', '성분 정보', 2, 0);
INSERT INTO product_variant (product_id, variant_name, list_price, sale_price, volume, upc_code, pill_size,
                             nutrition_facts, max_qty_per_order, restock_eta)
VALUES ((SELECT id FROM product WHERE code = 'P39955880444' LIMIT 1), '2개', 36900, 34900, 2, '600000000329', '유기농',
        '유기농 바다이끼', 6, NULL),
       ((SELECT id FROM product WHERE code = 'P39955880444' LIMIT 1), '1개', 22900, 20900, 1, '600000000330', '유기농',
        '유기농 바다이끼', 6, NULL);
INSERT IGNORE INTO stock (product_variant_id, amount, updated_at, restocked_at)
VALUES ((SELECT id
         FROM product_variant
         WHERE variant_name = '2개'
           AND product_id = (SELECT id FROM product WHERE code = 'P39955880444' LIMIT 1)
         LIMIT 1),
        55, '2025-09-29 12:00:00', '2025-08-20 12:00:00'),
       ((SELECT id
         FROM product_variant
         WHERE variant_name = '1개'
           AND product_id = (SELECT id FROM product WHERE code = 'P39955880444' LIMIT 1)
         LIMIT 1),
        35, '2025-09-29 12:00:00', '2025-08-20 12:00:00');
INSERT INTO product_category (product_id, category_id)
VALUES ((SELECT id FROM product WHERE code = 'P39955880444' LIMIT 1),
        (SELECT id FROM category WHERE name = '바다 이끼' LIMIT 1));
INSERT IGNORE INTO product_rank (product_id, recent_sales, updated_at)
VALUES ((SELECT id FROM product WHERE code = 'P39955880444' LIMIT 1), 1890, '2025-09-29 12:00:00');


INSERT INTO product (brand_id, name, code, description, instruction, ingredients, cautions, disclaimer,
                     sale_start_date, expiration_date, max_qty_per_order, sales, avg_rating, review_count, min_price)
VALUES ((SELECT id FROM brand WHERE name = '기타'),
        'TrueSeaMoss 슈퍼푸드 시모스 바다이끼 애플 시나몬 473ml 2병',
        'P55839643551', 'TrueSeaMoss 슈퍼푸드 시모스 바다이끼 애플 시나몬 473ml 2병',
        '하루 1-2스푼을 물에 타서 섭취하세요.', '시모스 젤, 바다이끼',
        '과다섭취 시 부작용이 있을 수 있습니다.', '본 제품은 질병의 예방 및 치료를 위한 의약품이 아닙니다.',
        '2025-06-13 00:00:00', 30, 6, 1890, 4.5, 280, 129000);
INSERT INTO product_img (product_id, image_url, alt_text, sort_idx, is_primary)
VALUES ((SELECT id FROM product WHERE code = 'P55839643551' LIMIT 1),
        'https://shopping-phinf.pstatic.net/main_5583964/55839643551.1.jpg', '대표 이미지', 0, 1),
       ((SELECT id FROM product WHERE code = 'P55839643551' LIMIT 1),
        'https://shopping-phinf.pstatic.net/main_5583964/55839643551.2.jpg', '상품 상세', 1, 0),
       ((SELECT id FROM product WHERE code = 'P55839643551' LIMIT 1),
        'https://shopping-phinf.pstatic.net/main_5583964/55839643551.3.jpg', '성분 정보', 2, 0);
INSERT INTO product_variant (product_id, variant_name, list_price, sale_price, volume, upc_code, pill_size,
                             nutrition_facts, max_qty_per_order, restock_eta)
VALUES ((SELECT id FROM product WHERE code = 'P55839643551' LIMIT 1), '2병', 129000, 127000, 2, '600000000331', '젤',
        '애플 시나몬', 6, NULL),
       ((SELECT id FROM product WHERE code = 'P55839643551' LIMIT 1), '1병', 79000, 77000, 1, '600000000332', '젤',
        '애플 시나몬', 6, NULL);
INSERT IGNORE INTO stock (product_variant_id, amount, updated_at, restocked_at)
VALUES ((SELECT id
         FROM product_variant
         WHERE variant_name = '2병'
           AND product_id = (SELECT id FROM product WHERE code = 'P55839643551' LIMIT 1)
         LIMIT 1),
        20, '2025-09-29 12:00:00', '2025-08-20 12:00:00'),
       ((SELECT id
         FROM product_variant
         WHERE variant_name = '1병'
           AND product_id = (SELECT id FROM product WHERE code = 'P55839643551' LIMIT 1)
         LIMIT 1),
        15, '2025-09-29 12:00:00', '2025-08-20 12:00:00');
INSERT INTO product_category (product_id, category_id)
VALUES ((SELECT id FROM product WHERE code = 'P55839643551' LIMIT 1),
        (SELECT id FROM category WHERE name = '바다 이끼' LIMIT 1));
INSERT IGNORE INTO product_rank (product_id, recent_sales, updated_at)
VALUES ((SELECT id FROM product WHERE code = 'P55839643551' LIMIT 1), 1890, '2025-09-29 12:00:00');


INSERT INTO product (brand_id, name, code, description, instruction, ingredients, cautions, disclaimer,
                     sale_start_date, expiration_date, max_qty_per_order, sales, avg_rating, review_count, min_price)
VALUES ((SELECT id FROM brand WHERE name = '기타'),
        'SeaMoss Gel Organic 바다이끼 젤 비건 8종 24oz',
        'P86998867999', 'SeaMoss Gel Organic 바다이끼 젤 비건 8종 24oz',
        '하루 1-2스푼을 물에 타서 섭취하세요.', '바다이끼 젤, 비건',
        '과다섭취 시 부작용이 있을 수 있습니다.', '본 제품은 질병의 예방 및 치료를 위한 의약품이 아닙니다.',
        '2025-06-14 00:00:00', 30, 6, 1890, 4.6, 280, 82700);
INSERT INTO product_img (product_id, image_url, alt_text, sort_idx, is_primary)
VALUES ((SELECT id FROM product WHERE code = 'P86998867999' LIMIT 1),
        'https://shopping-phinf.pstatic.net/main_8699886/86998867999.1.jpg', '대표 이미지', 0, 1),
       ((SELECT id FROM product WHERE code = 'P86998867999' LIMIT 1),
        'https://shopping-phinf.pstatic.net/main_8699886/86998867999.2.jpg', '상품 상세', 1, 0),
       ((SELECT id FROM product WHERE code = 'P86998867999' LIMIT 1),
        'https://shopping-phinf.pstatic.net/main_8699886/86998867999.3.jpg', '성분 정보', 2, 0);
INSERT INTO product_variant (product_id, variant_name, list_price, sale_price, volume, upc_code, pill_size,
                             nutrition_facts, max_qty_per_order, restock_eta)
VALUES ((SELECT id FROM product WHERE code = 'P86998867999' LIMIT 1), '8종세트', 82700, 80700, 8, '600000000333', '젤',
        '비건 8종', 6, NULL),
       ((SELECT id FROM product WHERE code = 'P86998867999' LIMIT 1), '4종세트', 52700, 50700, 4, '600000000334', '젤',
        '비건 4종', 6, NULL);
INSERT IGNORE INTO stock (product_variant_id, amount, updated_at, restocked_at)
VALUES ((SELECT id
         FROM product_variant
         WHERE variant_name = '8종세트'
           AND product_id = (SELECT id FROM product WHERE code = 'P86998867999' LIMIT 1)
         LIMIT 1),
        25, '2025-09-29 12:00:00', '2025-08-20 12:00:00'),
       ((SELECT id
         FROM product_variant
         WHERE variant_name = '4종세트'
           AND product_id = (SELECT id FROM product WHERE code = 'P86998867999' LIMIT 1)
         LIMIT 1),
        15, '2025-09-29 12:00:00', '2025-08-20 12:00:00');
INSERT INTO product_category (product_id, category_id)
VALUES ((SELECT id FROM product WHERE code = 'P86998867999' LIMIT 1),
        (SELECT id FROM category WHERE name = '바다 이끼' LIMIT 1));
INSERT IGNORE INTO product_rank (product_id, recent_sales, updated_at)
VALUES ((SELECT id FROM product WHERE code = 'P86998867999' LIMIT 1), 1890, '2025-09-29 12:00:00');


INSERT INTO product (brand_id, name, code, description, instruction, ingredients, cautions, disclaimer,
                     sale_start_date, expiration_date, max_qty_per_order, sales, avg_rating, review_count, min_price)
VALUES ((SELECT id FROM brand WHERE name = '기타'),
        'Sea Moss 시모스 바다이끼 아일리쉬 건조 227g 1개',
        'P45841939612', 'Sea Moss 시모스 바다이끼 아일리쉬 건조 227g 1개',
        '하루 1-2스푼을 물에 타서 섭취하세요.', '아일리쉬 씨모스, 바다이끼',
        '과다섭취 시 부작용이 있을 수 있습니다.', '본 제품은 질병의 예방 및 치료를 위한 의약품이 아닙니다.',
        '2025-06-15 00:00:00', 30, 6, 1890, 4.2, 280, 34330);
INSERT INTO product_img (product_id, image_url, alt_text, sort_idx, is_primary)
VALUES ((SELECT id FROM product WHERE code = 'P45841939612' LIMIT 1),
        'https://shopping-phinf.pstatic.net/main_4584193/45841939612.1.jpg', '대표 이미지', 0, 1),
       ((SELECT id FROM product WHERE code = 'P45841939612' LIMIT 1),
        'https://shopping-phinf.pstatic.net/main_4584193/45841939612.2.jpg', '상품 상세', 1, 0),
       ((SELECT id FROM product WHERE code = 'P45841939612' LIMIT 1),
        'https://shopping-phinf.pstatic.net/main_4584193/45841939612.3.jpg', '성분 정보', 2, 0);
INSERT INTO product_variant (product_id, variant_name, list_price, sale_price, volume, upc_code, pill_size,
                             nutrition_facts, max_qty_per_order, restock_eta)
VALUES ((SELECT id FROM product WHERE code = 'P45841939612' LIMIT 1), '227g', 34330, 32330, 227, '600000000335', '건조',
        '아일리쉬 씨모스', 6, NULL),
       ((SELECT id FROM product WHERE code = 'P45841939612' LIMIT 1), '113g', 22330, 20330, 113, '600000000336', '건조',
        '아일리쉬 씨모스', 6, NULL);
INSERT IGNORE INTO stock (product_variant_id, amount, updated_at, restocked_at)
VALUES ((SELECT id
         FROM product_variant
         WHERE variant_name = '227g'
           AND product_id = (SELECT id FROM product WHERE code = 'P45841939612' LIMIT 1)
         LIMIT 1),
        75, '2025-09-29 12:00:00', '2025-08-20 12:00:00'),
       ((SELECT id
         FROM product_variant
         WHERE variant_name = '113g'
           AND product_id = (SELECT id FROM product WHERE code = 'P45841939612' LIMIT 1)
         LIMIT 1),
        50, '2025-09-29 12:00:00', '2025-08-20 12:00:00');
INSERT INTO product_category (product_id, category_id)
VALUES ((SELECT id FROM product WHERE code = 'P45841939612' LIMIT 1),
        (SELECT id FROM category WHERE name = '바다 이끼' LIMIT 1));
INSERT IGNORE INTO product_rank (product_id, recent_sales, updated_at)
VALUES ((SELECT id FROM product WHERE code = 'P45841939612' LIMIT 1), 1890, '2025-09-29 12:00:00');


INSERT IGNORE INTO brand (name)
VALUES ('함량의꿈');
INSERT IGNORE INTO brand (name)
VALUES ('랩온랩');
INSERT IGNORE INTO brand (name)
VALUES ('보통사람들');
INSERT IGNORE INTO brand (name)
VALUES ('보통사람들 Official');
INSERT IGNORE INTO brand (name)
VALUES ('한국씨엔에스팜');
INSERT IGNORE INTO brand (name)
VALUES ('피지스랩');
INSERT IGNORE INTO brand (name)
VALUES ('닥터린 공식스토어');
INSERT IGNORE INTO brand (name)
VALUES ('라이프 덤');
INSERT IGNORE INTO brand (name)
VALUES ('뉴트리케이');
INSERT IGNORE INTO brand (name)
VALUES ('채움바이오');
INSERT IGNORE INTO brand (name)
VALUES ('서흥');
INSERT IGNORE INTO brand (name)
VALUES ('바이오디피씨');

INSERT INTO product (brand_id, name, code, description, instruction, ingredients, cautions, disclaimer,
                     sale_start_date, expiration_date, max_qty_per_order, sales, avg_rating, review_count, min_price)
VALUES ((SELECT id FROM brand WHERE name = '함량의꿈'),
        '식물성 멜라토닌 5mg 미국 메라토닌 L 트립토판 락티움 세로토닌 룰라바이',
        'P88183645042', '식물성 멜라토닌 5mg 미국 메라토닌 L 트립토판 락티움 세로토닌 룰라바이',
        '하루 1-2정을 취침 전에 섭취하세요.', '멜라토닌, 트립토판, 락티움',
        '과다섭취 시 부작용이 있을 수 있습니다.', '본 제품은 질병의 예방 및 치료를 위한 의약품이 아닙니다.',
        '2025-06-16 00:00:00', 30, 6, 1890, 4.3, 280, 19800);
INSERT INTO product_img (product_id, image_url, alt_text, sort_idx, is_primary)
VALUES ((SELECT id FROM product WHERE code = 'P88183645042' LIMIT 1),
        'https://shopping-phinf.pstatic.net/main_8818364/88183645042.1.jpg', '대표 이미지', 0, 1),
       ((SELECT id FROM product WHERE code = 'P88183645042' LIMIT 1),
        'https://shopping-phinf.pstatic.net/main_8818364/88183645042.2.jpg', '상품 상세', 1, 0),
       ((SELECT id FROM product WHERE code = 'P88183645042' LIMIT 1),
        'https://shopping-phinf.pstatic.net/main_8818364/88183645042.3.jpg', '성분 정보', 2, 0);
INSERT INTO product_variant (product_id, variant_name, list_price, sale_price, volume, upc_code, pill_size,
                             nutrition_facts, max_qty_per_order, restock_eta)
VALUES ((SELECT id FROM product WHERE code = 'P88183645042' LIMIT 1), '60정', 19800, 17800, 60, '600000000337',
        '10x10x5mm', '식물성 멜라토닌', 6, NULL),
       ((SELECT id FROM product WHERE code = 'P88183645042' LIMIT 1), '30정', 12800, 10800, 30, '600000000338',
        '10x10x5mm', '식물성 멜라토닌', 6, NULL);
INSERT IGNORE INTO stock (product_variant_id, amount, updated_at, restocked_at)
VALUES ((SELECT id
         FROM product_variant
         WHERE variant_name = '60정'
           AND product_id = (SELECT id FROM product WHERE code = 'P88183645042' LIMIT 1)
         LIMIT 1),
        80, '2025-09-29 12:00:00', '2025-08-20 12:00:00'),
       ((SELECT id
         FROM product_variant
         WHERE variant_name = '30정'
           AND product_id = (SELECT id FROM product WHERE code = 'P88183645042' LIMIT 1)
         LIMIT 1),
        55, '2025-09-29 12:00:00', '2025-08-20 12:00:00');
INSERT INTO product_category (product_id, category_id)
VALUES ((SELECT id FROM product WHERE code = 'P88183645042' LIMIT 1),
        (SELECT id FROM category WHERE name = '멜라토닌' LIMIT 1));
INSERT IGNORE INTO product_rank (product_id, recent_sales, updated_at)
VALUES ((SELECT id FROM product WHERE code = 'P88183645042' LIMIT 1), 1890, '2025-09-29 12:00:00');


INSERT INTO product (brand_id, name, code, description, instruction, ingredients, cautions, disclaimer,
                     sale_start_date, expiration_date, max_qty_per_order, sales, avg_rating, review_count, min_price)
VALUES ((SELECT id FROM brand WHERE name = '랩온랩'),
        '제이에스바이오 랩온랩 식물성 멜라토닌 함유 멜라가바닌 멜라토닌 5mg 600mg x 30정, 1개',
        'P56261203047', '제이에스바이오 랩온랩 식물성 멜라토닌 함유 멜라가바닌 멜라토닌 5mg 600mg x 30정, 1개',
        '하루 1-2정을 취침 전에 섭취하세요.', '멜라토닌, 멜라가바닌',
        '과다섭취 시 부작용이 있을 수 있습니다.', '본 제품은 질병의 예방 및 치료를 위한 의약품이 아닙니다.',
        '2025-06-17 00:00:00', 30, 6, 1890, 4.2, 280, 19800);
INSERT INTO product_img (product_id, image_url, alt_text, sort_idx, is_primary)
VALUES ((SELECT id FROM product WHERE code = 'P56261203047' LIMIT 1),
        'https://shopping-phinf.pstatic.net/main_5626120/56261203047.1.jpg', '대표 이미지', 0, 1),
       ((SELECT id FROM product WHERE code = 'P56261203047' LIMIT 1),
        'https://shopping-phinf.pstatic.net/main_5626120/56261203047.2.jpg', '상품 상세', 1, 0),
       ((SELECT id FROM product WHERE code = 'P56261203047' LIMIT 1),
        'https://shopping-phinf.pstatic.net/main_5626120/56261203047.3.jpg', '성분 정보', 2, 0);
INSERT INTO product_variant (product_id, variant_name, list_price, sale_price, volume, upc_code, pill_size,
                             nutrition_facts, max_qty_per_order, restock_eta)
VALUES ((SELECT id FROM product WHERE code = 'P56261203047' LIMIT 1), '30정', 19800, 17800, 30, '600000000339',
        '10x10x5mm', '멜라가바닌', 6, NULL),
       ((SELECT id FROM product WHERE code = 'P56261203047' LIMIT 1), '15정', 12800, 10800, 15, '600000000340',
        '10x10x5mm', '멜라가바닌', 6, NULL);
INSERT IGNORE INTO stock (product_variant_id, amount, updated_at, restocked_at)
VALUES ((SELECT id
         FROM product_variant
         WHERE variant_name = '30정'
           AND product_id = (SELECT id FROM product WHERE code = 'P56261203047' LIMIT 1)
         LIMIT 1),
        90, '2025-09-29 12:00:00', '2025-08-20 12:00:00'),
       ((SELECT id
         FROM product_variant
         WHERE variant_name = '15정'
           AND product_id = (SELECT id FROM product WHERE code = 'P56261203047' LIMIT 1)
         LIMIT 1),
        60, '2025-09-29 12:00:00', '2025-08-20 12:00:00');
INSERT INTO product_category (product_id, category_id)
VALUES ((SELECT id FROM product WHERE code = 'P56261203047' LIMIT 1),
        (SELECT id FROM category WHERE name = '멜라토닌' LIMIT 1));
INSERT IGNORE INTO product_rank (product_id, recent_sales, updated_at)
VALUES ((SELECT id FROM product WHERE code = 'P56261203047' LIMIT 1), 1890, '2025-09-29 12:00:00');


INSERT INTO product (brand_id, name, code, description, instruction, ingredients, cautions, disclaimer,
                     sale_start_date, expiration_date, max_qty_per_order, sales, avg_rating, review_count, min_price)
VALUES ((SELECT id FROM brand WHERE name = '보통사람들'),
        '[2개월분] 보통사람들 식물성 멜라토닌 5mg 60정 미국 트립토판 락티움 메라토닌',
        'P88909953523', '[2개월분] 보통사람들 식물성 멜라토닌 5mg 60정 미국 트립토판 락티움 메라토닌',
        '하루 1-2정을 취침 전에 섭취하세요.', '멜라토닌, 트립토판, 락티움',
        '과다섭취 시 부작용이 있을 수 있습니다.', '본 제품은 질병의 예방 및 치료를 위한 의약품이 아닙니다.',
        '2025-06-18 00:00:00', 30, 6, 1890, 4.4, 280, 36900);
INSERT INTO product_img (product_id, image_url, alt_text, sort_idx, is_primary)
VALUES ((SELECT id FROM product WHERE code = 'P88909953523' LIMIT 1),
        'https://shopping-phinf.pstatic.net/main_8890995/88909953523.1.jpg', '대표 이미지', 0, 1),
       ((SELECT id FROM product WHERE code = 'P88909953523' LIMIT 1),
        'https://shopping-phinf.pstatic.net/main_8890995/88909953523.2.jpg', '상품 상세', 1, 0),
       ((SELECT id FROM product WHERE code = 'P88909953523' LIMIT 1),
        'https://shopping-phinf.pstatic.net/main_8890995/88909953523.3.jpg', '성분 정보', 2, 0);
INSERT INTO product_variant (product_id, variant_name, list_price, sale_price, volume, upc_code, pill_size,
                             nutrition_facts, max_qty_per_order, restock_eta)
VALUES ((SELECT id FROM product WHERE code = 'P88909953523' LIMIT 1), '60정', 36900, 34900, 60, '600000000341',
        '10x10x5mm', '보통사람들 멜라토닌', 6, NULL),
       ((SELECT id FROM product WHERE code = 'P88909953523' LIMIT 1), '30정', 22900, 20900, 30, '600000000342',
        '10x10x5mm', '보통사람들 멜라토닌', 6, NULL);
INSERT IGNORE INTO stock (product_variant_id, amount, updated_at, restocked_at)
VALUES ((SELECT id
         FROM product_variant
         WHERE variant_name = '60정'
           AND product_id = (SELECT id FROM product WHERE code = 'P88909953523' LIMIT 1)
         LIMIT 1),
        70, '2025-09-29 12:00:00', '2025-08-20 12:00:00'),
       ((SELECT id
         FROM product_variant
         WHERE variant_name = '30정'
           AND product_id = (SELECT id FROM product WHERE code = 'P88909953523' LIMIT 1)
         LIMIT 1),
        45, '2025-09-29 12:00:00', '2025-08-20 12:00:00');
INSERT INTO product_category (product_id, category_id)
VALUES ((SELECT id FROM product WHERE code = 'P88909953523' LIMIT 1),
        (SELECT id FROM category WHERE name = '멜라토닌' LIMIT 1));
INSERT IGNORE INTO product_rank (product_id, recent_sales, updated_at)
VALUES ((SELECT id FROM product WHERE code = 'P88909953523' LIMIT 1), 1890, '2025-09-29 12:00:00');


INSERT INTO product (brand_id, name, code, description, instruction, ingredients, cautions, disclaimer,
                     sale_start_date, expiration_date, max_qty_per_order, sales, avg_rating, review_count, min_price)
VALUES ((SELECT id FROM brand WHERE name = '락티브'),
        '한국씨엔에스팜 락티브 식물성 멜라토닌 함유 멜라드림 400mg x 60정, 3개',
        'P56261735001', '한국씨엔에스팜 락티브 식물성 멜라토닌 함유 멜라드림 400mg x 60정, 3개',
        '하루 1-2정을 취침 전에 섭취하세요.', '멜라토닌, 멜라드림',
        '과다섭취 시 부작용이 있을 수 있습니다.', '본 제품은 질병의 예방 및 치료를 위한 의약품이 아닙니다.',
        '2025-06-19 00:00:00', 30, 6, 1890, 4.5, 280, 39710);
INSERT INTO product_img (product_id, image_url, alt_text, sort_idx, is_primary)
VALUES ((SELECT id FROM product WHERE code = 'P56261735001' LIMIT 1),
        'https://shopping-phinf.pstatic.net/main_5626173/56261735001.1.jpg', '대표 이미지', 0, 1),
       ((SELECT id FROM product WHERE code = 'P56261735001' LIMIT 1),
        'https://shopping-phinf.pstatic.net/main_5626173/56261735001.2.jpg', '상품 상세', 1, 0),
       ((SELECT id FROM product WHERE code = 'P56261735001' LIMIT 1),
        'https://shopping-phinf.pstatic.net/main_5626173/56261735001.3.jpg', '성분 정보', 2, 0);
INSERT INTO product_variant (product_id, variant_name, list_price, sale_price, volume, upc_code, pill_size,
                             nutrition_facts, max_qty_per_order, restock_eta)
VALUES ((SELECT id FROM product WHERE code = 'P56261735001' LIMIT 1), '3개', 39710, 37710, 3, '600000000343',
        '10x10x5mm', '멜라드림', 6, NULL),
       ((SELECT id FROM product WHERE code = 'P56261735001' LIMIT 1), '1개', 15710, 13710, 1, '600000000344',
        '10x10x5mm', '멜라드림', 6, NULL);
INSERT IGNORE INTO stock (product_variant_id, amount, updated_at, restocked_at)
VALUES ((SELECT id
         FROM product_variant
         WHERE variant_name = '3개'
           AND product_id = (SELECT id FROM product WHERE code = 'P56261735001' LIMIT 1)
         LIMIT 1),
        50, '2025-09-29 12:00:00', '2025-08-20 12:00:00'),
       ((SELECT id
         FROM product_variant
         WHERE variant_name = '1개'
           AND product_id = (SELECT id FROM product WHERE code = 'P56261735001' LIMIT 1)
         LIMIT 1),
        30, '2025-09-29 12:00:00', '2025-08-20 12:00:00');
INSERT INTO product_category (product_id, category_id)
VALUES ((SELECT id FROM product WHERE code = 'P56261735001' LIMIT 1),
        (SELECT id FROM category WHERE name = '멜라토닌' LIMIT 1));
INSERT IGNORE INTO product_rank (product_id, recent_sales, updated_at)
VALUES ((SELECT id FROM product WHERE code = 'P56261735001' LIMIT 1), 1890, '2025-09-29 12:00:00');


INSERT INTO product (brand_id, name, code, description, instruction, ingredients, cautions, disclaimer,
                     sale_start_date, expiration_date, max_qty_per_order, sales, avg_rating, review_count, min_price)
VALUES ((SELECT id FROM brand WHERE name = '피지스랩'),
        '피지스랩 트루멜라 2중배합 멜라토닌 함유 2mg 1세트',
        'P88513734501', '피지스랩 트루멜라 2중배합 멜라토닌 함유 2mg 1세트',
        '하루 1-2정을 취침 전에 섭취하세요.', '멜라토닌, 2중배합',
        '과다섭취 시 부작용이 있을 수 있습니다.', '본 제품은 질병의 예방 및 치료를 위한 의약품이 아닙니다.',
        '2025-06-20 00:00:00', 30, 6, 1890, 4.1, 280, 33900);
INSERT INTO product_img (product_id, image_url, alt_text, sort_idx, is_primary)
VALUES ((SELECT id FROM product WHERE code = 'P88513734501' LIMIT 1),
        'https://shopping-phinf.pstatic.net/main_8851373/88513734501.1.jpg', '대표 이미지', 0, 1),
       ((SELECT id FROM product WHERE code = 'P88513734501' LIMIT 1),
        'https://shopping-phinf.pstatic.net/main_8851373/88513734501.2.jpg', '상품 상세', 1, 0),
       ((SELECT id FROM product WHERE code = 'P88513734501' LIMIT 1),
        'https://shopping-phinf.pstatic.net/main_8851373/88513734501.3.jpg', '성분 정보', 2, 0);
INSERT INTO product_variant (product_id, variant_name, list_price, sale_price, volume, upc_code, pill_size,
                             nutrition_facts, max_qty_per_order, restock_eta)
VALUES ((SELECT id FROM product WHERE code = 'P88513734501' LIMIT 1), '1세트', 33900, 31900, 1, '600000000345',
        '10x10x5mm', '트루멜라 2중배합', 6, NULL),
       ((SELECT id FROM product WHERE code = 'P88513734501' LIMIT 1), '2세트', 63900, 61900, 2, '600000000346',
        '10x10x5mm', '트루멜라 2중배합', 6, NULL);
INSERT IGNORE INTO stock (product_variant_id, amount, updated_at, restocked_at)
VALUES ((SELECT id
         FROM product_variant
         WHERE variant_name = '1세트'
           AND product_id = (SELECT id FROM product WHERE code = 'P88513734501' LIMIT 1)
         LIMIT 1),
        60, '2025-09-29 12:00:00', '2025-08-20 12:00:00'),
       ((SELECT id
         FROM product_variant
         WHERE variant_name = '2세트'
           AND product_id = (SELECT id FROM product WHERE code = 'P88513734501' LIMIT 1)
         LIMIT 1),
        40, '2025-09-29 12:00:00', '2025-08-20 12:00:00');
INSERT INTO product_category (product_id, category_id)
VALUES ((SELECT id FROM product WHERE code = 'P88513734501' LIMIT 1),
        (SELECT id FROM category WHERE name = '멜라토닌' LIMIT 1));
INSERT IGNORE INTO product_rank (product_id, recent_sales, updated_at)
VALUES ((SELECT id FROM product WHERE code = 'P88513734501' LIMIT 1), 1890, '2025-09-29 12:00:00');


INSERT INTO product (brand_id, name, code, description, instruction, ingredients, cautions, disclaimer,
                     sale_start_date, expiration_date, max_qty_per_order, sales, avg_rating, review_count, min_price)
VALUES ((SELECT id FROM brand WHERE name = '닥터린'),
        '닥터린 송중기 식물성 멜라토닌 함유 1mg 함유 멜라바인 소마토',
        'P88248585155', '닥터린 송중기 식물성 멜라토닌 함유 1mg 함유 멜라바인 소마토',
        '하루 1-2정을 취침 전에 섭취하세요.', '멜라토닌, 멜라바인',
        '과다섭취 시 부작용이 있을 수 있습니다.', '본 제품은 질병의 예방 및 치료를 위한 의약품이 아닙니다.',
        '2025-06-21 00:00:00', 30, 6, 1890, 4.6, 280, 12000);
INSERT INTO product_img (product_id, image_url, alt_text, sort_idx, is_primary)
VALUES ((SELECT id FROM product WHERE code = 'P88248585155' LIMIT 1),
        'https://shopping-phinf.pstatic.net/main_8824858/88248585155.1.jpg', '대표 이미지', 0, 1),
       ((SELECT id FROM product WHERE code = 'P88248585155' LIMIT 1),
        'https://shopping-phinf.pstatic.net/main_8824858/88248585155.2.jpg', '상품 상세', 1, 0),
       ((SELECT id FROM product WHERE code = 'P88248585155' LIMIT 1),
        'https://shopping-phinf.pstatic.net/main_8824858/88248585155.3.jpg', '성분 정보', 2, 0);
INSERT INTO product_variant (product_id, variant_name, list_price, sale_price, volume, upc_code, pill_size,
                             nutrition_facts, max_qty_per_order, restock_eta)
VALUES ((SELECT id FROM product WHERE code = 'P88248585155' LIMIT 1), '30정', 12000, 10000, 30, '600000000347',
        '10x10x5mm', '멜라바인 소마토', 6, NULL),
       ((SELECT id FROM product WHERE code = 'P88248585155' LIMIT 1), '15정', 8000, 6000, 15, '600000000348',
        '10x10x5mm', '멜라바인 소마토', 6, NULL);
INSERT IGNORE INTO stock (product_variant_id, amount, updated_at, restocked_at)
VALUES ((SELECT id
         FROM product_variant
         WHERE variant_name = '30정'
           AND product_id = (SELECT id FROM product WHERE code = 'P88248585155' LIMIT 1)
         LIMIT 1),
        120, '2025-09-29 12:00:00', '2025-08-20 12:00:00'),
       ((SELECT id
         FROM product_variant
         WHERE variant_name = '15정'
           AND product_id = (SELECT id FROM product WHERE code = 'P88248585155' LIMIT 1)
         LIMIT 1),
        80, '2025-09-29 12:00:00', '2025-08-20 12:00:00');
INSERT INTO product_category (product_id, category_id)
VALUES ((SELECT id FROM product WHERE code = 'P88248585155' LIMIT 1),
        (SELECT id FROM category WHERE name = '멜라토닌' LIMIT 1));
INSERT IGNORE INTO product_rank (product_id, recent_sales, updated_at)
VALUES ((SELECT id FROM product WHERE code = 'P88248585155' LIMIT 1), 1890, '2025-09-29 12:00:00');


INSERT INTO product (brand_id, name, code, description, instruction, ingredients, cautions, disclaimer,
                     sale_start_date, expiration_date, max_qty_per_order, sales, avg_rating, review_count, min_price)
VALUES ((SELECT id FROM brand WHERE name = '라이프 덤'),
        '식물성 멜라토닌 고함량 5mg 테아닌 가바 락티움 트립토판 함유',
        'P88680097859', '식물성 멜라토닌 고함량 5mg 테아닌 가바 락티움 트립토판 함유',
        '하루 1-2정을 취침 전에 섭취하세요.', '멜라토닌, 테아닌, 가바',
        '과다섭취 시 부작용이 있을 수 있습니다.', '본 제품은 질병의 예방 및 치료를 위한 의약품이 아닙니다.',
        '2025-06-22 00:00:00', 30, 6, 1890, 4.2, 280, 17500);
INSERT INTO product_img (product_id, image_url, alt_text, sort_idx, is_primary)
VALUES ((SELECT id FROM product WHERE code = 'P88680097859' LIMIT 1),
        'https://shopping-phinf.pstatic.net/main_8868009/88680097859.1.jpg', '대표 이미지', 0, 1),
       ((SELECT id FROM product WHERE code = 'P88680097859' LIMIT 1),
        'https://shopping-phinf.pstatic.net/main_8868009/88680097859.2.jpg', '상품 상세', 1, 0),
       ((SELECT id FROM product WHERE code = 'P88680097859' LIMIT 1),
        'https://shopping-phinf.pstatic.net/main_8868009/88680097859.3.jpg', '성분 정보', 2, 0);
INSERT INTO product_variant (product_id, variant_name, list_price, sale_price, volume, upc_code, pill_size,
                             nutrition_facts, max_qty_per_order, restock_eta)
VALUES ((SELECT id FROM product WHERE code = 'P88680097859' LIMIT 1), '60정', 17500, 15500, 60, '600000000349',
        '10x10x5mm', '고함량 멜라토닌', 6, NULL),
       ((SELECT id FROM product WHERE code = 'P88680097859' LIMIT 1), '30정', 11500, 9500, 30, '600000000350',
        '10x10x5mm', '고함량 멜라토닌', 6, NULL);
INSERT IGNORE INTO stock (product_variant_id, amount, updated_at, restocked_at)
VALUES ((SELECT id
         FROM product_variant
         WHERE variant_name = '60정'
           AND product_id = (SELECT id FROM product WHERE code = 'P88680097859' LIMIT 1)
         LIMIT 1),
        85, '2025-09-29 12:00:00', '2025-08-20 12:00:00'),
       ((SELECT id
         FROM product_variant
         WHERE variant_name = '30정'
           AND product_id = (SELECT id FROM product WHERE code = 'P88680097859' LIMIT 1)
         LIMIT 1),
        55, '2025-09-29 12:00:00', '2025-08-20 12:00:00');
INSERT INTO product_category (product_id, category_id)
VALUES ((SELECT id FROM product WHERE code = 'P88680097859' LIMIT 1),
        (SELECT id FROM category WHERE name = '멜라토닌' LIMIT 1));
INSERT IGNORE INTO product_rank (product_id, recent_sales, updated_at)
VALUES ((SELECT id FROM product WHERE code = 'P88680097859' LIMIT 1), 1890, '2025-09-29 12:00:00');


INSERT INTO product (brand_id, name, code, description, instruction, ingredients, cautions, disclaimer,
                     sale_start_date, expiration_date, max_qty_per_order, sales, avg_rating, review_count, min_price)
VALUES ((SELECT id FROM brand WHERE name = '뉴트리케이'),
        '채움바이오 뉴트리케이 식물성 멜라토닌 500mg x 60정, 1개',
        'P56260918636', '채움바이오 뉴트리케이 식물성 멜라토닌 500mg x 60정, 1개',
        '하루 1-2정을 취침 전에 섭취하세요.', '멜라토닌, 식물성',
        '과다섭취 시 부작용이 있을 수 있습니다.', '본 제품은 질병의 예방 및 치료를 위한 의약품이 아닙니다.',
        '2025-06-23 00:00:00', 30, 6, 1890, 4.1, 280, 18800);
INSERT INTO product_img (product_id, image_url, alt_text, sort_idx, is_primary)
VALUES ((SELECT id FROM product WHERE code = 'P56260918636' LIMIT 1),
        'https://shopping-phinf.pstatic.net/main_5626091/56260918636.1.jpg', '대표 이미지', 0, 1),
       ((SELECT id FROM product WHERE code = 'P56260918636' LIMIT 1),
        'https://shopping-phinf.pstatic.net/main_5626091/56260918636.2.jpg', '상품 상세', 1, 0),
       ((SELECT id FROM product WHERE code = 'P56260918636' LIMIT 1),
        'https://shopping-phinf.pstatic.net/main_5626091/56260918636.3.jpg', '성분 정보', 2, 0);
INSERT INTO product_variant (product_id, variant_name, list_price, sale_price, volume, upc_code, pill_size,
                             nutrition_facts, max_qty_per_order, restock_eta)
VALUES ((SELECT id FROM product WHERE code = 'P56260918636' LIMIT 1), '60정', 18800, 16800, 60, '600000000351',
        '10x10x5mm', '뉴트리케이 멜라토닌', 6, NULL),
       ((SELECT id FROM product WHERE code = 'P56260918636' LIMIT 1), '30정', 12800, 10800, 30, '600000000352',
        '10x10x5mm', '뉴트리케이 멜라토닌', 6, NULL);
INSERT IGNORE INTO stock (product_variant_id, amount, updated_at, restocked_at)
VALUES ((SELECT id
         FROM product_variant
         WHERE variant_name = '60정'
           AND product_id = (SELECT id FROM product WHERE code = 'P56260918636' LIMIT 1)
         LIMIT 1),
        95, '2025-09-29 12:00:00', '2025-08-20 12:00:00'),
       ((SELECT id
         FROM product_variant
         WHERE variant_name = '30정'
           AND product_id = (SELECT id FROM product WHERE code = 'P56260918636' LIMIT 1)
         LIMIT 1),
        65, '2025-09-29 12:00:00', '2025-08-20 12:00:00');
INSERT INTO product_category (product_id, category_id)
VALUES ((SELECT id FROM product WHERE code = 'P56260918636' LIMIT 1),
        (SELECT id FROM category WHERE name = '멜라토닌' LIMIT 1));
INSERT IGNORE INTO product_rank (product_id, recent_sales, updated_at)
VALUES ((SELECT id FROM product WHERE code = 'P56260918636' LIMIT 1), 1890, '2025-09-29 12:00:00');


INSERT INTO product (brand_id, name, code, description, instruction, ingredients, cautions, disclaimer,
                     sale_start_date, expiration_date, max_qty_per_order, sales, avg_rating, review_count, min_price)
VALUES ((SELECT id FROM brand WHERE name = '닥터린'),
        '서흥 닥터린 식물성 멜라토닌 함유 멜라바인 400mg x 30정, 1개',
        'P56262672880', '서흥 닥터린 식물성 멜라토닌 함유 멜라바인 400mg x 30정, 1개',
        '하루 1-2정을 취침 전에 섭취하세요.', '멜라토닌, 멜라바인',
        '과다섭취 시 부작용이 있을 수 있습니다.', '본 제품은 질병의 예방 및 치료를 위한 의약품이 아닙니다.',
        '2025-06-24 00:00:00', 30, 6, 1890, 4.3, 280, 13390);
INSERT INTO product_img (product_id, image_url, alt_text, sort_idx, is_primary)
VALUES ((SELECT id FROM product WHERE code = 'P56262672880' LIMIT 1),
        'https://shopping-phinf.pstatic.net/main_5626267/56262672880.1.jpg', '대표 이미지', 0, 1),
       ((SELECT id FROM product WHERE code = 'P56262672880' LIMIT 1),
        'https://shopping-phinf.pstatic.net/main_5626267/56262672880.2.jpg', '상품 상세', 1, 0),
       ((SELECT id FROM product WHERE code = 'P56262672880' LIMIT 1),
        'https://shopping-phinf.pstatic.net/main_5626267/56262672880.3.jpg', '성분 정보', 2, 0);
INSERT INTO product_variant (product_id, variant_name, list_price, sale_price, volume, upc_code, pill_size,
                             nutrition_facts, max_qty_per_order, restock_eta)
VALUES ((SELECT id FROM product WHERE code = 'P56262672880' LIMIT 1), '30정', 13390, 11390, 30, '600000000353',
        '10x10x5mm', '멜라바인', 6, NULL),
       ((SELECT id FROM product WHERE code = 'P56262672880' LIMIT 1), '15정', 9390, 7390, 15, '600000000354',
        '10x10x5mm', '멜라바인', 6, NULL);
INSERT IGNORE INTO stock (product_variant_id, amount, updated_at, restocked_at)
VALUES ((SELECT id
         FROM product_variant
         WHERE variant_name = '30정'
           AND product_id = (SELECT id FROM product WHERE code = 'P56262672880' LIMIT 1)
         LIMIT 1),
        100, '2025-09-29 12:00:00', '2025-08-20 12:00:00'),
       ((SELECT id
         FROM product_variant
         WHERE variant_name = '15정'
           AND product_id = (SELECT id FROM product WHERE code = 'P56262672880' LIMIT 1)
         LIMIT 1),
        70, '2025-09-29 12:00:00', '2025-08-20 12:00:00');
INSERT INTO product_category (product_id, category_id)
VALUES ((SELECT id FROM product WHERE code = 'P56262672880' LIMIT 1),
        (SELECT id FROM category WHERE name = '멜라토닌' LIMIT 1));
INSERT IGNORE INTO product_rank (product_id, recent_sales, updated_at)
VALUES ((SELECT id FROM product WHERE code = 'P56262672880' LIMIT 1), 1890, '2025-09-29 12:00:00');


INSERT INTO product (brand_id, name, code, description, instruction, ingredients, cautions, disclaimer,
                     sale_start_date, expiration_date, max_qty_per_order, sales, avg_rating, review_count, min_price)
VALUES ((SELECT id FROM brand WHERE name = '닥터가'),
        '바이오디피씨 닥터가 스륵앤 600mg x 30정, 1개',
        'P56773822739', '바이오디피씨 닥터가 스륵앤 600mg x 30정, 1개',
        '하루 1-2정을 취침 전에 섭취하세요.', '멜라토닌, 스륵앤',
        '과다섭취 시 부작용이 있을 수 있습니다.', '본 제품은 질병의 예방 및 치료를 위한 의약품이 아닙니다.',
        '2025-06-25 00:00:00', 30, 6, 1890, 4.0, 280, 14150);
INSERT INTO product_img (product_id, image_url, alt_text, sort_idx, is_primary)
VALUES ((SELECT id FROM product WHERE code = 'P56773822739' LIMIT 1),
        'https://shopping-phinf.pstatic.net/main_5677382/56773822739.1.jpg', '대표 이미지', 0, 1),
       ((SELECT id FROM product WHERE code = 'P56773822739' LIMIT 1),
        'https://shopping-phinf.pstatic.net/main_5677382/56773822739.2.jpg', '상품 상세', 1, 0),
       ((SELECT id FROM product WHERE code = 'P56773822739' LIMIT 1),
        'https://shopping-phinf.pstatic.net/main_5677382/56773822739.3.jpg', '성분 정보', 2, 0);
INSERT INTO product_variant (product_id, variant_name, list_price, sale_price, volume, upc_code, pill_size,
                             nutrition_facts, max_qty_per_order, restock_eta)
VALUES ((SELECT id FROM product WHERE code = 'P56773822739' LIMIT 1), '30정', 14150, 12150, 30, '600000000355',
        '10x10x5mm', '닥터가 스륵앤', 6, NULL),
       ((SELECT id FROM product WHERE code = 'P56773822739' LIMIT 1), '15정', 9150, 7150, 15, '600000000356',
        '10x10x5mm', '닥터가 스륵앤', 6, NULL);
INSERT IGNORE INTO stock (product_variant_id, amount, updated_at, restocked_at)
VALUES ((SELECT id
         FROM product_variant
         WHERE variant_name = '30정'
           AND product_id = (SELECT id FROM product WHERE code = 'P56773822739' LIMIT 1)
         LIMIT 1),
        110, '2025-09-29 12:00:00', '2025-08-20 12:00:00'),
       ((SELECT id
         FROM product_variant
         WHERE variant_name = '15정'
           AND product_id = (SELECT id FROM product WHERE code = 'P56773822739' LIMIT 1)
         LIMIT 1),
        75, '2025-09-29 12:00:00', '2025-08-20 12:00:00');
INSERT INTO product_category (product_id, category_id)
VALUES ((SELECT id FROM product WHERE code = 'P56773822739' LIMIT 1),
        (SELECT id FROM category WHERE name = '멜라토닌' LIMIT 1));
INSERT IGNORE INTO product_rank (product_id, recent_sales, updated_at)
VALUES ((SELECT id FROM product WHERE code = 'P56773822739' LIMIT 1), 1890, '2025-09-29 12:00:00');


INSERT IGNORE INTO brand (name)
VALUES ('닥터린');
INSERT IGNORE INTO brand (name)
VALUES ('닥터뉴트리');
INSERT IGNORE INTO brand (name)
VALUES ('소스내추럴스');
INSERT IGNORE INTO brand (name)
VALUES ('트롬');
INSERT IGNORE INTO brand (name)
VALUES ('에밀리오푸치');

INSERT INTO product (brand_id, name, code, description, instruction, ingredients, cautions, disclaimer,
                     sale_start_date, expiration_date, max_qty_per_order, sales, avg_rating, review_count, min_price)
VALUES ((SELECT id FROM brand WHERE name = '닥터린'),
        '닥터린 식물성 멜라토닌 2mg 함유 멜라바인 30정 1박스 1개월분',
        'P87742875354', '닥터린 식물성 멜라토닌 2mg 함유 멜라바인 30정 1박스 1개월분',
        '하루 1-2정을 취침 전에 섭취하세요.', '멜라토닌, 멜라바인',
        '과다섭취 시 부작용이 있을 수 있습니다.', '본 제품은 질병의 예방 및 치료를 위한 의약품이 아닙니다.',
        '2025-06-26 00:00:00', 30, 6, 1890, 4.1, 280, 12200);
INSERT INTO product_img (product_id, image_url, alt_text, sort_idx, is_primary)
VALUES ((SELECT id FROM product WHERE code = 'P87742875354' LIMIT 1),
        'https://shopping-phinf.pstatic.net/main_8774287/87742875354.1.jpg', '대표 이미지', 0, 1),
       ((SELECT id FROM product WHERE code = 'P87742875354' LIMIT 1),
        'https://shopping-phinf.pstatic.net/main_8774287/87742875354.2.jpg', '상품 상세', 1, 0),
       ((SELECT id FROM product WHERE code = 'P87742875354' LIMIT 1),
        'https://shopping-phinf.pstatic.net/main_8774287/87742875354.3.jpg', '성분 정보', 2, 0);
INSERT INTO product_variant (product_id, variant_name, list_price, sale_price, volume, upc_code, pill_size,
                             nutrition_facts, max_qty_per_order, restock_eta)
VALUES ((SELECT id FROM product WHERE code = 'P87742875354' LIMIT 1), '30정', 12200, 10200, 30, '600000000357',
        '10x10x5mm', '멜라바인', 6, NULL),
       ((SELECT id FROM product WHERE code = 'P87742875354' LIMIT 1), '15정', 8200, 6200, 15, '600000000358',
        '10x10x5mm', '멜라바인', 6, NULL);
INSERT IGNORE INTO stock (product_variant_id, amount, updated_at, restocked_at)
VALUES ((SELECT id
         FROM product_variant
         WHERE variant_name = '30정'
           AND product_id = (SELECT id FROM product WHERE code = 'P87742875354' LIMIT 1)
         LIMIT 1),
        85, '2025-09-29 12:00:00', '2025-08-20 12:00:00'),
       ((SELECT id
         FROM product_variant
         WHERE variant_name = '15정'
           AND product_id = (SELECT id FROM product WHERE code = 'P87742875354' LIMIT 1)
         LIMIT 1),
        55, '2025-09-29 12:00:00', '2025-08-20 12:00:00');
INSERT INTO product_category (product_id, category_id)
VALUES ((SELECT id FROM product WHERE code = 'P87742875354' LIMIT 1),
        (SELECT id FROM category WHERE name = '멜라토닌' LIMIT 1));
INSERT IGNORE INTO product_rank (product_id, recent_sales, updated_at)
VALUES ((SELECT id FROM product WHERE code = 'P87742875354' LIMIT 1), 1890, '2025-09-29 12:00:00');


INSERT INTO product (brand_id, name, code, description, instruction, ingredients, cautions, disclaimer,
                     sale_start_date, expiration_date, max_qty_per_order, sales, avg_rating, review_count, min_price)
VALUES ((SELECT id FROM brand WHERE name = '닥터뉴트리'),
        '닥터뉴트리 식물성 멜라토닌 함유 멜라메이트 구미 3g x 40구미, 2개',
        'P56261289985', '닥터뉴트리 식물성 멜라토닌 함유 멜라메이트 구미 3g x 40구미, 2개',
        '하루 1-2개를 취침 전에 섭취하세요.', '멜라토닌, 구미',
        '과다섭취 시 부작용이 있을 수 있습니다.', '본 제품은 질병의 예방 및 치료를 위한 의약품이 아닙니다.',
        '2025-06-27 00:00:00', 30, 6, 1890, 4.5, 280, 31850);
INSERT INTO product_img (product_id, image_url, alt_text, sort_idx, is_primary)
VALUES ((SELECT id FROM product WHERE code = 'P56261289985' LIMIT 1),
        'https://shopping-phinf.pstatic.net/main_5626128/56261289985.1.jpg', '대표 이미지', 0, 1),
       ((SELECT id FROM product WHERE code = 'P56261289985' LIMIT 1),
        'https://shopping-phinf.pstatic.net/main_5626128/56261289985.2.jpg', '상품 상세', 1, 0),
       ((SELECT id FROM product WHERE code = 'P56261289985' LIMIT 1),
        'https://shopping-phinf.pstatic.net/main_5626128/56261289985.3.jpg', '성분 정보', 2, 0);
INSERT INTO product_variant (product_id, variant_name, list_price, sale_price, volume, upc_code, pill_size,
                             nutrition_facts, max_qty_per_order, restock_eta)
VALUES ((SELECT id FROM product WHERE code = 'P56261289985' LIMIT 1), '2개', 31850, 29850, 2, '600000000359',
        '10x10x5mm', '멜라메이트 구미', 6, NULL),
       ((SELECT id FROM product WHERE code = 'P56261289985' LIMIT 1), '1개', 16850, 14850, 1, '600000000360',
        '10x10x5mm', '멜라메이트 구미', 6, NULL);
INSERT IGNORE INTO stock (product_variant_id, amount, updated_at, restocked_at)
VALUES ((SELECT id
         FROM product_variant
         WHERE variant_name = '2개'
           AND product_id = (SELECT id FROM product WHERE code = 'P56261289985' LIMIT 1)
         LIMIT 1),
        60, '2025-09-29 12:00:00', '2025-08-20 12:00:00'),
       ((SELECT id
         FROM product_variant
         WHERE variant_name = '1개'
           AND product_id = (SELECT id FROM product WHERE code = 'P56261289985' LIMIT 1)
         LIMIT 1),
        40, '2025-09-29 12:00:00', '2025-08-20 12:00:00');
INSERT INTO product_category (product_id, category_id)
VALUES ((SELECT id FROM product WHERE code = 'P56261289985' LIMIT 1),
        (SELECT id FROM category WHERE name = '멜라토닌' LIMIT 1));
INSERT IGNORE INTO product_rank (product_id, recent_sales, updated_at)
VALUES ((SELECT id FROM product WHERE code = 'P56261289985' LIMIT 1), 1890, '2025-09-29 12:00:00');


INSERT INTO product (brand_id, name, code, description, instruction, ingredients, cautions, disclaimer,
                     sale_start_date, expiration_date, max_qty_per_order, sales, avg_rating, review_count, min_price)
VALUES ((SELECT id FROM brand WHERE name = '닥터뉴트리'),
        '제이에스바이오 도쿄메타 굿나잇 식물성 멜라토닌 5mg 600mg x 60정, 1개',
        'P56604588275', '제이에스바이오 도쿄메타 굿나잇 식물성 멜라토닌 5mg 600mg x 60정, 1개',
        '하루 1-2정을 취침 전에 섭취하세요.', '멜라토닌, 도쿄메타',
        '과다섭취 시 부작용이 있을 수 있습니다.', '본 제품은 질병의 예방 및 치료를 위한 의약품이 아닙니다.',
        '2025-06-28 00:00:00', 30, 6, 1890, 4.2, 280, 19800);
INSERT INTO product_img (product_id, image_url, alt_text, sort_idx, is_primary)
VALUES ((SELECT id FROM product WHERE code = 'P56604588275' LIMIT 1),
        'https://shopping-phinf.pstatic.net/main_5660458/56604588275.1.jpg', '대표 이미지', 0, 1),
       ((SELECT id FROM product WHERE code = 'P56604588275' LIMIT 1),
        'https://shopping-phinf.pstatic.net/main_5660458/56604588275.2.jpg', '상품 상세', 1, 0),
       ((SELECT id FROM product WHERE code = 'P56604588275' LIMIT 1),
        'https://shopping-phinf.pstatic.net/main_5660458/56604588275.3.jpg', '성분 정보', 2, 0);
INSERT INTO product_variant (product_id, variant_name, list_price, sale_price, volume, upc_code, pill_size,
                             nutrition_facts, max_qty_per_order, restock_eta)
VALUES ((SELECT id FROM product WHERE code = 'P56604588275' LIMIT 1), '60정', 19800, 17800, 60, '600000000361',
        '10x10x5mm', '도쿄메타 굿나잇', 6, NULL),
       ((SELECT id FROM product WHERE code = 'P56604588275' LIMIT 1), '30정', 12800, 10800, 30, '600000000362',
        '10x10x5mm', '도쿄메타 굿나잇', 6, NULL);
INSERT IGNORE INTO stock (product_variant_id, amount, updated_at, restocked_at)
VALUES ((SELECT id
         FROM product_variant
         WHERE variant_name = '60정'
           AND product_id = (SELECT id FROM product WHERE code = 'P56604588275' LIMIT 1)
         LIMIT 1),
        90, '2025-09-29 12:00:00', '2025-08-20 12:00:00'),
       ((SELECT id
         FROM product_variant
         WHERE variant_name = '30정'
           AND product_id = (SELECT id FROM product WHERE code = 'P56604588275' LIMIT 1)
         LIMIT 1),
        60, '2025-09-29 12:00:00', '2025-08-20 12:00:00');
INSERT INTO product_category (product_id, category_id)
VALUES ((SELECT id FROM product WHERE code = 'P56604588275' LIMIT 1),
        (SELECT id FROM category WHERE name = '멜라토닌' LIMIT 1));
INSERT IGNORE INTO product_rank (product_id, recent_sales, updated_at)
VALUES ((SELECT id FROM product WHERE code = 'P56604588275' LIMIT 1), 1890, '2025-09-29 12:00:00');


INSERT INTO product (brand_id, name, code, description, instruction, ingredients, cautions, disclaimer,
                     sale_start_date, expiration_date, max_qty_per_order, sales, avg_rating, review_count, min_price)
VALUES ((SELECT id FROM brand WHERE name = '소스내추럴스'),
        '소스내추럴스 5 히드록시 트립토판 HTP 200mg 캡슐 1개 60정',
        'P56416667174', '소스내추럴스 5 히드록시 트립토판 HTP 200mg 캡슐 1개 60정',
        '하루 1-2캡슐을 섭취하세요.', '5-HTP, 식물성 추출물',
        '과다섭취 시 부작용이 있을 수 있습니다.', '본 제품은 질병의 예방 및 치료를 위한 의약품이 아닙니다.',
        '2025-06-29 00:00:00', 30, 6, 1890, 4.3, 280, 26800);
INSERT INTO product_img (product_id, image_url, alt_text, sort_idx, is_primary)
VALUES ((SELECT id FROM product WHERE code = 'P56416667174' LIMIT 1),
        'https://shopping-phinf.pstatic.net/main_5641666/56416667174.1.jpg', '대표 이미지', 0, 1),
       ((SELECT id FROM product WHERE code = 'P56416667174' LIMIT 1),
        'https://shopping-phinf.pstatic.net/main_5641666/56416667174.2.jpg', '상품 상세', 1, 0),
       ((SELECT id FROM product WHERE code = 'P56416667174' LIMIT 1),
        'https://shopping-phinf.pstatic.net/main_5641666/56416667174.3.jpg', '성분 정보', 2, 0);
INSERT INTO product_variant (product_id, variant_name, list_price, sale_price, volume, upc_code, pill_size,
                             nutrition_facts, max_qty_per_order, restock_eta)
VALUES ((SELECT id FROM product WHERE code = 'P56416667174' LIMIT 1), '60정', 26800, 24800, 60, '600000000363',
        '10x10x5mm', '5-HTP', 6, NULL),
       ((SELECT id FROM product WHERE code = 'P56416667174' LIMIT 1), '30정', 16800, 14800, 30, '600000000364',
        '10x10x5mm', '5-HTP', 6, NULL);
INSERT IGNORE INTO stock (product_variant_id, amount, updated_at, restocked_at)
VALUES ((SELECT id
         FROM product_variant
         WHERE variant_name = '60정'
           AND product_id = (SELECT id FROM product WHERE code = 'P56416667174' LIMIT 1)
         LIMIT 1),
        75, '2025-09-29 12:00:00', '2025-08-20 12:00:00'),
       ((SELECT id
         FROM product_variant
         WHERE variant_name = '30정'
           AND product_id = (SELECT id FROM product WHERE code = 'P56416667174' LIMIT 1)
         LIMIT 1),
        50, '2025-09-29 12:00:00', '2025-08-20 12:00:00');
INSERT INTO product_category (product_id, category_id)
VALUES ((SELECT id FROM product WHERE code = 'P56416667174' LIMIT 1),
        (SELECT id FROM category WHERE name = '5-HTP' LIMIT 1));
INSERT IGNORE INTO product_rank (product_id, recent_sales, updated_at)
VALUES ((SELECT id FROM product WHERE code = 'P56416667174' LIMIT 1), 1890, '2025-09-29 12:00:00');


INSERT IGNORE INTO brand (name)
VALUES ('밀크시슬');
INSERT IGNORE INTO brand (name)
VALUES ('LG전자');
INSERT IGNORE INTO brand (name)
VALUES ('푸치');
INSERT IGNORE INTO brand (name)
VALUES ('벽지');

INSERT INTO product (brand_id, name, code, description, instruction, ingredients, cautions, disclaimer,
                     sale_start_date, expiration_date, max_qty_per_order, sales, avg_rating, review_count, min_price)
VALUES ((SELECT id FROM brand WHERE name = '밀크시슬'),
        '밀크시슬 민들레 뿌리 Healthbiotics NoMoreDrinks 5HTP 8팩 80정',
        'P52800686985', '밀크시슬 민들레 뿌리 Healthbiotics NoMoreDrinks 5HTP 8팩 80정',
        '하루 1-2캡슐을 섭취하세요.', '5-HTP, 민들레 뿌리',
        '과다섭취 시 부작용이 있을 수 있습니다.', '본 제품은 질병의 예방 및 치료를 위한 의약품이 아닙니다.',
        '2025-06-30 00:00:00', 30, 6, 1890, 4.4, 280, 259020);
INSERT INTO product_img (product_id, image_url, alt_text, sort_idx, is_primary)
VALUES ((SELECT id FROM product WHERE code = 'P52800686985' LIMIT 1),
        'https://shopping-phinf.pstatic.net/main_5280068/52800686985.1.jpg', '대표 이미지', 0, 1),
       ((SELECT id FROM product WHERE code = 'P52800686985' LIMIT 1),
        'https://shopping-phinf.pstatic.net/main_5280068/52800686985.2.jpg', '상품 상세', 1, 0),
       ((SELECT id FROM product WHERE code = 'P52800686985' LIMIT 1),
        'https://shopping-phinf.pstatic.net/main_5280068/52800686985.3.jpg', '성분 정보', 2, 0);
INSERT INTO product_variant (product_id, variant_name, list_price, sale_price, volume, upc_code, pill_size,
                             nutrition_facts, max_qty_per_order, restock_eta)
VALUES ((SELECT id FROM product WHERE code = 'P52800686985' LIMIT 1), '8팩', 259020, 239020, 8, '600000000365',
        '10x10x5mm', '밀크시슬 5-HTP', 6, NULL),
       ((SELECT id FROM product WHERE code = 'P52800686985' LIMIT 1), '4팩', 139020, 119020, 4, '600000000366',
        '10x10x5mm', '밀크시슬 5-HTP', 6, NULL);
INSERT IGNORE INTO stock (product_variant_id, amount, updated_at, restocked_at)
VALUES ((SELECT id
         FROM product_variant
         WHERE variant_name = '8팩'
           AND product_id = (SELECT id FROM product WHERE code = 'P52800686985' LIMIT 1)
         LIMIT 1),
        25, '2025-09-29 12:00:00', '2025-08-20 12:00:00'),
       ((SELECT id
         FROM product_variant
         WHERE variant_name = '4팩'
           AND product_id = (SELECT id FROM product WHERE code = 'P52800686985' LIMIT 1)
         LIMIT 1),
        15, '2025-09-29 12:00:00', '2025-08-20 12:00:00');
INSERT INTO product_category (product_id, category_id)
VALUES ((SELECT id FROM product WHERE code = 'P52800686985' LIMIT 1),
        (SELECT id FROM category WHERE name = '5-HTP' LIMIT 1));
INSERT IGNORE INTO product_rank (product_id, recent_sales, updated_at)
VALUES ((SELECT id FROM product WHERE code = 'P52800686985' LIMIT 1), 1890, '2025-09-29 12:00:00');


INSERT INTO product (brand_id, name, code, description, instruction, ingredients, cautions, disclaimer,
                     sale_start_date, expiration_date, max_qty_per_order, sales, avg_rating, review_count, min_price)
VALUES ((SELECT id FROM brand WHERE name = 'LG전자'),
        'LG전자 트롬 17kg 드럼세탁기 F17HTP 그라파이트',
        'P89924705283', 'LG전자 트롬 17kg 드럼세탁기 F17HTP 그라파이트',
        '설치 후 사용하세요.', '전자제품, 세탁기',
        '전기 안전에 주의하세요.', '본 제품은 가전제품입니다.',
        '2025-07-01 00:00:00', 30, 6, 1890, 4.6, 280, 889000);
INSERT INTO product_img (product_id, image_url, alt_text, sort_idx, is_primary)
VALUES ((SELECT id FROM product WHERE code = 'P89924705283' LIMIT 1),
        'https://shopping-phinf.pstatic.net/main_8992470/89924705283.1.jpg', '대표 이미지', 0, 1),
       ((SELECT id FROM product WHERE code = 'P89924705283' LIMIT 1),
        'https://shopping-phinf.pstatic.net/main_8992470/89924705283.2.jpg', '상품 상세', 1, 0),
       ((SELECT id FROM product WHERE code = 'P89924705283' LIMIT 1),
        'https://shopping-phinf.pstatic.net/main_8992470/89924705283.3.jpg', '사양 정보', 2, 0);
INSERT INTO product_variant (product_id, variant_name, list_price, sale_price, volume, upc_code, pill_size,
                             nutrition_facts, max_qty_per_order, restock_eta)
VALUES ((SELECT id FROM product WHERE code = 'P89924705283' LIMIT 1), '17kg', 889000, 869000, 1, '600000000367', '세탁기',
        '트롬 17kg', 6, NULL),
       ((SELECT id FROM product WHERE code = 'P89924705283' LIMIT 1), '15kg', 789000, 769000, 1, '600000000368', '세탁기',
        '트롬 15kg', 6, NULL);
INSERT IGNORE INTO stock (product_variant_id, amount, updated_at, restocked_at)
VALUES ((SELECT id
         FROM product_variant
         WHERE variant_name = '17kg'
           AND product_id = (SELECT id FROM product WHERE code = 'P89924705283' LIMIT 1)
         LIMIT 1),
        5, '2025-09-29 12:00:00', '2025-08-20 12:00:00'),
       ((SELECT id
         FROM product_variant
         WHERE variant_name = '15kg'
           AND product_id = (SELECT id FROM product WHERE code = 'P89924705283' LIMIT 1)
         LIMIT 1),
        3, '2025-09-29 12:00:00', '2025-08-20 12:00:00');
INSERT INTO product_category (product_id, category_id)
VALUES ((SELECT id FROM product WHERE code = 'P89924705283' LIMIT 1),
        (SELECT id FROM category WHERE name = '5-HTP' LIMIT 1));
INSERT IGNORE INTO product_rank (product_id, recent_sales, updated_at)
VALUES ((SELECT id FROM product WHERE code = 'P89924705283' LIMIT 1), 1890, '2025-09-29 12:00:00');


INSERT INTO product (brand_id, name, code, description, instruction, ingredients, cautions, disclaimer,
                     sale_start_date, expiration_date, max_qty_per_order, sales, avg_rating, review_count, min_price)
VALUES ((SELECT id FROM brand WHERE name = '푸치'),
        '푸치 프린트 반소매 티셔츠 5HTP155H982 TP438075034 46111774',
        'P56846650282', '푸치 프린트 반소매 티셔츠 5HTP155H982 TP438075034 46111774',
        '착용하세요.', '면, 프린트',
        '세탁 시 주의하세요.', '본 제품은 의류입니다.',
        '2025-07-02 00:00:00', 30, 6, 1890, 4.2, 280, 656670);
INSERT INTO product_img (product_id, image_url, alt_text, sort_idx, is_primary)
VALUES ((SELECT id FROM product WHERE code = 'P56846650282' LIMIT 1),
        'https://shopping-phinf.pstatic.net/main_5684665/56846650282.1.jpg', '대표 이미지', 0, 1),
       ((SELECT id FROM product WHERE code = 'P56846650282' LIMIT 1),
        'https://shopping-phinf.pstatic.net/main_5684665/56846650282.2.jpg', '상품 상세', 1, 0),
       ((SELECT id FROM product WHERE code = 'P56846650282' LIMIT 1),
        'https://shopping-phinf.pstatic.net/main_5684665/56846650282.3.jpg', '사이즈 정보', 2, 0);
INSERT INTO product_variant (product_id, variant_name, list_price, sale_price, volume, upc_code, pill_size,
                             nutrition_facts, max_qty_per_order, restock_eta)
VALUES ((SELECT id FROM product WHERE code = 'P56846650282' LIMIT 1), 'L', 656670, 636670, 1, '600000000369', '티셔츠',
        '푸치 프린트', 6, NULL),
       ((SELECT id FROM product WHERE code = 'P56846650282' LIMIT 1), 'M', 656670, 636670, 1, '600000000370', '티셔츠',
        '푸치 프린트', 6, NULL);
INSERT IGNORE INTO stock (product_variant_id, amount, updated_at, restocked_at)
VALUES ((SELECT id
         FROM product_variant
         WHERE variant_name = 'L'
           AND product_id = (SELECT id FROM product WHERE code = 'P56846650282' LIMIT 1)
         LIMIT 1),
        20, '2025-09-29 12:00:00', '2025-08-20 12:00:00'),
       ((SELECT id
         FROM product_variant
         WHERE variant_name = 'M'
           AND product_id = (SELECT id FROM product WHERE code = 'P56846650282' LIMIT 1)
         LIMIT 1),
        15, '2025-09-29 12:00:00', '2025-08-20 12:00:00');
INSERT INTO product_category (product_id, category_id)
VALUES ((SELECT id FROM product WHERE code = 'P56846650282' LIMIT 1),
        (SELECT id FROM category WHERE name = '5-HTP' LIMIT 1));
INSERT IGNORE INTO product_rank (product_id, recent_sales, updated_at)
VALUES ((SELECT id FROM product WHERE code = 'P56846650282' LIMIT 1), 1890, '2025-09-29 12:00:00');


INSERT INTO product (brand_id, name, code, description, instruction, ingredients, cautions, disclaimer,
                     sale_start_date, expiration_date, max_qty_per_order, sales, avg_rating, review_count, min_price)
VALUES ((SELECT id FROM brand WHERE name = '에밀리오푸치'),
        '에밀리오푸치 T Shirts 5HTP005H983B41',
        'P55272518899', '에밀리오푸치 T Shirts 5HTP005H983B41',
        '착용하세요.', '면, 프린트',
        '세탁 시 주의하세요.', '본 제품은 의류입니다.',
        '2025-07-03 00:00:00', 30, 6, 1890, 4.3, 280, 425600);
INSERT INTO product_img (product_id, image_url, alt_text, sort_idx, is_primary)
VALUES ((SELECT id FROM product WHERE code = 'P55272518899' LIMIT 1),
        'https://shopping-phinf.pstatic.net/main_5527251/55272518899.1.jpg', '대표 이미지', 0, 1),
       ((SELECT id FROM product WHERE code = 'P55272518899' LIMIT 1),
        'https://shopping-phinf.pstatic.net/main_5527251/55272518899.2.jpg', '상품 상세', 1, 0),
       ((SELECT id FROM product WHERE code = 'P55272518899' LIMIT 1),
        'https://shopping-phinf.pstatic.net/main_5527251/55272518899.3.jpg', '사이즈 정보', 2, 0);
INSERT INTO product_variant (product_id, variant_name, list_price, sale_price, volume, upc_code, pill_size,
                             nutrition_facts, max_qty_per_order, restock_eta)
VALUES ((SELECT id FROM product WHERE code = 'P55272518899' LIMIT 1), 'L', 425600, 405600, 1, '600000000371', '티셔츠',
        '에밀리오푸치', 6, NULL),
       ((SELECT id FROM product WHERE code = 'P55272518899' LIMIT 1), 'M', 425600, 405600, 1, '600000000372', '티셔츠',
        '에밀리오푸치', 6, NULL);
INSERT IGNORE INTO stock (product_variant_id, amount, updated_at, restocked_at)
VALUES ((SELECT id
         FROM product_variant
         WHERE variant_name = 'L'
           AND product_id = (SELECT id FROM product WHERE code = 'P55272518899' LIMIT 1)
         LIMIT 1),
        18, '2025-09-29 12:00:00', '2025-08-20 12:00:00'),
       ((SELECT id
         FROM product_variant
         WHERE variant_name = 'M'
           AND product_id = (SELECT id FROM product WHERE code = 'P55272518899' LIMIT 1)
         LIMIT 1),
        12, '2025-09-29 12:00:00', '2025-08-20 12:00:00');
INSERT INTO product_category (product_id, category_id)
VALUES ((SELECT id FROM product WHERE code = 'P55272518899' LIMIT 1),
        (SELECT id FROM category WHERE name = '5-HTP' LIMIT 1));
INSERT IGNORE INTO product_rank (product_id, recent_sales, updated_at)
VALUES ((SELECT id FROM product WHERE code = 'P55272518899' LIMIT 1), 1890, '2025-09-29 12:00:00');


INSERT INTO product (brand_id, name, code, description, instruction, ingredients, cautions, disclaimer,
                     sale_start_date, expiration_date, max_qty_per_order, sales, avg_rating, review_count, min_price)
VALUES ((SELECT id FROM brand WHERE name = '푸치'),
        '푸치 아트 프린트 티셔츠 5HTP355H981 TP437921054',
        'P57006979460', '푸치 아트 프린트 티셔츠 5HTP355H981 TP437921054',
        '착용하세요.', '면, 아트 프린트',
        '세탁 시 주의하세요.', '본 제품은 의류입니다.',
        '2025-07-04 00:00:00', 30, 6, 1890, 4.1, 280, 646000);
INSERT INTO product_img (product_id, image_url, alt_text, sort_idx, is_primary)
VALUES ((SELECT id FROM product WHERE code = 'P57006979460' LIMIT 1),
        'https://shopping-phinf.pstatic.net/main_5700697/57006979460.1.jpg', '대표 이미지', 0, 1),
       ((SELECT id FROM product WHERE code = 'P57006979460' LIMIT 1),
        'https://shopping-phinf.pstatic.net/main_5700697/57006979460.2.jpg', '상품 상세', 1, 0),
       ((SELECT id FROM product WHERE code = 'P57006979460' LIMIT 1),
        'https://shopping-phinf.pstatic.net/main_5700697/57006979460.3.jpg', '사이즈 정보', 2, 0);
INSERT INTO product_variant (product_id, variant_name, list_price, sale_price, volume, upc_code, pill_size,
                             nutrition_facts, max_qty_per_order, restock_eta)
VALUES ((SELECT id FROM product WHERE code = 'P57006979460' LIMIT 1), 'L', 646000, 626000, 1, '600000000373', '티셔츠',
        '푸치 아트', 6, NULL),
       ((SELECT id FROM product WHERE code = 'P57006979460' LIMIT 1), 'M', 646000, 626000, 1, '600000000374', '티셔츠',
        '푸치 아트', 6, NULL);
INSERT IGNORE INTO stock (product_variant_id, amount, updated_at, restocked_at)
VALUES ((SELECT id
         FROM product_variant
         WHERE variant_name = 'L'
           AND product_id = (SELECT id FROM product WHERE code = 'P57006979460' LIMIT 1)
         LIMIT 1),
        22, '2025-09-29 12:00:00', '2025-08-20 12:00:00'),
       ((SELECT id
         FROM product_variant
         WHERE variant_name = 'M'
           AND product_id = (SELECT id FROM product WHERE code = 'P57006979460' LIMIT 1)
         LIMIT 1),
        17, '2025-09-29 12:00:00', '2025-08-20 12:00:00');
INSERT INTO product_category (product_id, category_id)
VALUES ((SELECT id FROM product WHERE code = 'P57006979460' LIMIT 1),
        (SELECT id FROM category WHERE name = '5-HTP' LIMIT 1));
INSERT IGNORE INTO product_rank (product_id, recent_sales, updated_at)
VALUES ((SELECT id FROM product WHERE code = 'P57006979460' LIMIT 1), 1890, '2025-09-29 12:00:00');


INSERT INTO product (brand_id, name, code, description, instruction, ingredients, cautions, disclaimer,
                     sale_start_date, expiration_date, max_qty_per_order, sales, avg_rating, review_count, min_price)
VALUES ((SELECT id FROM brand WHERE name = '벽지'),
        '벽지 월 컷팅 별헤는밤에 그래픽 스티커 장식 포인트 유리 1WFJ5HTP4R',
        'P56930819290', '벽지 월 컷팅 별헤는밤에 그래픽 스티커 장식 포인트 유리 1WFJ5HTP4R',
        '벽에 부착하세요.', '스티커, 그래픽',
        '부착 시 주의하세요.', '본 제품은 인테리어 소품입니다.',
        '2025-07-05 00:00:00', 30, 6, 1890, 4.0, 280, 41270);
INSERT INTO product_img (product_id, image_url, alt_text, sort_idx, is_primary)
VALUES ((SELECT id FROM product WHERE code = 'P56930819290' LIMIT 1),
        'https://shopping-phinf.pstatic.net/main_5693081/56930819290.1.jpg', '대표 이미지', 0, 1),
       ((SELECT id FROM product WHERE code = 'P56930819290' LIMIT 1),
        'https://shopping-phinf.pstatic.net/main_5693081/56930819290.2.jpg', '상품 상세', 1, 0),
       ((SELECT id FROM product WHERE code = 'P56930819290' LIMIT 1),
        'https://shopping-phinf.pstatic.net/main_5693081/56930819290.3.jpg', '사용법', 2, 0);
INSERT INTO product_variant (product_id, variant_name, list_price, sale_price, volume, upc_code, pill_size,
                             nutrition_facts, max_qty_per_order, restock_eta)
VALUES ((SELECT id FROM product WHERE code = 'P56930819290' LIMIT 1), '1개', 41270, 39270, 1, '600000000375', '스티커',
        '별헤는밤', 6, NULL),
       ((SELECT id FROM product WHERE code = 'P56930819290' LIMIT 1), '2개', 78270, 76270, 2, '600000000376', '스티커',
        '별헤는밤', 6, NULL);
INSERT IGNORE INTO stock (product_variant_id, amount, updated_at, restocked_at)
VALUES ((SELECT id
         FROM product_variant
         WHERE variant_name = '1개'
           AND product_id = (SELECT id FROM product WHERE code = 'P56930819290' LIMIT 1)
         LIMIT 1),
        50, '2025-09-29 12:00:00', '2025-08-20 12:00:00'),
       ((SELECT id
         FROM product_variant
         WHERE variant_name = '2개'
           AND product_id = (SELECT id FROM product WHERE code = 'P56930819290' LIMIT 1)
         LIMIT 1),
        30, '2025-09-29 12:00:00', '2025-08-20 12:00:00');
INSERT INTO product_category (product_id, category_id)
VALUES ((SELECT id FROM product WHERE code = 'P56930819290' LIMIT 1),
        (SELECT id FROM category WHERE name = '5-HTP' LIMIT 1));
INSERT IGNORE INTO product_rank (product_id, recent_sales, updated_at)
VALUES ((SELECT id FROM product WHERE code = 'P56930819290' LIMIT 1), 1890, '2025-09-29 12:00:00');


INSERT INTO product (brand_id, name, code, description, instruction, ingredients, cautions, disclaimer,
                     sale_start_date, expiration_date, max_qty_per_order, sales, avg_rating, review_count, min_price)
VALUES ((SELECT id FROM brand WHERE name = '에밀리오푸치'),
        '에밀리오푸치 25 FW 푸치 프린트 소매 티셔츠 5HTP155H982 TP438951468',
        'P56964956776', '에밀리오푸치 25 FW 푸치 프린트 소매 티셔츠 5HTP155H982 TP438951468',
        '착용하세요.', '면, 프린트',
        '세탁 시 주의하세요.', '본 제품은 의류입니다.',
        '2025-07-06 00:00:00', 30, 6, 1890, 4.2, 280, 872264);
INSERT INTO product_img (product_id, image_url, alt_text, sort_idx, is_primary)
VALUES ((SELECT id FROM product WHERE code = 'P56964956776' LIMIT 1),
        'https://shopping-phinf.pstatic.net/main_5696495/56964956776.1.jpg', '대표 이미지', 0, 1),
       ((SELECT id FROM product WHERE code = 'P56964956776' LIMIT 1),
        'https://shopping-phinf.pstatic.net/main_5696495/56964956776.2.jpg', '상품 상세', 1, 0),
       ((SELECT id FROM product WHERE code = 'P56964956776' LIMIT 1),
        'https://shopping-phinf.pstatic.net/main_5696495/56964956776.3.jpg', '사이즈 정보', 2, 0);
INSERT INTO product_variant (product_id, variant_name, list_price, sale_price, volume, upc_code, pill_size,
                             nutrition_facts, max_qty_per_order, restock_eta)
VALUES ((SELECT id FROM product WHERE code = 'P56964956776' LIMIT 1), 'L', 872264, 852264, 1, '600000000377', '티셔츠',
        '에밀리오푸치 25FW', 6, NULL),
       ((SELECT id FROM product WHERE code = 'P56964956776' LIMIT 1), 'M', 872264, 852264, 1, '600000000378', '티셔츠',
        '에밀리오푸치 25FW', 6, NULL);
INSERT IGNORE INTO stock (product_variant_id, amount, updated_at, restocked_at)
VALUES ((SELECT id
         FROM product_variant
         WHERE variant_name = 'L'
           AND product_id = (SELECT id FROM product WHERE code = 'P56964956776' LIMIT 1)
         LIMIT 1),
        15, '2025-09-29 12:00:00', '2025-08-20 12:00:00'),
       ((SELECT id
         FROM product_variant
         WHERE variant_name = 'M'
           AND product_id = (SELECT id FROM product WHERE code = 'P56964956776' LIMIT 1)
         LIMIT 1),
        10, '2025-09-29 12:00:00', '2025-08-20 12:00:00');
INSERT INTO product_category (product_id, category_id)
VALUES ((SELECT id FROM product WHERE code = 'P56964956776' LIMIT 1),
        (SELECT id FROM category WHERE name = '5-HTP' LIMIT 1));
INSERT IGNORE INTO product_rank (product_id, recent_sales, updated_at)
VALUES ((SELECT id FROM product WHERE code = 'P56964956776' LIMIT 1), 1890, '2025-09-29 12:00:00');


INSERT INTO product (brand_id, name, code, description, instruction, ingredients, cautions, disclaimer,
                     sale_start_date, expiration_date, max_qty_per_order, sales, avg_rating, review_count, min_price)
VALUES ((SELECT id FROM brand WHERE name = '에밀리오푸치'),
        '에밀리오푸치 코튼 티셔츠 5HTP765H983100',
        'P56385256483', '에밀리오푸치 코튼 티셔츠 5HTP765H983100',
        '착용하세요.', '면, 코튼',
        '세탁 시 주의하세요.', '본 제품은 의류입니다.',
        '2025-07-07 00:00:00', 30, 6, 1890, 4.3, 280, 803550);
INSERT INTO product_img (product_id, image_url, alt_text, sort_idx, is_primary)
VALUES ((SELECT id FROM product WHERE code = 'P56385256483' LIMIT 1),
        'https://shopping-phinf.pstatic.net/main_5638525/56385256483.1.jpg', '대표 이미지', 0, 1),
       ((SELECT id FROM product WHERE code = 'P56385256483' LIMIT 1),
        'https://shopping-phinf.pstatic.net/main_5638525/56385256483.2.jpg', '상품 상세', 1, 0),
       ((SELECT id FROM product WHERE code = 'P56385256483' LIMIT 1),
        'https://shopping-phinf.pstatic.net/main_5638525/56385256483.3.jpg', '사이즈 정보', 2, 0);
INSERT INTO product_variant (product_id, variant_name, list_price, sale_price, volume, upc_code, pill_size,
                             nutrition_facts, max_qty_per_order, restock_eta)
VALUES ((SELECT id FROM product WHERE code = 'P56385256483' LIMIT 1), 'L', 803550, 783550, 1, '600000000379', '티셔츠',
        '에밀리오푸치 코튼', 6, NULL),
       ((SELECT id FROM product WHERE code = 'P56385256483' LIMIT 1), 'M', 803550, 783550, 1, '600000000380', '티셔츠',
        '에밀리오푸치 코튼', 6, NULL);
INSERT IGNORE INTO stock (product_variant_id, amount, updated_at, restocked_at)
VALUES ((SELECT id
         FROM product_variant
         WHERE variant_name = 'L'
           AND product_id = (SELECT id FROM product WHERE code = 'P56385256483' LIMIT 1)
         LIMIT 1),
        18, '2025-09-29 12:00:00', '2025-08-20 12:00:00'),
       ((SELECT id
         FROM product_variant
         WHERE variant_name = 'M'
           AND product_id = (SELECT id FROM product WHERE code = 'P56385256483' LIMIT 1)
         LIMIT 1),
        12, '2025-09-29 12:00:00', '2025-08-20 12:00:00');
INSERT INTO product_category (product_id, category_id)
VALUES ((SELECT id FROM product WHERE code = 'P56385256483' LIMIT 1),
        (SELECT id FROM category WHERE name = '5-HTP' LIMIT 1));
INSERT IGNORE INTO product_rank (product_id, recent_sales, updated_at)
VALUES ((SELECT id FROM product WHERE code = 'P56385256483' LIMIT 1), 1890, '2025-09-29 12:00:00');


INSERT INTO product (brand_id, name, code, description, instruction, ingredients, cautions, disclaimer,
                     sale_start_date, expiration_date, max_qty_per_order, sales, avg_rating, review_count, min_price)
VALUES ((SELECT id FROM brand WHERE name = '푸치'),
        '푸치 코튼 티셔츠 5HTP405H983 TP437813837',
        'P56743553489', '푸치 코튼 티셔츠 5HTP405H983 TP437813837',
        '착용하세요.', '면, 코튼',
        '세탁 시 주의하세요.', '본 제품은 의류입니다.',
        '2025-07-08 00:00:00', 30, 6, 1890, 4.1, 280, 580450);
INSERT INTO product_img (product_id, image_url, alt_text, sort_idx, is_primary)
VALUES ((SELECT id FROM product WHERE code = 'P56743553489' LIMIT 1),
        'https://shopping-phinf.pstatic.net/main_5674355/56743553489.1.jpg', '대표 이미지', 0, 1),
       ((SELECT id FROM product WHERE code = 'P56743553489' LIMIT 1),
        'https://shopping-phinf.pstatic.net/main_5674355/56743553489.2.jpg', '상품 상세', 1, 0),
       ((SELECT id FROM product WHERE code = 'P56743553489' LIMIT 1),
        'https://shopping-phinf.pstatic.net/main_5674355/56743553489.3.jpg', '사이즈 정보', 2, 0);
INSERT INTO product_variant (product_id, variant_name, list_price, sale_price, volume, upc_code, pill_size,
                             nutrition_facts, max_qty_per_order, restock_eta)
VALUES ((SELECT id FROM product WHERE code = 'P56743553489' LIMIT 1), 'L', 580450, 560450, 1, '600000000381', '티셔츠',
        '푸치 코튼', 6, NULL),
       ((SELECT id FROM product WHERE code = 'P56743553489' LIMIT 1), 'M', 580450, 560450, 1, '600000000382', '티셔츠',
        '푸치 코튼', 6, NULL);
INSERT IGNORE INTO stock (product_variant_id, amount, updated_at, restocked_at)
VALUES ((SELECT id
         FROM product_variant
         WHERE variant_name = 'L'
           AND product_id = (SELECT id FROM product WHERE code = 'P56743553489' LIMIT 1)
         LIMIT 1),
        25, '2025-09-29 12:00:00', '2025-08-20 12:00:00'),
       ((SELECT id
         FROM product_variant
         WHERE variant_name = 'M'
           AND product_id = (SELECT id FROM product WHERE code = 'P56743553489' LIMIT 1)
         LIMIT 1),
        20, '2025-09-29 12:00:00', '2025-08-20 12:00:00');
INSERT INTO product_category (product_id, category_id)
VALUES ((SELECT id FROM product WHERE code = 'P56743553489' LIMIT 1),
        (SELECT id FROM category WHERE name = '5-HTP' LIMIT 1));
INSERT IGNORE INTO product_rank (product_id, recent_sales, updated_at)
VALUES ((SELECT id FROM product WHERE code = 'P56743553489' LIMIT 1), 1890, '2025-09-29 12:00:00');


INSERT INTO product (brand_id, name, code, description, instruction, ingredients, cautions, disclaimer,
                     sale_start_date, expiration_date, max_qty_per_order, sales, avg_rating, review_count, min_price)
VALUES ((SELECT id FROM brand WHERE name = '에밀리오푸치'),
        '에밀리오푸치 블라우스 탑 5HTP565H735025',
        'P55879555154', '에밀리오푸치 블라우스 탑 5HTP565H735025',
        '착용하세요.', '면, 블라우스',
        '세탁 시 주의하세요.', '본 제품은 의류입니다.',
        '2025-07-09 00:00:00', 30, 6, 1890, 4.4, 280, 448400);
INSERT INTO product_img (product_id, image_url, alt_text, sort_idx, is_primary)
VALUES ((SELECT id FROM product WHERE code = 'P55879555154' LIMIT 1),
        'https://shopping-phinf.pstatic.net/main_5587955/55879555154.1.jpg', '대표 이미지', 0, 1),
       ((SELECT id FROM product WHERE code = 'P55879555154' LIMIT 1),
        'https://shopping-phinf.pstatic.net/main_5587955/55879555154.2.jpg', '상품 상세', 1, 0),
       ((SELECT id FROM product WHERE code = 'P55879555154' LIMIT 1),
        'https://shopping-phinf.pstatic.net/main_5587955/55879555154.3.jpg', '사이즈 정보', 2, 0);
INSERT INTO product_variant (product_id, variant_name, list_price, sale_price, volume, upc_code, pill_size,
                             nutrition_facts, max_qty_per_order, restock_eta)
VALUES ((SELECT id FROM product WHERE code = 'P55879555154' LIMIT 1), 'L', 448400, 428400, 1, '600000000383', '블라우스',
        '에밀리오푸치', 6, NULL),
       ((SELECT id FROM product WHERE code = 'P55879555154' LIMIT 1), 'M', 448400, 428400, 1, '600000000384', '블라우스',
        '에밀리오푸치', 6, NULL);
INSERT IGNORE INTO stock (product_variant_id, amount, updated_at, restocked_at)
VALUES ((SELECT id
         FROM product_variant
         WHERE variant_name = 'L'
           AND product_id = (SELECT id FROM product WHERE code = 'P55879555154' LIMIT 1)
         LIMIT 1),
        16, '2025-09-29 12:00:00', '2025-08-20 12:00:00'),
       ((SELECT id
         FROM product_variant
         WHERE variant_name = 'M'
           AND product_id = (SELECT id FROM product WHERE code = 'P55879555154' LIMIT 1)
         LIMIT 1),
        11, '2025-09-29 12:00:00', '2025-08-20 12:00:00');
INSERT INTO product_category (product_id, category_id)
VALUES ((SELECT id FROM product WHERE code = 'P55879555154' LIMIT 1),
        (SELECT id FROM category WHERE name = '5-HTP' LIMIT 1));
INSERT IGNORE INTO product_rank (product_id, recent_sales, updated_at)
VALUES ((SELECT id FROM product WHERE code = 'P55879555154' LIMIT 1), 1890, '2025-09-29 12:00:00');


INSERT IGNORE INTO brand (name)
VALUES ('Other B');
INSERT INTO product (brand_id, name, code, description, instruction, ingredients, cautions, disclaimer,
                     sale_start_date, expiration_date, max_qty_per_order, sales, avg_rating, review_count, min_price)
VALUES ((SELECT id FROM brand WHERE name = 'Other B'),
        'Other B 25FW 푸찌 반팔 티셔츠 NERO 명품직구 5HTP75 5H983 999',
        'P56657658268', 'Other B 25FW 푸찌 반팔 티셔츠 NERO 명품직구 5HTP75 5H983 999',
        '착용하세요.', '면, 명품',
        '세탁 시 주의하세요.', '본 제품은 의류입니다.',
        '2025-07-10 00:00:00', 30, 6, 1890, 4.5, 280, 430100);
INSERT INTO product_img (product_id, image_url, alt_text, sort_idx, is_primary)
VALUES ((SELECT id FROM product WHERE code = 'P56657658268' LIMIT 1),
        'https://shopping-phinf.pstatic.net/main_5665765/56657658268.1.jpg', '대표 이미지', 0, 1),
       ((SELECT id FROM product WHERE code = 'P56657658268' LIMIT 1),
        'https://shopping-phinf.pstatic.net/main_5665765/56657658268.2.jpg', '상품 상세', 1, 0),
       ((SELECT id FROM product WHERE code = 'P56657658268' LIMIT 1),
        'https://shopping-phinf.pstatic.net/main_5665765/56657658268.3.jpg', '사이즈 정보', 2, 0);
INSERT INTO product_variant (product_id, variant_name, list_price, sale_price, volume, upc_code, pill_size,
                             nutrition_facts, max_qty_per_order, restock_eta)
VALUES ((SELECT id FROM product WHERE code = 'P56657658268' LIMIT 1), 'L', 430100, 410100, 1, '600000000385', '티셔츠',
        'Other B 명품', 6, NULL),
       ((SELECT id FROM product WHERE code = 'P56657658268' LIMIT 1), 'M', 430100, 410100, 1, '600000000386', '티셔츠',
        'Other B 명품', 6, NULL);
INSERT IGNORE INTO stock (product_variant_id, amount, updated_at, restocked_at)
VALUES ((SELECT id
         FROM product_variant
         WHERE variant_name = 'L'
           AND product_id = (SELECT id FROM product WHERE code = 'P56657658268' LIMIT 1)
         LIMIT 1),
        14, '2025-09-29 12:00:00', '2025-08-20 12:00:00'),
       ((SELECT id
         FROM product_variant
         WHERE variant_name = 'M'
           AND product_id = (SELECT id FROM product WHERE code = 'P56657658268' LIMIT 1)
         LIMIT 1),
        9, '2025-09-29 12:00:00', '2025-08-20 12:00:00');
INSERT INTO product_category (product_id, category_id)
VALUES ((SELECT id FROM product WHERE code = 'P56657658268' LIMIT 1),
        (SELECT id FROM category WHERE name = '5-HTP' LIMIT 1));
INSERT IGNORE INTO product_rank (product_id, recent_sales, updated_at)
VALUES ((SELECT id FROM product WHERE code = 'P56657658268' LIMIT 1), 1890, '2025-09-29 12:00:00');


INSERT INTO product (brand_id, name, code, description, instruction, ingredients, cautions, disclaimer,
                     sale_start_date, expiration_date, max_qty_per_order, sales, avg_rating, review_count, min_price)
VALUES ((SELECT id FROM brand WHERE name = '에밀리오푸치'),
        '에밀리오푸치 25 FW 푸치 마르모 프린트 티셔츠 5HTP955H981 TP437565413',
        'P54400396559', '에밀리오푸치 25 FW 푸치 마르모 프린트 티셔츠 5HTP955H981 TP437565413',
        '착용하세요.', '면, 마르모 프린트',
        '세탁 시 주의하세요.', '본 제품은 의류입니다.',
        '2025-07-11 00:00:00', 30, 6, 1890, 4.6, 280, 1023150);
INSERT INTO product_img (product_id, image_url, alt_text, sort_idx, is_primary)
VALUES ((SELECT id FROM product WHERE code = 'P54400396559' LIMIT 1),
        'https://shopping-phinf.pstatic.net/main_5440039/54400396559.1.jpg', '대표 이미지', 0, 1),
       ((SELECT id FROM product WHERE code = 'P54400396559' LIMIT 1),
        'https://shopping-phinf.pstatic.net/main_5440039/54400396559.2.jpg', '상품 상세', 1, 0),
       ((SELECT id FROM product WHERE code = 'P54400396559' LIMIT 1),
        'https://shopping-phinf.pstatic.net/main_5440039/54400396559.3.jpg', '사이즈 정보', 2, 0);
INSERT INTO product_variant (product_id, variant_name, list_price, sale_price, volume, upc_code, pill_size,
                             nutrition_facts, max_qty_per_order, restock_eta)
VALUES ((SELECT id FROM product WHERE code = 'P54400396559' LIMIT 1), 'L', 1023150, 1003150, 1, '600000000387', '티셔츠',
        '에밀리오푸치 마르모', 6, NULL),
       ((SELECT id FROM product WHERE code = 'P54400396559' LIMIT 1), 'M', 1023150, 1003150, 1, '600000000388', '티셔츠',
        '에밀리오푸치 마르모', 6, NULL);
INSERT IGNORE INTO stock (product_variant_id, amount, updated_at, restocked_at)
VALUES ((SELECT id
         FROM product_variant
         WHERE variant_name = 'L'
           AND product_id = (SELECT id FROM product WHERE code = 'P54400396559' LIMIT 1)
         LIMIT 1),
        8, '2025-09-29 12:00:00', '2025-08-20 12:00:00'),
       ((SELECT id
         FROM product_variant
         WHERE variant_name = 'M'
           AND product_id = (SELECT id FROM product WHERE code = 'P54400396559' LIMIT 1)
         LIMIT 1),
        5, '2025-09-29 12:00:00', '2025-08-20 12:00:00');
INSERT INTO product_category (product_id, category_id)
VALUES ((SELECT id FROM product WHERE code = 'P54400396559' LIMIT 1),
        (SELECT id FROM category WHERE name = '5-HTP' LIMIT 1));
INSERT IGNORE INTO product_rank (product_id, recent_sales, updated_at)
VALUES ((SELECT id FROM product WHERE code = 'P54400396559' LIMIT 1), 1890, '2025-09-29 12:00:00');


INSERT IGNORE INTO brand (name)
VALUES ('네이처케믹스');
INSERT IGNORE INTO brand (name)
VALUES ('일일한알');
INSERT IGNORE INTO brand (name)
VALUES ('정성연구소');
INSERT IGNORE INTO brand (name)
VALUES ('만년해로');

INSERT INTO product (brand_id, name, code, description, instruction, ingredients, cautions, disclaimer,
                     sale_start_date, expiration_date, max_qty_per_order, sales, avg_rating, review_count, min_price)
VALUES ((SELECT id FROM brand WHERE name = '네이처케믹스'),
        '식물성 멜라토닌 2mg 미국 메라토닌 L 트립토판 테아닌 타트체리 6개월분',
        'P89056195917', '식물성 멜라토닌 2mg 미국 메라토닌 L 트립토판 테아닌 타트체리 6개월분',
        '하루 1-2정을 취침 전에 섭취하세요.', '멜라토닌, 트립토판, 테아닌',
        '과다섭취 시 부작용이 있을 수 있습니다.', '본 제품은 질병의 예방 및 치료를 위한 의약품이 아닙니다.',
        '2025-07-12 00:00:00', 30, 6, 1890, 4.4, 280, 74900);
INSERT INTO product_img (product_id, image_url, alt_text, sort_idx, is_primary)
VALUES ((SELECT id FROM product WHERE code = 'P89056195917' LIMIT 1),
        'https://shopping-phinf.pstatic.net/main_8905619/89056195917.1.jpg', '대표 이미지', 0, 1),
       ((SELECT id FROM product WHERE code = 'P89056195917' LIMIT 1),
        'https://shopping-phinf.pstatic.net/main_8905619/89056195917.2.jpg', '상품 상세', 1, 0),
       ((SELECT id FROM product WHERE code = 'P89056195917' LIMIT 1),
        'https://shopping-phinf.pstatic.net/main_8905619/89056195917.3.jpg', '성분 정보', 2, 0);
INSERT INTO product_variant (product_id, variant_name, list_price, sale_price, volume, upc_code, pill_size,
                             nutrition_facts, max_qty_per_order, restock_eta)
VALUES ((SELECT id FROM product WHERE code = 'P89056195917' LIMIT 1), '6개월분', 74900, 72900, 6, '600000000389',
        '10x10x5mm', '네이처케믹스 멜라토닌', 6, NULL),
       ((SELECT id FROM product WHERE code = 'P89056195917' LIMIT 1), '3개월분', 44900, 42900, 3, '600000000390',
        '10x10x5mm', '네이처케믹스 멜라토닌', 6, NULL);
INSERT IGNORE INTO stock (product_variant_id, amount, updated_at, restocked_at)
VALUES ((SELECT id
         FROM product_variant
         WHERE variant_name = '6개월분'
           AND product_id = (SELECT id FROM product WHERE code = 'P89056195917' LIMIT 1)
         LIMIT 1),
        35, '2025-09-29 12:00:00', '2025-08-20 12:00:00'),
       ((SELECT id
         FROM product_variant
         WHERE variant_name = '3개월분'
           AND product_id = (SELECT id FROM product WHERE code = 'P89056195917' LIMIT 1)
         LIMIT 1),
        25, '2025-09-29 12:00:00', '2025-08-20 12:00:00');
INSERT INTO product_category (product_id, category_id)
VALUES ((SELECT id FROM product WHERE code = 'P89056195917' LIMIT 1),
        (SELECT id FROM category WHERE name = '트립토판' LIMIT 1));
INSERT IGNORE INTO product_rank (product_id, recent_sales, updated_at)
VALUES ((SELECT id FROM product WHERE code = 'P89056195917' LIMIT 1), 1890, '2025-09-29 12:00:00');


INSERT INTO product (brand_id, name, code, description, instruction, ingredients, cautions, disclaimer,
                     sale_start_date, expiration_date, max_qty_per_order, sales, avg_rating, review_count, min_price)
VALUES ((SELECT id FROM brand WHERE name = '일일한알'),
        '식물성 멜라토닌 2mg 미국 메라토닌 트립토판 함유 60정',
        'P89412318364', '식물성 멜라토닌 2mg 미국 메라토닌 트립토판 함유 60정',
        '하루 1-2정을 취침 전에 섭취하세요.', '멜라토닌, 트립토판',
        '과다섭취 시 부작용이 있을 수 있습니다.', '본 제품은 질병의 예방 및 치료를 위한 의약품이 아닙니다.',
        '2025-07-13 00:00:00', 30, 6, 1890, 4.2, 280, 21700);
INSERT INTO product_img (product_id, image_url, alt_text, sort_idx, is_primary)
VALUES ((SELECT id FROM product WHERE code = 'P89412318364' LIMIT 1),
        'https://shopping-phinf.pstatic.net/main_8941231/89412318364.1.jpg', '대표 이미지', 0, 1),
       ((SELECT id FROM product WHERE code = 'P89412318364' LIMIT 1),
        'https://shopping-phinf.pstatic.net/main_8941231/89412318364.2.jpg', '상품 상세', 1, 0),
       ((SELECT id FROM product WHERE code = 'P89412318364' LIMIT 1),
        'https://shopping-phinf.pstatic.net/main_8941231/89412318364.3.jpg', '성분 정보', 2, 0);
INSERT INTO product_variant (product_id, variant_name, list_price, sale_price, volume, upc_code, pill_size,
                             nutrition_facts, max_qty_per_order, restock_eta)
VALUES ((SELECT id FROM product WHERE code = 'P89412318364' LIMIT 1), '60정', 21700, 19700, 60, '600000000391',
        '10x10x5mm', '일일한알 멜라토닌', 6, NULL),
       ((SELECT id FROM product WHERE code = 'P89412318364' LIMIT 1), '30정', 13700, 11700, 30, '600000000392',
        '10x10x5mm', '일일한알 멜라토닌', 6, NULL);
INSERT IGNORE INTO stock (product_variant_id, amount, updated_at, restocked_at)
VALUES ((SELECT id
         FROM product_variant
         WHERE variant_name = '60정'
           AND product_id = (SELECT id FROM product WHERE code = 'P89412318364' LIMIT 1)
         LIMIT 1),
        80, '2025-09-29 12:00:00', '2025-08-20 12:00:00'),
       ((SELECT id
         FROM product_variant
         WHERE variant_name = '30정'
           AND product_id = (SELECT id FROM product WHERE code = 'P89412318364' LIMIT 1)
         LIMIT 1),
        55, '2025-09-29 12:00:00', '2025-08-20 12:00:00');
INSERT INTO product_category (product_id, category_id)
VALUES ((SELECT id FROM product WHERE code = 'P89412318364' LIMIT 1),
        (SELECT id FROM category WHERE name = '트립토판' LIMIT 1));
INSERT IGNORE INTO product_rank (product_id, recent_sales, updated_at)
VALUES ((SELECT id FROM product WHERE code = 'P89412318364' LIMIT 1), 1890, '2025-09-29 12:00:00');


INSERT INTO product (brand_id, name, code, description, instruction, ingredients, cautions, disclaimer,
                     sale_start_date, expiration_date, max_qty_per_order, sales, avg_rating, review_count, min_price)
VALUES ((SELECT id FROM brand WHERE name = '정성연구소'),
        '식물성 리포좀 멜라토닌 60정 2개월분 세로토닌 트립토판 메라토닌 효과',
        'P88047768700', '식물성 리포좀 멜라토닌 60정 2개월분 세로토닌 트립토판 메라토닌 효과',
        '하루 1-2정을 취침 전에 섭취하세요.', '멜라토닌, 리포좀, 세로토닌',
        '과다섭취 시 부작용이 있을 수 있습니다.', '본 제품은 질병의 예방 및 치료를 위한 의약품이 아닙니다.',
        '2025-07-14 00:00:00', 30, 6, 1890, 4.3, 280, 19800);
INSERT INTO product_img (product_id, image_url, alt_text, sort_idx, is_primary)
VALUES ((SELECT id FROM product WHERE code = 'P88047768700' LIMIT 1),
        'https://shopping-phinf.pstatic.net/main_8804776/88047768700.1.jpg', '대표 이미지', 0, 1),
       ((SELECT id FROM product WHERE code = 'P88047768700' LIMIT 1),
        'https://shopping-phinf.pstatic.net/main_8804776/88047768700.2.jpg', '상품 상세', 1, 0),
       ((SELECT id FROM product WHERE code = 'P88047768700' LIMIT 1),
        'https://shopping-phinf.pstatic.net/main_8804776/88047768700.3.jpg', '성분 정보', 2, 0);
INSERT INTO product_variant (product_id, variant_name, list_price, sale_price, volume, upc_code, pill_size,
                             nutrition_facts, max_qty_per_order, restock_eta)
VALUES ((SELECT id FROM product WHERE code = 'P88047768700' LIMIT 1), '2개월분', 19800, 17800, 2, '600000000393',
        '10x10x5mm', '정성연구소 리포좀', 6, NULL),
       ((SELECT id FROM product WHERE code = 'P88047768700' LIMIT 1), '1개월분', 12800, 10800, 1, '600000000394',
        '10x10x5mm', '정성연구소 리포좀', 6, NULL);
INSERT IGNORE INTO stock (product_variant_id, amount, updated_at, restocked_at)
VALUES ((SELECT id
         FROM product_variant
         WHERE variant_name = '2개월분'
           AND product_id = (SELECT id FROM product WHERE code = 'P88047768700' LIMIT 1)
         LIMIT 1),
        65, '2025-09-29 12:00:00', '2025-08-20 12:00:00'),
       ((SELECT id
         FROM product_variant
         WHERE variant_name = '1개월분'
           AND product_id = (SELECT id FROM product WHERE code = 'P88047768700' LIMIT 1)
         LIMIT 1),
        45, '2025-09-29 12:00:00', '2025-08-20 12:00:00');
INSERT INTO product_category (product_id, category_id)
VALUES ((SELECT id FROM product WHERE code = 'P88047768700' LIMIT 1),
        (SELECT id FROM category WHERE name = '트립토판' LIMIT 1));
INSERT IGNORE INTO product_rank (product_id, recent_sales, updated_at)
VALUES ((SELECT id FROM product WHERE code = 'P88047768700' LIMIT 1), 1890, '2025-09-29 12:00:00');


INSERT INTO product (brand_id, name, code, description, instruction, ingredients, cautions, disclaimer,
                     sale_start_date, expiration_date, max_qty_per_order, sales, avg_rating, review_count, min_price)
VALUES ((SELECT id FROM brand WHERE name = '만년해로'),
        '식물성 멜라토닌 2mg 미국 메라토닌 트립토판 세로토닌 2개월',
        'P89237554084', '식물성 멜라토닌 2mg 미국 메라토닌 트립토판 세로토닌 2개월',
        '하루 1-2정을 취침 전에 섭취하세요.', '멜라토닌, 트립토판, 세로토닌',
        '과다섭취 시 부작용이 있을 수 있습니다.', '본 제품은 질병의 예방 및 치료를 위한 의약품이 아닙니다.',
        '2025-07-15 00:00:00', 30, 6, 1890, 4.1, 280, 28700);
INSERT INTO product_img (product_id, image_url, alt_text, sort_idx, is_primary)
VALUES ((SELECT id FROM product WHERE code = 'P89237554084' LIMIT 1),
        'https://shopping-phinf.pstatic.net/main_8923755/89237554084.1.jpg', '대표 이미지', 0, 1),
       ((SELECT id FROM product WHERE code = 'P89237554084' LIMIT 1),
        'https://shopping-phinf.pstatic.net/main_8923755/89237554084.2.jpg', '상품 상세', 1, 0),
       ((SELECT id FROM product WHERE code = 'P89237554084' LIMIT 1),
        'https://shopping-phinf.pstatic.net/main_8923755/89237554084.3.jpg', '성분 정보', 2, 0);
INSERT INTO product_variant (product_id, variant_name, list_price, sale_price, volume, upc_code, pill_size,
                             nutrition_facts, max_qty_per_order, restock_eta)
VALUES ((SELECT id FROM product WHERE code = 'P89237554084' LIMIT 1), '2개월', 28700, 26700, 2, '600000000395',
        '10x10x5mm', '만년해로 멜라토닌', 6, NULL),
       ((SELECT id FROM product WHERE code = 'P89237554084' LIMIT 1), '1개월', 18700, 16700, 1, '600000000396',
        '10x10x5mm', '만년해로 멜라토닌', 6, NULL);
INSERT IGNORE INTO stock (product_variant_id, amount, updated_at, restocked_at)
VALUES ((SELECT id
         FROM product_variant
         WHERE variant_name = '2개월'
           AND product_id = (SELECT id FROM product WHERE code = 'P89237554084' LIMIT 1)
         LIMIT 1),
        70, '2025-09-29 12:00:00', '2025-08-20 12:00:00'),
       ((SELECT id
         FROM product_variant
         WHERE variant_name = '1개월'
           AND product_id = (SELECT id FROM product WHERE code = 'P89237554084' LIMIT 1)
         LIMIT 1),
        50, '2025-09-29 12:00:00', '2025-08-20 12:00:00');
INSERT INTO product_category (product_id, category_id)
VALUES ((SELECT id FROM product WHERE code = 'P89237554084' LIMIT 1),
        (SELECT id FROM category WHERE name = '트립토판' LIMIT 1));
INSERT IGNORE INTO product_rank (product_id, recent_sales, updated_at)
VALUES ((SELECT id FROM product WHERE code = 'P89237554084' LIMIT 1), 1890, '2025-09-29 12:00:00');


INSERT IGNORE INTO brand (name)
VALUES ('힐리오비타');
INSERT IGNORE INTO brand (name)
VALUES ('닥터하모니');
INSERT IGNORE INTO brand (name)
VALUES ('바른본질');
INSERT IGNORE INTO brand (name)
VALUES ('킵유어핏');
INSERT IGNORE INTO brand (name)
VALUES ('HHC');
INSERT IGNORE INTO brand (name)
VALUES ('힐린');
INSERT IGNORE INTO brand (name)
VALUES ('허브나인');
INSERT IGNORE INTO brand (name)
VALUES ('롯데ON');

INSERT INTO product (brand_id, name, code, description, instruction, ingredients, cautions, disclaimer,
                     sale_start_date, expiration_date, max_qty_per_order, sales, avg_rating, review_count, min_price)
VALUES ((SELECT id FROM brand WHERE name = '힐리오비타'),
        '식물성 멜라토닌 5mg 미국 고함량 메라토닌 세로토닌 트립토판 가바 테아닌',
        'P89472601050', '식물성 멜라토닌 5mg 미국 고함량 메라토닌 세로토닌 트립토판 가바 테아닌',
        '하루 1-2정을 취침 전에 섭취하세요.', '멜라토닌, 트립토판, 가바, 테아닌',
        '과다섭취 시 부작용이 있을 수 있습니다.', '본 제품은 질병의 예방 및 치료를 위한 의약품이 아닙니다.',
        '2025-07-16 00:00:00', 30, 6, 1890, 4.3, 280, 18200);
INSERT INTO product_img (product_id, image_url, alt_text, sort_idx, is_primary)
VALUES ((SELECT id FROM product WHERE code = 'P89472601050' LIMIT 1),
        'https://shopping-phinf.pstatic.net/main_8947260/89472601050.1.jpg', '대표 이미지', 0, 1),
       ((SELECT id FROM product WHERE code = 'P89472601050' LIMIT 1),
        'https://shopping-phinf.pstatic.net/main_8947260/89472601050.2.jpg', '상품 상세', 1, 0),
       ((SELECT id FROM product WHERE code = 'P89472601050' LIMIT 1),
        'https://shopping-phinf.pstatic.net/main_8947260/89472601050.3.jpg', '성분 정보', 2, 0);
INSERT INTO product_variant (product_id, variant_name, list_price, sale_price, volume, upc_code, pill_size,
                             nutrition_facts, max_qty_per_order, restock_eta)
VALUES ((SELECT id FROM product WHERE code = 'P89472601050' LIMIT 1), '60정', 18200, 16200, 60, '600000000397',
        '10x10x5mm', '힐리오비타 고함량', 6, NULL),
       ((SELECT id FROM product WHERE code = 'P89472601050' LIMIT 1), '30정', 12200, 10200, 30, '600000000398',
        '10x10x5mm', '힐리오비타 고함량', 6, NULL);
INSERT IGNORE INTO stock (product_variant_id, amount, updated_at, restocked_at)
VALUES ((SELECT id
         FROM product_variant
         WHERE variant_name = '60정'
           AND product_id = (SELECT id FROM product WHERE code = 'P89472601050' LIMIT 1)
         LIMIT 1),
        75, '2025-09-29 12:00:00', '2025-08-20 12:00:00'),
       ((SELECT id
         FROM product_variant
         WHERE variant_name = '30정'
           AND product_id = (SELECT id FROM product WHERE code = 'P89472601050' LIMIT 1)
         LIMIT 1),
        50, '2025-09-29 12:00:00', '2025-08-20 12:00:00');
INSERT INTO product_category (product_id, category_id)
VALUES ((SELECT id FROM product WHERE code = 'P89472601050' LIMIT 1),
        (SELECT id FROM category WHERE name = '트립토판' LIMIT 1));
INSERT IGNORE INTO product_rank (product_id, recent_sales, updated_at)
VALUES ((SELECT id FROM product WHERE code = 'P89472601050' LIMIT 1), 1890, '2025-09-29 12:00:00');


INSERT INTO product (brand_id, name, code, description, instruction, ingredients, cautions, disclaimer,
                     sale_start_date, expiration_date, max_qty_per_order, sales, avg_rating, review_count, min_price)
VALUES ((SELECT id FROM brand WHERE name = '닥터하모니'),
        '닥터하모니 식물성 멜라토닌 2mg 함유 트립토판 메라토닌 1개',
        'P88739418682', '닥터하모니 식물성 멜라토닌 2mg 함유 트립토판 메라토닌 1개',
        '하루 1-2정을 취침 전에 섭취하세요.', '멜라토닌, 트립토판, 메라토닌',
        '과다섭취 시 부작용이 있을 수 있습니다.', '본 제품은 질병의 예방 및 치료를 위한 의약품이 아닙니다.',
        '2025-07-17 00:00:00', 30, 6, 1890, 4.2, 280, 18500);
INSERT INTO product_img (product_id, image_url, alt_text, sort_idx, is_primary)
VALUES ((SELECT id FROM product WHERE code = 'P88739418682' LIMIT 1),
        'https://shopping-phinf.pstatic.net/main_8873941/88739418682.1.jpg', '대표 이미지', 0, 1),
       ((SELECT id FROM product WHERE code = 'P88739418682' LIMIT 1),
        'https://shopping-phinf.pstatic.net/main_8873941/88739418682.2.jpg', '상품 상세', 1, 0),
       ((SELECT id FROM product WHERE code = 'P88739418682' LIMIT 1),
        'https://shopping-phinf.pstatic.net/main_8873941/88739418682.3.jpg', '성분 정보', 2, 0);
INSERT INTO product_variant (product_id, variant_name, list_price, sale_price, volume, upc_code, pill_size,
                             nutrition_facts, max_qty_per_order, restock_eta)
VALUES ((SELECT id FROM product WHERE code = 'P88739418682' LIMIT 1), '1개', 18500, 16500, 1, '600000000399',
        '10x10x5mm', '닥터하모니', 6, NULL),
       ((SELECT id FROM product WHERE code = 'P88739418682' LIMIT 1), '2개', 35500, 33500, 2, '600000000400',
        '10x10x5mm', '닥터하모니', 6, NULL);
INSERT IGNORE INTO stock (product_variant_id, amount, updated_at, restocked_at)
VALUES ((SELECT id
         FROM product_variant
         WHERE variant_name = '1개'
           AND product_id = (SELECT id FROM product WHERE code = 'P88739418682' LIMIT 1)
         LIMIT 1),
        85, '2025-09-29 12:00:00', '2025-08-20 12:00:00'),
       ((SELECT id
         FROM product_variant
         WHERE variant_name = '2개'
           AND product_id = (SELECT id FROM product WHERE code = 'P88739418682' LIMIT 1)
         LIMIT 1),
        60, '2025-09-29 12:00:00', '2025-08-20 12:00:00');
INSERT INTO product_category (product_id, category_id)
VALUES ((SELECT id FROM product WHERE code = 'P88739418682' LIMIT 1),
        (SELECT id FROM category WHERE name = '트립토판' LIMIT 1));
INSERT IGNORE INTO product_rank (product_id, recent_sales, updated_at)
VALUES ((SELECT id FROM product WHERE code = 'P88739418682' LIMIT 1), 1890, '2025-09-29 12:00:00');


INSERT INTO product (brand_id, name, code, description, instruction, ingredients, cautions, disclaimer,
                     sale_start_date, expiration_date, max_qty_per_order, sales, avg_rating, review_count, min_price)
VALUES ((SELECT id FROM brand WHERE name = '닥터가'),
        '미국 식물성 멜라토닌 60정 트립토판 메라토닌 테아닌 락티움 맬라토닌 타트체리',
        'P88173567215', '미국 식물성 멜라토닌 60정 트립토판 메라토닌 테아닌 락티움 맬라토닌 타트체리',
        '하루 1-2정을 취침 전에 섭취하세요.', '멜라토닌, 트립토판, 테아닌, 락티움',
        '과다섭취 시 부작용이 있을 수 있습니다.', '본 제품은 질병의 예방 및 치료를 위한 의약품이 아닙니다.',
        '2025-07-18 00:00:00', 30, 6, 1890, 4.4, 280, 24750);
INSERT INTO product_img (product_id, image_url, alt_text, sort_idx, is_primary)
VALUES ((SELECT id FROM product WHERE code = 'P88173567215' LIMIT 1),
        'https://shopping-phinf.pstatic.net/main_8817356/88173567215.1.jpg', '대표 이미지', 0, 1),
       ((SELECT id FROM product WHERE code = 'P88173567215' LIMIT 1),
        'https://shopping-phinf.pstatic.net/main_8817356/88173567215.2.jpg', '상품 상세', 1, 0),
       ((SELECT id FROM product WHERE code = 'P88173567215' LIMIT 1),
        'https://shopping-phinf.pstatic.net/main_8817356/88173567215.3.jpg', '성분 정보', 2, 0);
INSERT INTO product_variant (product_id, variant_name, list_price, sale_price, volume, upc_code, pill_size,
                             nutrition_facts, max_qty_per_order, restock_eta)
VALUES ((SELECT id FROM product WHERE code = 'P88173567215' LIMIT 1), '60정', 24750, 22750, 60, '600000000401',
        '10x10x5mm', '닥터가 미국산', 6, NULL),
       ((SELECT id FROM product WHERE code = 'P88173567215' LIMIT 1), '30정', 15750, 13750, 30, '600000000402',
        '10x10x5mm', '닥터가 미국산', 6, NULL);
INSERT IGNORE INTO stock (product_variant_id, amount, updated_at, restocked_at)
VALUES ((SELECT id
         FROM product_variant
         WHERE variant_name = '60정'
           AND product_id = (SELECT id FROM product WHERE code = 'P88173567215' LIMIT 1)
         LIMIT 1),
        70, '2025-09-29 12:00:00', '2025-08-20 12:00:00'),
       ((SELECT id
         FROM product_variant
         WHERE variant_name = '30정'
           AND product_id = (SELECT id FROM product WHERE code = 'P88173567215' LIMIT 1)
         LIMIT 1),
        45, '2025-09-29 12:00:00', '2025-08-20 12:00:00');
INSERT INTO product_category (product_id, category_id)
VALUES ((SELECT id FROM product WHERE code = 'P88173567215' LIMIT 1),
        (SELECT id FROM category WHERE name = '트립토판' LIMIT 1));
INSERT IGNORE INTO product_rank (product_id, recent_sales, updated_at)
VALUES ((SELECT id FROM product WHERE code = 'P88173567215' LIMIT 1), 1890, '2025-09-29 12:00:00');


INSERT INTO product (brand_id, name, code, description, instruction, ingredients, cautions, disclaimer,
                     sale_start_date, expiration_date, max_qty_per_order, sales, avg_rating, review_count, min_price)
VALUES ((SELECT id FROM brand WHERE name = '바른본질'),
        '식물성 멜라토닌 5mg L-트립토판 고함량 타트체리 비타민 미국 30정 루나비',
        'P89661644478', '식물성 멜라토닌 5mg L-트립토판 고함량 타트체리 비타민 미국 30정 루나비',
        '하루 1-2정을 취침 전에 섭취하세요.', '멜라토닌, L-트립토판, 타트체리',
        '과다섭취 시 부작용이 있을 수 있습니다.', '본 제품은 질병의 예방 및 치료를 위한 의약품이 아닙니다.',
        '2025-07-19 00:00:00', 30, 6, 1890, 4.1, 280, 20800);
INSERT INTO product_img (product_id, image_url, alt_text, sort_idx, is_primary)
VALUES ((SELECT id FROM product WHERE code = 'P89661644478' LIMIT 1),
        'https://shopping-phinf.pstatic.net/main_8966164/89661644478.1.jpg', '대표 이미지', 0, 1),
       ((SELECT id FROM product WHERE code = 'P89661644478' LIMIT 1),
        'https://shopping-phinf.pstatic.net/main_8966164/89661644478.2.jpg', '상품 상세', 1, 0),
       ((SELECT id FROM product WHERE code = 'P89661644478' LIMIT 1),
        'https://shopping-phinf.pstatic.net/main_8966164/89661644478.3.jpg', '성분 정보', 2, 0);
INSERT INTO product_variant (product_id, variant_name, list_price, sale_price, volume, upc_code, pill_size,
                             nutrition_facts, max_qty_per_order, restock_eta)
VALUES ((SELECT id FROM product WHERE code = 'P89661644478' LIMIT 1), '30정', 20800, 18800, 30, '600000000403',
        '10x10x5mm', '바른본질 루나비', 6, NULL),
       ((SELECT id FROM product WHERE code = 'P89661644478' LIMIT 1), '15정', 13800, 11800, 15, '600000000404',
        '10x10x5mm', '바른본질 루나비', 6, NULL);
INSERT IGNORE INTO stock (product_variant_id, amount, updated_at, restocked_at)
VALUES ((SELECT id
         FROM product_variant
         WHERE variant_name = '30정'
           AND product_id = (SELECT id FROM product WHERE code = 'P89661644478' LIMIT 1)
         LIMIT 1),
        65, '2025-09-29 12:00:00', '2025-08-20 12:00:00'),
       ((SELECT id
         FROM product_variant
         WHERE variant_name = '15정'
           AND product_id = (SELECT id FROM product WHERE code = 'P89661644478' LIMIT 1)
         LIMIT 1),
        40, '2025-09-29 12:00:00', '2025-08-20 12:00:00');
INSERT INTO product_category (product_id, category_id)
VALUES ((SELECT id FROM product WHERE code = 'P89661644478' LIMIT 1),
        (SELECT id FROM category WHERE name = '트립토판' LIMIT 1));
INSERT IGNORE INTO product_rank (product_id, recent_sales, updated_at)
VALUES ((SELECT id FROM product WHERE code = 'P89661644478' LIMIT 1), 1890, '2025-09-29 12:00:00');


INSERT INTO product (brand_id, name, code, description, instruction, ingredients, cautions, disclaimer,
                     sale_start_date, expiration_date, max_qty_per_order, sales, avg_rating, review_count, min_price)
VALUES ((SELECT id FROM brand WHERE name = '킵유어핏'),
        '식물성 멜라토닌 3mg 메라토닌 미국 멜라토닌 트립토판 타트체리 멜라라인',
        'P88454215310', '식물성 멜라토닌 3mg 메라토닌 미국 멜라토닌 트립토판 타트체리 멜라라인',
        '하루 1-2정을 취침 전에 섭취하세요.', '멜라토닌, 트립토판, 타트체리',
        '과다섭취 시 부작용이 있을 수 있습니다.', '본 제품은 질병의 예방 및 치료를 위한 의약품이 아닙니다.',
        '2025-07-20 00:00:00', 30, 6, 1890, 4.2, 280, 24900);
INSERT INTO product_img (product_id, image_url, alt_text, sort_idx, is_primary)
VALUES ((SELECT id FROM product WHERE code = 'P88454215310' LIMIT 1),
        'https://shopping-phinf.pstatic.net/main_8845421/88454215310.1.jpg', '대표 이미지', 0, 1),
       ((SELECT id FROM product WHERE code = 'P88454215310' LIMIT 1),
        'https://shopping-phinf.pstatic.net/main_8845421/88454215310.2.jpg', '상품 상세', 1, 0),
       ((SELECT id FROM product WHERE code = 'P88454215310' LIMIT 1),
        'https://shopping-phinf.pstatic.net/main_8845421/88454215310.3.jpg', '성분 정보', 2, 0);
INSERT INTO product_variant (product_id, variant_name, list_price, sale_price, volume, upc_code, pill_size,
                             nutrition_facts, max_qty_per_order, restock_eta)
VALUES ((SELECT id FROM product WHERE code = 'P88454215310' LIMIT 1), '60정', 24900, 22900, 60, '600000000405',
        '10x10x5mm', '킵유어핏 멜라라인', 6, NULL),
       ((SELECT id FROM product WHERE code = 'P88454215310' LIMIT 1), '30정', 15900, 13900, 30, '600000000406',
        '10x10x5mm', '킵유어핏 멜라라인', 6, NULL);
INSERT IGNORE INTO stock (product_variant_id, amount, updated_at, restocked_at)
VALUES ((SELECT id
         FROM product_variant
         WHERE variant_name = '60정'
           AND product_id = (SELECT id FROM product WHERE code = 'P88454215310' LIMIT 1)
         LIMIT 1),
        80, '2025-09-29 12:00:00', '2025-08-20 12:00:00'),
       ((SELECT id
         FROM product_variant
         WHERE variant_name = '30정'
           AND product_id = (SELECT id FROM product WHERE code = 'P88454215310' LIMIT 1)
         LIMIT 1),
        55, '2025-09-29 12:00:00', '2025-08-20 12:00:00');
INSERT INTO product_category (product_id, category_id)
VALUES ((SELECT id FROM product WHERE code = 'P88454215310' LIMIT 1),
        (SELECT id FROM category WHERE name = '트립토판' LIMIT 1));
INSERT IGNORE INTO product_rank (product_id, recent_sales, updated_at)
VALUES ((SELECT id FROM product WHERE code = 'P88454215310' LIMIT 1), 1890, '2025-09-29 12:00:00');


INSERT INTO product (brand_id, name, code, description, instruction, ingredients, cautions, disclaimer,
                     sale_start_date, expiration_date, max_qty_per_order, sales, avg_rating, review_count, min_price)
VALUES ((SELECT id FROM brand WHERE name = '나우푸드'),
        '나우푸드 L 트립토판 세로토닌 1000mg 60타블렛',
        'P83179386313', '나우푸드 L 트립토판 세로토닌 1000mg 60타블렛',
        '하루 1-2정을 섭취하세요.', 'L-트립토판, 세로토닌',
        '과다섭취 시 부작용이 있을 수 있습니다.', '본 제품은 질병의 예방 및 치료를 위한 의약품이 아닙니다.',
        '2025-07-21 00:00:00', 30, 6, 1890, 4.5, 280, 27900);
INSERT INTO product_img (product_id, image_url, alt_text, sort_idx, is_primary)
VALUES ((SELECT id FROM product WHERE code = 'P83179386313' LIMIT 1),
        'https://shopping-phinf.pstatic.net/main_8317938/83179386313.1.jpg', '대표 이미지', 0, 1),
       ((SELECT id FROM product WHERE code = 'P83179386313' LIMIT 1),
        'https://shopping-phinf.pstatic.net/main_8317938/83179386313.2.jpg', '상품 상세', 1, 0),
       ((SELECT id FROM product WHERE code = 'P83179386313' LIMIT 1),
        'https://shopping-phinf.pstatic.net/main_8317938/83179386313.3.jpg', '성분 정보', 2, 0);
INSERT INTO product_variant (product_id, variant_name, list_price, sale_price, volume, upc_code, pill_size,
                             nutrition_facts, max_qty_per_order, restock_eta)
VALUES ((SELECT id FROM product WHERE code = 'P83179386313' LIMIT 1), '60정', 27900, 25900, 60, '600000000407',
        '10x10x5mm', '나우푸드 L-트립토판', 6, NULL),
       ((SELECT id FROM product WHERE code = 'P83179386313' LIMIT 1), '30정', 18900, 16900, 30, '600000000408',
        '10x10x5mm', '나우푸드 L-트립토판', 6, NULL);
INSERT IGNORE INTO stock (product_variant_id, amount, updated_at, restocked_at)
VALUES ((SELECT id
         FROM product_variant
         WHERE variant_name = '60정'
           AND product_id = (SELECT id FROM product WHERE code = 'P83179386313' LIMIT 1)
         LIMIT 1),
        90, '2025-09-29 12:00:00', '2025-08-20 12:00:00'),
       ((SELECT id
         FROM product_variant
         WHERE variant_name = '30정'
           AND product_id = (SELECT id FROM product WHERE code = 'P83179386313' LIMIT 1)
         LIMIT 1),
        60, '2025-09-29 12:00:00', '2025-08-20 12:00:00');
INSERT INTO product_category (product_id, category_id)
VALUES ((SELECT id FROM product WHERE code = 'P83179386313' LIMIT 1),
        (SELECT id FROM category WHERE name = '트립토판' LIMIT 1));
INSERT IGNORE INTO product_rank (product_id, recent_sales, updated_at)
VALUES ((SELECT id FROM product WHERE code = 'P83179386313' LIMIT 1), 1890, '2025-09-29 12:00:00');


INSERT INTO product (brand_id, name, code, description, instruction, ingredients, cautions, disclaimer,
                     sale_start_date, expiration_date, max_qty_per_order, sales, avg_rating, review_count, min_price)
VALUES ((SELECT id FROM brand WHERE name = '힐린'),
        '힐린 세라토판 L 트립토판 1g 세로토닌 세르토닌 전구체 약1달분',
        'P88034467237', '힐린 세라토판 L 트립토판 1g 세로토닌 세르토닌 전구체 약1달분',
        '하루 1-2정을 섭취하세요.', 'L-트립토판, 세로토닌',
        '과다섭취 시 부작용이 있을 수 있습니다.', '본 제품은 질병의 예방 및 치료를 위한 의약품이 아닙니다.',
        '2025-07-22 00:00:00', 30, 6, 1890, 4.3, 280, 38500);
INSERT INTO product_img (product_id, image_url, alt_text, sort_idx, is_primary)
VALUES ((SELECT id FROM product WHERE code = 'P88034467237' LIMIT 1),
        'https://shopping-phinf.pstatic.net/main_8803446/88034467237.1.jpg', '대표 이미지', 0, 1),
       ((SELECT id FROM product WHERE code = 'P88034467237' LIMIT 1),
        'https://shopping-phinf.pstatic.net/main_8803446/88034467237.2.jpg', '상품 상세', 1, 0),
       ((SELECT id FROM product WHERE code = 'P88034467237' LIMIT 1),
        'https://shopping-phinf.pstatic.net/main_8803446/88034467237.3.jpg', '성분 정보', 2, 0);
INSERT INTO product_variant (product_id, variant_name, list_price, sale_price, volume, upc_code, pill_size,
                             nutrition_facts, max_qty_per_order, restock_eta)
VALUES ((SELECT id FROM product WHERE code = 'P88034467237' LIMIT 1), '1달분', 38500, 36500, 1, '600000000409',
        '10x10x5mm', '힐린 세라토판', 6, NULL),
       ((SELECT id FROM product WHERE code = 'P88034467237' LIMIT 1), '2달분', 73500, 71500, 2, '600000000410',
        '10x10x5mm', '힐린 세라토판', 6, NULL);
INSERT IGNORE INTO stock (product_variant_id, amount, updated_at, restocked_at)
VALUES ((SELECT id
         FROM product_variant
         WHERE variant_name = '1달분'
           AND product_id = (SELECT id FROM product WHERE code = 'P88034467237' LIMIT 1)
         LIMIT 1),
        50, '2025-09-29 12:00:00', '2025-08-20 12:00:00'),
       ((SELECT id
         FROM product_variant
         WHERE variant_name = '2달분'
           AND product_id = (SELECT id FROM product WHERE code = 'P88034467237' LIMIT 1)
         LIMIT 1),
        30, '2025-09-29 12:00:00', '2025-08-20 12:00:00');
INSERT INTO product_category (product_id, category_id)
VALUES ((SELECT id FROM product WHERE code = 'P88034467237' LIMIT 1),
        (SELECT id FROM category WHERE name = '트립토판' LIMIT 1));
INSERT IGNORE INTO product_rank (product_id, recent_sales, updated_at)
VALUES ((SELECT id FROM product WHERE code = 'P88034467237' LIMIT 1), 1890, '2025-09-29 12:00:00');


INSERT IGNORE INTO brand (name)
VALUES ('길초근');

INSERT INTO product (brand_id, name, code, description, instruction, ingredients, cautions, disclaimer,
                     sale_start_date, expiration_date, max_qty_per_order, sales, avg_rating, review_count, min_price)
VALUES ((SELECT id FROM brand WHERE name = '허브나인'),
        '길초근 500g',
        'P87131433163', '길초근 500g',
        '한방재료로 사용하세요.', '길초근',
        '보관 시 주의하세요.', '본 제품은 한방재료입니다.',
        '2025-07-23 00:00:00', 30, 6, 1890, 4.0, 280, 23400);
INSERT INTO product_img (product_id, image_url, alt_text, sort_idx, is_primary)
VALUES ((SELECT id FROM product WHERE code = 'P87131433163' LIMIT 1),
        'https://shopping-phinf.pstatic.net/main_8713143/87131433163.1.jpg', '대표 이미지', 0, 1),
       ((SELECT id FROM product WHERE code = 'P87131433163' LIMIT 1),
        'https://shopping-phinf.pstatic.net/main_8713143/87131433163.2.jpg', '상품 상세', 1, 0),
       ((SELECT id FROM product WHERE code = 'P87131433163' LIMIT 1),
        'https://shopping-phinf.pstatic.net/main_8713143/87131433163.3.jpg', '사용법', 2, 0);
INSERT INTO product_variant (product_id, variant_name, list_price, sale_price, volume, upc_code, pill_size,
                             nutrition_facts, max_qty_per_order, restock_eta)
VALUES ((SELECT id FROM product WHERE code = 'P87131433163' LIMIT 1), '500g', 23400, 21400, 500, '600000000411', '길초근',
        '허브나인', 6, NULL),
       ((SELECT id FROM product WHERE code = 'P87131433163' LIMIT 1), '250g', 13400, 11400, 250, '600000000412', '길초근',
        '허브나인', 6, NULL);
INSERT IGNORE INTO stock (product_variant_id, amount, updated_at, restocked_at)
VALUES ((SELECT id
         FROM product_variant
         WHERE variant_name = '500g'
           AND product_id = (SELECT id FROM product WHERE code = 'P87131433163' LIMIT 1)
         LIMIT 1),
        40, '2025-09-29 12:00:00', '2025-08-20 12:00:00'),
       ((SELECT id
         FROM product_variant
         WHERE variant_name = '250g'
           AND product_id = (SELECT id FROM product WHERE code = 'P87131433163' LIMIT 1)
         LIMIT 1),
        25, '2025-09-29 12:00:00', '2025-08-20 12:00:00');
INSERT INTO product_category (product_id, category_id)
VALUES ((SELECT id FROM product WHERE code = 'P87131433163' LIMIT 1),
        (SELECT id FROM category WHERE name = '길초근' LIMIT 1));
INSERT IGNORE INTO product_rank (product_id, recent_sales, updated_at)
VALUES ((SELECT id FROM product WHERE code = 'P87131433163' LIMIT 1), 1890, '2025-09-29 12:00:00');


INSERT INTO product (brand_id, name, code, description, instruction, ingredients, cautions, disclaimer,
                     sale_start_date, expiration_date, max_qty_per_order, sales, avg_rating, review_count, min_price)
VALUES ((SELECT id FROM brand WHERE name = '길초근'),
        '1키로 길초근 쥐오줌풀 건재 희귀약초',
        'P56765350297', '1키로 길초근 쥐오줌풀 건재 희귀약초',
        '한방재료로 사용하세요.', '길초근, 쥐오줌풀',
        '보관 시 주의하세요.', '본 제품은 한방재료입니다.',
        '2025-07-24 00:00:00', 30, 6, 1890, 4.1, 280, 56070);
INSERT INTO product_img (product_id, image_url, alt_text, sort_idx, is_primary)
VALUES ((SELECT id FROM product WHERE code = 'P56765350297' LIMIT 1),
        'https://shopping-phinf.pstatic.net/main_5676535/56765350297.1.jpg', '대표 이미지', 0, 1),
       ((SELECT id FROM product WHERE code = 'P56765350297' LIMIT 1),
        'https://shopping-phinf.pstatic.net/main_5676535/56765350297.2.jpg', '상품 상세', 1, 0),
       ((SELECT id FROM product WHERE code = 'P56765350297' LIMIT 1),
        'https://shopping-phinf.pstatic.net/main_5676535/56765350297.3.jpg', '사용법', 2, 0);
INSERT INTO product_variant (product_id, variant_name, list_price, sale_price, volume, upc_code, pill_size,
                             nutrition_facts, max_qty_per_order, restock_eta)
VALUES ((SELECT id FROM product WHERE code = 'P56765350297' LIMIT 1), '1kg', 56070, 54070, 1000, '600000000413', '길초근',
        '희귀약초', 6, NULL),
       ((SELECT id FROM product WHERE code = 'P56765350297' LIMIT 1), '500g', 31070, 29070, 500, '600000000414', '길초근',
        '희귀약초', 6, NULL);
INSERT IGNORE INTO stock (product_variant_id, amount, updated_at, restocked_at)
VALUES ((SELECT id
         FROM product_variant
         WHERE variant_name = '1kg'
           AND product_id = (SELECT id FROM product WHERE code = 'P56765350297' LIMIT 1)
         LIMIT 1),
        15, '2025-09-29 12:00:00', '2025-08-20 12:00:00'),
       ((SELECT id
         FROM product_variant
         WHERE variant_name = '500g'
           AND product_id = (SELECT id FROM product WHERE code = 'P56765350297' LIMIT 1)
         LIMIT 1),
        10, '2025-09-29 12:00:00', '2025-08-20 12:00:00');
INSERT INTO product_category (product_id, category_id)
VALUES ((SELECT id FROM product WHERE code = 'P56765350297' LIMIT 1),
        (SELECT id FROM category WHERE name = '길초근' LIMIT 1));
INSERT IGNORE INTO product_rank (product_id, recent_sales, updated_at)
VALUES ((SELECT id FROM product WHERE code = 'P56765350297' LIMIT 1), 1890, '2025-09-29 12:00:00');


INSERT INTO product (brand_id, name, code, description, instruction, ingredients, cautions, disclaimer,
                     sale_start_date, expiration_date, max_qty_per_order, sales, avg_rating, review_count, min_price)
VALUES ((SELECT id FROM brand WHERE name = '롯데ON'),
        '야생 길초근 건재 쥐오줌풀 뿌리 자연건조 1kg 한방재료',
        'P46748068513', '야생 길초근 건재 쥐오줌풀 뿌리 자연건조 1kg 한방재료',
        '한방재료로 사용하세요.', '길초근, 쥐오줌풀',
        '보관 시 주의하세요.', '본 제품은 한방재료입니다.',
        '2025-07-25 00:00:00', 30, 6, 1890, 4.2, 280, 66450);
INSERT INTO product_img (product_id, image_url, alt_text, sort_idx, is_primary)
VALUES ((SELECT id FROM product WHERE code = 'P46748068513' LIMIT 1),
        'https://shopping-phinf.pstatic.net/main_4674806/46748068513.1.jpg', '대표 이미지', 0, 1),
       ((SELECT id FROM product WHERE code = 'P46748068513' LIMIT 1),
        'https://shopping-phinf.pstatic.net/main_4674806/46748068513.2.jpg', '상품 상세', 1, 0),
       ((SELECT id FROM product WHERE code = 'P46748068513' LIMIT 1),
        'https://shopping-phinf.pstatic.net/main_4674806/46748068513.3.jpg', '사용법', 2, 0);
INSERT INTO product_variant (product_id, variant_name, list_price, sale_price, volume, upc_code, pill_size,
                             nutrition_facts, max_qty_per_order, restock_eta)
VALUES ((SELECT id FROM product WHERE code = 'P46748068513' LIMIT 1), '1kg', 66450, 64450, 1000, '600000000415', '길초근',
        '롯데ON 야생', 6, NULL),
       ((SELECT id FROM product WHERE code = 'P46748068513' LIMIT 1), '500g', 36450, 34450, 500, '600000000416', '길초근',
        '롯데ON 야생', 6, NULL);
INSERT IGNORE INTO stock (product_variant_id, amount, updated_at, restocked_at)
VALUES ((SELECT id
         FROM product_variant
         WHERE variant_name = '1kg'
           AND product_id = (SELECT id FROM product WHERE code = 'P46748068513' LIMIT 1)
         LIMIT 1),
        12, '2025-09-29 12:00:00', '2025-08-20 12:00:00'),
       ((SELECT id
         FROM product_variant
         WHERE variant_name = '500g'
           AND product_id = (SELECT id FROM product WHERE code = 'P46748068513' LIMIT 1)
         LIMIT 1),
        8, '2025-09-29 12:00:00', '2025-08-20 12:00:00');
INSERT INTO product_category (product_id, category_id)
VALUES ((SELECT id FROM product WHERE code = 'P46748068513' LIMIT 1),
        (SELECT id FROM category WHERE name = '길초근' LIMIT 1));
INSERT IGNORE INTO product_rank (product_id, recent_sales, updated_at)
VALUES ((SELECT id FROM product WHERE code = 'P46748068513' LIMIT 1), 1890, '2025-09-29 12:00:00');


INSERT IGNORE INTO brand (name)
VALUES ('파마노드');
INSERT IGNORE INTO brand (name)
VALUES ('우리집영양술사');
INSERT IGNORE INTO brand (name)
VALUES ('제이의 구매');
INSERT IGNORE INTO brand (name)
VALUES ('샵EZ');
INSERT IGNORE INTO brand (name)
VALUES ('옥션');
INSERT IGNORE INTO brand (name)
VALUES ('COLORFUL');
INSERT IGNORE INTO brand (name)
VALUES ('Lazyboo 미국구매대행');
INSERT IGNORE INTO brand (name)
VALUES ('컨츄리라이프');
INSERT IGNORE INTO brand (name)
VALUES ('와이제이써클');
INSERT IGNORE INTO brand (name)
VALUES ('캘리포니아골드뉴트리션');
INSERT IGNORE INTO brand (name)
VALUES ('All Day VITA');

INSERT INTO product (brand_id, name, code, description, instruction, ingredients, cautions, disclaimer,
                     sale_start_date, expiration_date, max_qty_per_order, sales, avg_rating, review_count, min_price)
VALUES ((SELECT id FROM brand WHERE name = '파마노드'),
        '파마노드 코엔자임 q10 100mg 180정 ubiquinone 유비퀴논 코큐10',
        'P87167211596', '파마노드 코엔자임 q10 100mg 180정 ubiquinone 유비퀴논 코큐10',
        '하루 1-2정을 식후에 섭취하세요.', '코엔자임 Q10, 유비퀴논',
        '과다섭취 시 부작용이 있을 수 있습니다.', '본 제품은 질병의 예방 및 치료를 위한 의약품이 아닙니다.',
        '2025-07-26 00:00:00', 30, 6, 1890, 4.3, 280, 215000);
INSERT INTO product_img (product_id, image_url, alt_text, sort_idx, is_primary)
VALUES ((SELECT id FROM product WHERE code = 'P87167211596' LIMIT 1),
        'https://shopping-phinf.pstatic.net/main_8716721/87167211596.1.jpg', '대표 이미지', 0, 1),
       ((SELECT id FROM product WHERE code = 'P87167211596' LIMIT 1),
        'https://shopping-phinf.pstatic.net/main_8716721/87167211596.2.jpg', '상품 상세', 1, 0),
       ((SELECT id FROM product WHERE code = 'P87167211596' LIMIT 1),
        'https://shopping-phinf.pstatic.net/main_8716721/87167211596.3.jpg', '성분 정보', 2, 0);
INSERT INTO product_variant (product_id, variant_name, list_price, sale_price, volume, upc_code, pill_size,
                             nutrition_facts, max_qty_per_order, restock_eta)
VALUES ((SELECT id FROM product WHERE code = 'P87167211596' LIMIT 1), '180정', 215000, 195000, 180, '600000000417',
        '10x10x5mm', '파마노드 코엔자임', 6, NULL),
       ((SELECT id FROM product WHERE code = 'P87167211596' LIMIT 1), '90정', 115000, 95000, 90, '600000000418',
        '10x10x5mm', '파마노드 코엔자임', 6, NULL);
INSERT IGNORE INTO stock (product_variant_id, amount, updated_at, restocked_at)
VALUES ((SELECT id
         FROM product_variant
         WHERE variant_name = '180정'
           AND product_id = (SELECT id FROM product WHERE code = 'P87167211596' LIMIT 1)
         LIMIT 1),
        25, '2025-09-29 12:00:00', '2025-08-20 12:00:00'),
       ((SELECT id
         FROM product_variant
         WHERE variant_name = '90정'
           AND product_id = (SELECT id FROM product WHERE code = 'P87167211596' LIMIT 1)
         LIMIT 1),
        15, '2025-09-29 12:00:00', '2025-08-20 12:00:00');
INSERT INTO product_category (product_id, category_id)
VALUES ((SELECT id FROM product WHERE code = 'P87167211596' LIMIT 1),
        (SELECT id FROM category WHERE name = 'Coenzyme Q10 (Ubiquinone)' LIMIT 1));
INSERT IGNORE INTO product_rank (product_id, recent_sales, updated_at)
VALUES ((SELECT id FROM product WHERE code = 'P87167211596' LIMIT 1), 1890, '2025-09-29 12:00:00');


INSERT INTO product (brand_id, name, code, description, instruction, ingredients, cautions, disclaimer,
                     sale_start_date, expiration_date, max_qty_per_order, sales, avg_rating, review_count, min_price)
VALUES ((SELECT id FROM brand WHERE name = '소스내추럴스'),
        '코엔자임Q10 유비퀴논 ubiquinone 200mg 60정',
        'P83489423211', '코엔자임Q10 유비퀴논 ubiquinone 200mg 60정',
        '하루 1-2정을 식후에 섭취하세요.', '코엔자임 Q10, 유비퀴논',
        '과다섭취 시 부작용이 있을 수 있습니다.', '본 제품은 질병의 예방 및 치료를 위한 의약품이 아닙니다.',
        '2025-07-27 00:00:00', 30, 6, 1890, 4.2, 280, 38580);
INSERT INTO product_img (product_id, image_url, alt_text, sort_idx, is_primary)
VALUES ((SELECT id FROM product WHERE code = 'P83489423211' LIMIT 1),
        'https://shopping-phinf.pstatic.net/main_8348942/83489423211.1.jpg', '대표 이미지', 0, 1),
       ((SELECT id FROM product WHERE code = 'P83489423211' LIMIT 1),
        'https://shopping-phinf.pstatic.net/main_8348942/83489423211.2.jpg', '상품 상세', 1, 0),
       ((SELECT id FROM product WHERE code = 'P83489423211' LIMIT 1),
        'https://shopping-phinf.pstatic.net/main_8348942/83489423211.3.jpg', '성분 정보', 2, 0);
INSERT INTO product_variant (product_id, variant_name, list_price, sale_price, volume, upc_code, pill_size,
                             nutrition_facts, max_qty_per_order, restock_eta)
VALUES ((SELECT id FROM product WHERE code = 'P83489423211' LIMIT 1), '60정', 38580, 36580, 60, '600000000419',
        '10x10x5mm', '소스내추럴스 고함량', 6, NULL),
       ((SELECT id FROM product WHERE code = 'P83489423211' LIMIT 1), '30정', 23580, 21580, 30, '600000000420',
        '10x10x5mm', '소스내추럴스 고함량', 6, NULL);
INSERT IGNORE INTO stock (product_variant_id, amount, updated_at, restocked_at)
VALUES ((SELECT id
         FROM product_variant
         WHERE variant_name = '60정'
           AND product_id = (SELECT id FROM product WHERE code = 'P83489423211' LIMIT 1)
         LIMIT 1),
        40, '2025-09-29 12:00:00', '2025-08-20 12:00:00'),
       ((SELECT id
         FROM product_variant
         WHERE variant_name = '30정'
           AND product_id = (SELECT id FROM product WHERE code = 'P83489423211' LIMIT 1)
         LIMIT 1),
        25, '2025-09-29 12:00:00', '2025-08-20 12:00:00');
INSERT INTO product_category (product_id, category_id)
VALUES ((SELECT id FROM product WHERE code = 'P83489423211' LIMIT 1),
        (SELECT id FROM category WHERE name = 'Coenzyme Q10 (Ubiquinone)' LIMIT 1));
INSERT IGNORE INTO product_rank (product_id, recent_sales, updated_at)
VALUES ((SELECT id FROM product WHERE code = 'P83489423211' LIMIT 1), 1890, '2025-09-29 12:00:00');


INSERT INTO product (brand_id, name, code, description, instruction, ingredients, cautions, disclaimer,
                     sale_start_date, expiration_date, max_qty_per_order, sales, avg_rating, review_count, min_price)
VALUES ((SELECT id FROM brand WHERE name = '제이의 구매'),
        '1+1 자로우 Ubiquinone 코엔자임큐텐 코엔자임Q10 코쿠텐 COQ10 coenzymeq10 100mg 120정',
        'P88754657209', '1+1 자로우 Ubiquinone 코엔자임큐텐 코엔자임Q10 코쿠텐 COQ10 coenzymeq10 100mg 120정',
        '하루 1-2정을 식후에 섭취하세요.', '코엔자임 Q10, 유비퀴논',
        '과다섭취 시 부작용이 있을 수 있습니다.', '본 제품은 질병의 예방 및 치료를 위한 의약품이 아닙니다.',
        '2025-07-28 00:00:00', 30, 6, 1890, 4.4, 280, 86700);
INSERT INTO product_img (product_id, image_url, alt_text, sort_idx, is_primary)
VALUES ((SELECT id FROM product WHERE code = 'P88754657209' LIMIT 1),
        'https://shopping-phinf.pstatic.net/main_8875465/88754657209.1.jpg', '대표 이미지', 0, 1),
       ((SELECT id FROM product WHERE code = 'P88754657209' LIMIT 1),
        'https://shopping-phinf.pstatic.net/main_8875465/88754657209.2.jpg', '상품 상세', 1, 0),
       ((SELECT id FROM product WHERE code = 'P88754657209' LIMIT 1),
        'https://shopping-phinf.pstatic.net/main_8875465/88754657209.3.jpg', '성분 정보', 2, 0);
INSERT INTO product_variant (product_id, variant_name, list_price, sale_price, volume, upc_code, pill_size,
                             nutrition_facts, max_qty_per_order, restock_eta)
VALUES ((SELECT id FROM product WHERE code = 'P88754657209' LIMIT 1), '1+1', 86700, 84700, 2, '600000000421',
        '10x10x5mm', '자로우 1+1', 6, NULL),
       ((SELECT id FROM product WHERE code = 'P88754657209' LIMIT 1), '1개', 46700, 44700, 1, '600000000422',
        '10x10x5mm', '자로우 1개', 6, NULL);
INSERT IGNORE INTO stock (product_variant_id, amount, updated_at, restocked_at)
VALUES ((SELECT id
         FROM product_variant
         WHERE variant_name = '1+1'
           AND product_id = (SELECT id FROM product WHERE code = 'P88754657209' LIMIT 1)
         LIMIT 1),
        30, '2025-09-29 12:00:00', '2025-08-20 12:00:00'),
       ((SELECT id
         FROM product_variant
         WHERE variant_name = '1개'
           AND product_id = (SELECT id FROM product WHERE code = 'P88754657209' LIMIT 1)
         LIMIT 1),
        20, '2025-09-29 12:00:00', '2025-08-20 12:00:00');
INSERT INTO product_category (product_id, category_id)
VALUES ((SELECT id FROM product WHERE code = 'P88754657209' LIMIT 1),
        (SELECT id FROM category WHERE name = 'Coenzyme Q10 (Ubiquinone)' LIMIT 1));
INSERT IGNORE INTO product_rank (product_id, recent_sales, updated_at)
VALUES ((SELECT id FROM product WHERE code = 'P88754657209' LIMIT 1), 1890, '2025-09-29 12:00:00');


INSERT INTO product (brand_id, name, code, description, instruction, ingredients, cautions, disclaimer,
                     sale_start_date, expiration_date, max_qty_per_order, sales, avg_rating, review_count, min_price)
VALUES ((SELECT id FROM brand WHERE name = '샵EZ'),
        '데바 코엔자임q10 코큐텐 유비퀴논 ubiquinone 100mg 90정 2통',
        'P86161972544', '데바 코엔자임q10 코큐텐 유비퀴논 ubiquinone 100mg 90정 2통',
        '하루 1-2정을 식후에 섭취하세요.', '코엔자임 Q10, 유비퀴논',
        '과다섭취 시 부작용이 있을 수 있습니다.', '본 제품은 질병의 예방 및 치료를 위한 의약품이 아닙니다.',
        '2025-07-29 00:00:00', 30, 6, 1890, 4.1, 280, 91900);
INSERT INTO product_img (product_id, image_url, alt_text, sort_idx, is_primary)
VALUES ((SELECT id FROM product WHERE code = 'P86161972544' LIMIT 1),
        'https://shopping-phinf.pstatic.net/main_8616197/86161972544.1.jpg', '대표 이미지', 0, 1),
       ((SELECT id FROM product WHERE code = 'P86161972544' LIMIT 1),
        'https://shopping-phinf.pstatic.net/main_8616197/86161972544.2.jpg', '상품 상세', 1, 0),
       ((SELECT id FROM product WHERE code = 'P86161972544' LIMIT 1),
        'https://shopping-phinf.pstatic.net/main_8616197/86161972544.3.jpg', '성분 정보', 2, 0);
INSERT INTO product_variant (product_id, variant_name, list_price, sale_price, volume, upc_code, pill_size,
                             nutrition_facts, max_qty_per_order, restock_eta)
VALUES ((SELECT id FROM product WHERE code = 'P86161972544' LIMIT 1), '2통', 91900, 89900, 2, '600000000423',
        '10x10x5mm', '데바 2통', 6, NULL),
       ((SELECT id FROM product WHERE code = 'P86161972544' LIMIT 1), '1통', 51900, 49900, 1, '600000000424',
        '10x10x5mm', '데바 1통', 6, NULL);
INSERT IGNORE INTO stock (product_variant_id, amount, updated_at, restocked_at)
VALUES ((SELECT id
         FROM product_variant
         WHERE variant_name = '2통'
           AND product_id = (SELECT id FROM product WHERE code = 'P86161972544' LIMIT 1)
         LIMIT 1),
        20, '2025-09-29 12:00:00', '2025-08-20 12:00:00'),
       ((SELECT id
         FROM product_variant
         WHERE variant_name = '1통'
           AND product_id = (SELECT id FROM product WHERE code = 'P86161972544' LIMIT 1)
         LIMIT 1),
        15, '2025-09-29 12:00:00', '2025-08-20 12:00:00');
INSERT INTO product_category (product_id, category_id)
VALUES ((SELECT id FROM product WHERE code = 'P86161972544' LIMIT 1),
        (SELECT id FROM category WHERE name = 'Coenzyme Q10 (Ubiquinone)' LIMIT 1));
INSERT IGNORE INTO product_rank (product_id, recent_sales, updated_at)
VALUES ((SELECT id FROM product WHERE code = 'P86161972544' LIMIT 1), 1890, '2025-09-29 12:00:00');


INSERT INTO product (brand_id, name, code, description, instruction, ingredients, cautions, disclaimer,
                     sale_start_date, expiration_date, max_qty_per_order, sales, avg_rating, review_count, min_price)
VALUES ((SELECT id FROM brand WHERE name = '옥션'),
        'Integrative Therapeutics - CoQ10 100mg Coenzyme Q10 Ubiquinone Supplement - Supports Cardiovascular',
        'P56960993554',
        'Integrative Therapeutics - CoQ10 100mg Coenzyme Q10 Ubiquinone Supplement - Supports Cardiovascular',
        '하루 1-2정을 식후에 섭취하세요.', '코엔자임 Q10, 유비퀴논',
        '과다섭취 시 부작용이 있을 수 있습니다.', '본 제품은 질병의 예방 및 치료를 위한 의약품이 아닙니다.',
        '2025-07-30 00:00:00', 30, 6, 1890, 4.5, 280, 131500);
INSERT INTO product_img (product_id, image_url, alt_text, sort_idx, is_primary)
VALUES ((SELECT id FROM product WHERE code = 'P56960993554' LIMIT 1),
        'https://shopping-phinf.pstatic.net/main_5696099/56960993554.1.jpg', '대표 이미지', 0, 1),
       ((SELECT id FROM product WHERE code = 'P56960993554' LIMIT 1),
        'https://shopping-phinf.pstatic.net/main_5696099/56960993554.2.jpg', '상품 상세', 1, 0),
       ((SELECT id FROM product WHERE code = 'P56960993554' LIMIT 1),
        'https://shopping-phinf.pstatic.net/main_5696099/56960993554.3.jpg', '성분 정보', 2, 0);
INSERT INTO product_variant (product_id, variant_name, list_price, sale_price, volume, upc_code, pill_size,
                             nutrition_facts, max_qty_per_order, restock_eta)
VALUES ((SELECT id FROM product WHERE code = 'P56960993554' LIMIT 1), '60정', 131500, 129500, 60, '600000000425',
        '10x10x5mm', 'Integrative Therapeutics', 6, NULL),
       ((SELECT id FROM product WHERE code = 'P56960993554' LIMIT 1), '30정', 81500, 79500, 30, '600000000426',
        '10x10x5mm', 'Integrative Therapeutics', 6, NULL);
INSERT IGNORE INTO stock (product_variant_id, amount, updated_at, restocked_at)
VALUES ((SELECT id
         FROM product_variant
         WHERE variant_name = '60정'
           AND product_id = (SELECT id FROM product WHERE code = 'P56960993554' LIMIT 1)
         LIMIT 1),
        18, '2025-09-29 12:00:00', '2025-08-20 12:00:00'),
       ((SELECT id
         FROM product_variant
         WHERE variant_name = '30정'
           AND product_id = (SELECT id FROM product WHERE code = 'P56960993554' LIMIT 1)
         LIMIT 1),
        12, '2025-09-29 12:00:00', '2025-08-20 12:00:00');
INSERT INTO product_category (product_id, category_id)
VALUES ((SELECT id FROM product WHERE code = 'P56960993554' LIMIT 1),
        (SELECT id FROM category WHERE name = 'Coenzyme Q10 (Ubiquinone)' LIMIT 1));
INSERT IGNORE INTO product_rank (product_id, recent_sales, updated_at)
VALUES ((SELECT id FROM product WHERE code = 'P56960993554' LIMIT 1), 1890, '2025-09-29 12:00:00');


INSERT INTO product (brand_id, name, code, description, instruction, ingredients, cautions, disclaimer,
                     sale_start_date, expiration_date, max_qty_per_order, sales, avg_rating, review_count, min_price)
VALUES ((SELECT id FROM brand WHERE name = 'COLORFUL'),
        '코큐텐Arazo Nutrition CoQ10 Ubiquinone Coenzyme Q10-200mg 30정',
        'P88160602060', '코큐텐Arazo Nutrition CoQ10 Ubiquinone Coenzyme Q10-200mg 30정',
        '하루 1-2정을 식후에 섭취하세요.', '코엔자임 Q10, 유비퀴논',
        '과다섭취 시 부작용이 있을 수 있습니다.', '본 제품은 질병의 예방 및 치료를 위한 의약품이 아닙니다.',
        '2025-07-31 00:00:00', 30, 6, 1890, 4.0, 280, 46000);
INSERT INTO product_img (product_id, image_url, alt_text, sort_idx, is_primary)
VALUES ((SELECT id FROM product WHERE code = 'P88160602060' LIMIT 1),
        'https://shopping-phinf.pstatic.net/main_8816060/88160602060.1.jpg', '대표 이미지', 0, 1),
       ((SELECT id FROM product WHERE code = 'P88160602060' LIMIT 1),
        'https://shopping-phinf.pstatic.net/main_8816060/88160602060.2.jpg', '상품 상세', 1, 0),
       ((SELECT id FROM product WHERE code = 'P88160602060' LIMIT 1),
        'https://shopping-phinf.pstatic.net/main_8816060/88160602060.3.jpg', '성분 정보', 2, 0);
INSERT INTO product_variant (product_id, variant_name, list_price, sale_price, volume, upc_code, pill_size,
                             nutrition_facts, max_qty_per_order, restock_eta)
VALUES ((SELECT id FROM product WHERE code = 'P88160602060' LIMIT 1), '30정', 46000, 44000, 30, '600000000427',
        '10x10x5mm', 'Arazo Nutrition', 6, NULL),
       ((SELECT id FROM product WHERE code = 'P88160602060' LIMIT 1), '15정', 26000, 24000, 15, '600000000428',
        '10x10x5mm', 'Arazo Nutrition', 6, NULL);
INSERT IGNORE INTO stock (product_variant_id, amount, updated_at, restocked_at)
VALUES ((SELECT id
         FROM product_variant
         WHERE variant_name = '30정'
           AND product_id = (SELECT id FROM product WHERE code = 'P88160602060' LIMIT 1)
         LIMIT 1),
        35, '2025-09-29 12:00:00', '2025-08-20 12:00:00'),
       ((SELECT id
         FROM product_variant
         WHERE variant_name = '15정'
           AND product_id = (SELECT id FROM product WHERE code = 'P88160602060' LIMIT 1)
         LIMIT 1),
        22, '2025-09-29 12:00:00', '2025-08-20 12:00:00');
INSERT INTO product_category (product_id, category_id)
VALUES ((SELECT id FROM product WHERE code = 'P88160602060' LIMIT 1),
        (SELECT id FROM category WHERE name = 'Coenzyme Q10 (Ubiquinone)' LIMIT 1));
INSERT IGNORE INTO product_rank (product_id, recent_sales, updated_at)
VALUES ((SELECT id FROM product WHERE code = 'P88160602060' LIMIT 1), 1890, '2025-09-29 12:00:00');


INSERT INTO product (brand_id, name, code, description, instruction, ingredients, cautions, disclaimer,
                     sale_start_date, expiration_date, max_qty_per_order, sales, avg_rating, review_count, min_price)
VALUES ((SELECT id FROM brand WHERE name = 'Lazyboo 미국구매대행'),
        'Vimerson Health CoQ10 Ubiquinone 비머슨 헬스 코엔자임큐텐 30정',
        'P13440847243', 'Vimerson Health CoQ10 Ubiquinone 비머슨 헬스 코엔자임큐텐 30정',
        '하루 1-2정을 식후에 섭취하세요.', '코엔자임 Q10, 유비퀴논',
        '과다섭취 시 부작용이 있을 수 있습니다.', '본 제품은 질병의 예방 및 치료를 위한 의약품이 아닙니다.',
        '2025-08-01 00:00:00', 30, 6, 1890, 4.2, 280, 45300);
INSERT INTO product_img (product_id, image_url, alt_text, sort_idx, is_primary)
VALUES ((SELECT id FROM product WHERE code = 'P13440847243' LIMIT 1),
        'https://shopping-phinf.pstatic.net/main_1344084/13440847243.1.jpg', '대표 이미지', 0, 1),
       ((SELECT id FROM product WHERE code = 'P13440847243' LIMIT 1),
        'https://shopping-phinf.pstatic.net/main_1344084/13440847243.2.jpg', '상품 상세', 1, 0),
       ((SELECT id FROM product WHERE code = 'P13440847243' LIMIT 1),
        'https://shopping-phinf.pstatic.net/main_1344084/13440847243.3.jpg', '성분 정보', 2, 0);
INSERT INTO product_variant (product_id, variant_name, list_price, sale_price, volume, upc_code, pill_size,
                             nutrition_facts, max_qty_per_order, restock_eta)
VALUES ((SELECT id FROM product WHERE code = 'P13440847243' LIMIT 1), '30정', 45300, 43300, 30, '600000000429',
        '10x10x5mm', 'Vimerson Health', 6, NULL),
       ((SELECT id FROM product WHERE code = 'P13440847243' LIMIT 1), '15정', 25300, 23300, 15, '600000000430',
        '10x10x5mm', 'Vimerson Health', 6, NULL);
INSERT IGNORE INTO stock (product_variant_id, amount, updated_at, restocked_at)
VALUES ((SELECT id
         FROM product_variant
         WHERE variant_name = '30정'
           AND product_id = (SELECT id FROM product WHERE code = 'P13440847243' LIMIT 1)
         LIMIT 1),
        28, '2025-09-29 12:00:00', '2025-08-20 12:00:00'),
       ((SELECT id
         FROM product_variant
         WHERE variant_name = '15정'
           AND product_id = (SELECT id FROM product WHERE code = 'P13440847243' LIMIT 1)
         LIMIT 1),
        18, '2025-09-29 12:00:00', '2025-08-20 12:00:00');
INSERT INTO product_category (product_id, category_id)
VALUES ((SELECT id FROM product WHERE code = 'P13440847243' LIMIT 1),
        (SELECT id FROM category WHERE name = 'Coenzyme Q10 (Ubiquinone)' LIMIT 1));
INSERT IGNORE INTO product_rank (product_id, recent_sales, updated_at)
VALUES ((SELECT id FROM product WHERE code = 'P13440847243' LIMIT 1), 1890, '2025-09-29 12:00:00');


INSERT INTO product (brand_id, name, code, description, instruction, ingredients, cautions, disclaimer,
                     sale_start_date, expiration_date, max_qty_per_order, sales, avg_rating, review_count, min_price)
VALUES ((SELECT id FROM brand WHERE name = '컨츄리라이프'),
        '컨트리라이프 코큐텐 코쿠텐 코엔자임큐텐 유비퀴논 식물성코큐텐 CoQ10 ubiquinone 100mg 60정',
        'P88761516293', '컨트리라이프 코큐텐 코쿠텐 코엔자임큐텐 유비퀴논 식물성코큐텐 CoQ10 ubiquinone 100mg 60정',
        '하루 1-2정을 식후에 섭취하세요.', '코엔자임 Q10, 유비퀴논',
        '과다섭취 시 부작용이 있을 수 있습니다.', '본 제품은 질병의 예방 및 치료를 위한 의약품이 아닙니다.',
        '2025-08-02 00:00:00', 30, 6, 1890, 4.1, 280, 35000);
INSERT INTO product_img (product_id, image_url, alt_text, sort_idx, is_primary)
VALUES ((SELECT id FROM product WHERE code = 'P88761516293' LIMIT 1),
        'https://shopping-phinf.pstatic.net/main_8876151/88761516293.1.jpg', '대표 이미지', 0, 1),
       ((SELECT id FROM product WHERE code = 'P88761516293' LIMIT 1),
        'https://shopping-phinf.pstatic.net/main_8876151/88761516293.2.jpg', '상품 상세', 1, 0),
       ((SELECT id FROM product WHERE code = 'P88761516293' LIMIT 1),
        'https://shopping-phinf.pstatic.net/main_8876151/88761516293.3.jpg', '성분 정보', 2, 0);
INSERT INTO product_variant (product_id, variant_name, list_price, sale_price, volume, upc_code, pill_size,
                             nutrition_facts, max_qty_per_order, restock_eta)
VALUES ((SELECT id FROM product WHERE code = 'P88761516293' LIMIT 1), '60정', 35000, 33000, 60, '600000000431',
        '10x10x5mm', '컨츄리라이프', 6, NULL),
       ((SELECT id FROM product WHERE code = 'P88761516293' LIMIT 1), '30정', 20000, 18000, 30, '600000000432',
        '10x10x5mm', '컨츄리라이프', 6, NULL);
INSERT IGNORE INTO stock (product_variant_id, amount, updated_at, restocked_at)
VALUES ((SELECT id
         FROM product_variant
         WHERE variant_name = '60정'
           AND product_id = (SELECT id FROM product WHERE code = 'P88761516293' LIMIT 1)
         LIMIT 1),
        45, '2025-09-29 12:00:00', '2025-08-20 12:00:00'),
       ((SELECT id
         FROM product_variant
         WHERE variant_name = '30정'
           AND product_id = (SELECT id FROM product WHERE code = 'P88761516293' LIMIT 1)
         LIMIT 1),
        30, '2025-09-29 12:00:00', '2025-08-20 12:00:00');
INSERT INTO product_category (product_id, category_id)
VALUES ((SELECT id FROM product WHERE code = 'P88761516293' LIMIT 1),
        (SELECT id FROM category WHERE name = 'Coenzyme Q10 (Ubiquinone)' LIMIT 1));
INSERT IGNORE INTO product_rank (product_id, recent_sales, updated_at)
VALUES ((SELECT id FROM product WHERE code = 'P88761516293' LIMIT 1), 1890, '2025-09-29 12:00:00');


INSERT INTO product (brand_id, name, code, description, instruction, ingredients, cautions, disclaimer,
                     sale_start_date, expiration_date, max_qty_per_order, sales, avg_rating, review_count, min_price)
VALUES ((SELECT id FROM brand WHERE name = '소스내추럴스'),
        'Source Naturals Coenzyme Q10 Ubiquinone 미국 소스내츄럴 코엔자임 코큐텐 유비퀴논 90정(90일분) 2통',
        'P82541376829', 'Source Naturals Coenzyme Q10 Ubiquinone 미국 소스내츄럴 코엔자임 코큐텐 유비퀴논 90정(90일분) 2통',
        '하루 1-2정을 식후에 섭취하세요.', '코엔자임 Q10, 유비퀴논',
        '과다섭취 시 부작용이 있을 수 있습니다.', '본 제품은 질병의 예방 및 치료를 위한 의약품이 아닙니다.',
        '2025-08-03 00:00:00', 30, 6, 1890, 4.3, 280, 83000);
INSERT INTO product_img (product_id, image_url, alt_text, sort_idx, is_primary)
VALUES ((SELECT id FROM product WHERE code = 'P82541376829' LIMIT 1),
        'https://shopping-phinf.pstatic.net/main_8254137/82541376829.1.jpg', '대표 이미지', 0, 1),
       ((SELECT id FROM product WHERE code = 'P82541376829' LIMIT 1),
        'https://shopping-phinf.pstatic.net/main_8254137/82541376829.2.jpg', '상품 상세', 1, 0),
       ((SELECT id FROM product WHERE code = 'P82541376829' LIMIT 1),
        'https://shopping-phinf.pstatic.net/main_8254137/82541376829.3.jpg', '성분 정보', 2, 0);
INSERT INTO product_variant (product_id, variant_name, list_price, sale_price, volume, upc_code, pill_size,
                             nutrition_facts, max_qty_per_order, restock_eta)
VALUES ((SELECT id FROM product WHERE code = 'P82541376829' LIMIT 1), '2통', 83000, 81000, 2, '600000000433',
        '10x10x5mm', 'Source Naturals', 6, NULL),
       ((SELECT id FROM product WHERE code = 'P82541376829' LIMIT 1), '1통', 45000, 43000, 1, '600000000434',
        '10x10x5mm', 'Source Naturals', 6, NULL);
INSERT IGNORE INTO stock (product_variant_id, amount, updated_at, restocked_at)
VALUES ((SELECT id
         FROM product_variant
         WHERE variant_name = '2통'
           AND product_id = (SELECT id FROM product WHERE code = 'P82541376829' LIMIT 1)
         LIMIT 1),
        22, '2025-09-29 12:00:00', '2025-08-20 12:00:00'),
       ((SELECT id
         FROM product_variant
         WHERE variant_name = '1통'
           AND product_id = (SELECT id FROM product WHERE code = 'P82541376829' LIMIT 1)
         LIMIT 1),
        15, '2025-09-29 12:00:00', '2025-08-20 12:00:00');
INSERT INTO product_category (product_id, category_id)
VALUES ((SELECT id FROM product WHERE code = 'P82541376829' LIMIT 1),
        (SELECT id FROM category WHERE name = 'Coenzyme Q10 (Ubiquinone)' LIMIT 1));
INSERT IGNORE INTO product_rank (product_id, recent_sales, updated_at)
VALUES ((SELECT id FROM product WHERE code = 'P82541376829' LIMIT 1), 1890, '2025-09-29 12:00:00');


INSERT INTO product (brand_id, name, code, description, instruction, ingredients, cautions, disclaimer,
                     sale_start_date, expiration_date, max_qty_per_order, sales, avg_rating, review_count, min_price)
VALUES ((SELECT id FROM brand WHERE name = '파마노드'),
        '파마노드 코큐10 100mg 90정 바이오퀴논 코엔자임 유비퀴논 ubiquinone',
        'P87167155703', '파마노드 코큐10 100mg 90정 바이오퀴논 코엔자임 유비퀴논 ubiquinone',
        '하루 1-2정을 식후에 섭취하세요.', '코엔자임 Q10, 유비퀴논',
        '과다섭취 시 부작용이 있을 수 있습니다.', '본 제품은 질병의 예방 및 치료를 위한 의약품이 아닙니다.',
        '2025-08-04 00:00:00', 30, 6, 1890, 4.2, 280, 129000);
INSERT INTO product_img (product_id, image_url, alt_text, sort_idx, is_primary)
VALUES ((SELECT id FROM product WHERE code = 'P87167155703' LIMIT 1),
        'https://shopping-phinf.pstatic.net/main_8716715/87167155703.1.jpg', '대표 이미지', 0, 1),
       ((SELECT id FROM product WHERE code = 'P87167155703' LIMIT 1),
        'https://shopping-phinf.pstatic.net/main_8716715/87167155703.2.jpg', '상품 상세', 1, 0),
       ((SELECT id FROM product WHERE code = 'P87167155703' LIMIT 1),
        'https://shopping-phinf.pstatic.net/main_8716715/87167155703.3.jpg', '성분 정보', 2, 0);
INSERT INTO product_variant (product_id, variant_name, list_price, sale_price, volume, upc_code, pill_size,
                             nutrition_facts, max_qty_per_order, restock_eta)
VALUES ((SELECT id FROM product WHERE code = 'P87167155703' LIMIT 1), '90정', 129000, 127000, 90, '600000000435',
        '10x10x5mm', '파마노드 바이오퀴논', 6, NULL),
       ((SELECT id FROM product WHERE code = 'P87167155703' LIMIT 1), '45정', 79000, 77000, 45, '600000000436',
        '10x10x5mm', '파마노드 바이오퀴논', 6, NULL);
INSERT IGNORE INTO stock (product_variant_id, amount, updated_at, restocked_at)
VALUES ((SELECT id
         FROM product_variant
         WHERE variant_name = '90정'
           AND product_id = (SELECT id FROM product WHERE code = 'P87167155703' LIMIT 1)
         LIMIT 1),
        32, '2025-09-29 12:00:00', '2025-08-20 12:00:00'),
       ((SELECT id
         FROM product_variant
         WHERE variant_name = '45정'
           AND product_id = (SELECT id FROM product WHERE code = 'P87167155703' LIMIT 1)
         LIMIT 1),
        20, '2025-09-29 12:00:00', '2025-08-20 12:00:00');
INSERT INTO product_category (product_id, category_id)
VALUES ((SELECT id FROM product WHERE code = 'P87167155703' LIMIT 1),
        (SELECT id FROM category WHERE name = 'Coenzyme Q10 (Ubiquinone)' LIMIT 1));
INSERT IGNORE INTO product_rank (product_id, recent_sales, updated_at)
VALUES ((SELECT id FROM product WHERE code = 'P87167155703' LIMIT 1), 1890, '2025-09-29 12:00:00');


INSERT INTO product (brand_id, name, code, description, instruction, ingredients, cautions, disclaimer,
                     sale_start_date, expiration_date, max_qty_per_order, sales, avg_rating, review_count, min_price)
VALUES ((SELECT id FROM brand WHERE name = '캘리포니아골드뉴트리션'),
        '캘리포니아골드뉴트리션 CoQ10 코큐텐 코큐10 유비퀴논 ubiquinone 코엔자임Q10 코엔자임큐텐 코엔자임큐10 100mg 120정',
        'P83630649033', '캘리포니아골드뉴트리션 CoQ10 코큐텐 코큐10 유비퀴논 ubiquinone 코엔자임Q10 코엔자임큐텐 코엔자임큐10 100mg 120정',
        '하루 1-2정을 식후에 섭취하세요.', '코엔자임 Q10, 유비퀴논',
        '과다섭취 시 부작용이 있을 수 있습니다.', '본 제품은 질병의 예방 및 치료를 위한 의약품이 아닙니다.',
        '2025-08-05 00:00:00', 30, 6, 1890, 4.4, 280, 31490);
INSERT INTO product_img (product_id, image_url, alt_text, sort_idx, is_primary)
VALUES ((SELECT id FROM product WHERE code = 'P83630649033' LIMIT 1),
        'https://shopping-phinf.pstatic.net/main_8363064/83630649033.1.jpg', '대표 이미지', 0, 1),
       ((SELECT id FROM product WHERE code = 'P83630649033' LIMIT 1),
        'https://shopping-phinf.pstatic.net/main_8363064/83630649033.2.jpg', '상품 상세', 1, 0),
       ((SELECT id FROM product WHERE code = 'P83630649033' LIMIT 1),
        'https://shopping-phinf.pstatic.net/main_8363064/83630649033.3.jpg', '성분 정보', 2, 0);
INSERT INTO product_variant (product_id, variant_name, list_price, sale_price, volume, upc_code, pill_size,
                             nutrition_facts, max_qty_per_order, restock_eta)
VALUES ((SELECT id FROM product WHERE code = 'P83630649033' LIMIT 1), '120정', 31490, 29490, 120, '600000000437',
        '10x10x5mm', '캘리포니아골드뉴트리션', 6, NULL),
       ((SELECT id FROM product WHERE code = 'P83630649033' LIMIT 1), '60정', 19490, 17490, 60, '600000000438',
        '10x10x5mm', '캘리포니아골드뉴트리션', 6, NULL);
INSERT IGNORE INTO stock (product_variant_id, amount, updated_at, restocked_at)
VALUES ((SELECT id
         FROM product_variant
         WHERE variant_name = '120정'
           AND product_id = (SELECT id FROM product WHERE code = 'P83630649033' LIMIT 1)
         LIMIT 1),
        38, '2025-09-29 12:00:00', '2025-08-20 12:00:00'),
       ((SELECT id
         FROM product_variant
         WHERE variant_name = '60정'
           AND product_id = (SELECT id FROM product WHERE code = 'P83630649033' LIMIT 1)
         LIMIT 1),
        25, '2025-09-29 12:00:00', '2025-08-20 12:00:00');
INSERT INTO product_category (product_id, category_id)
VALUES ((SELECT id FROM product WHERE code = 'P83630649033' LIMIT 1),
        (SELECT id FROM category WHERE name = 'Coenzyme Q10 (Ubiquinone)' LIMIT 1));
INSERT IGNORE INTO product_rank (product_id, recent_sales, updated_at)
VALUES ((SELECT id FROM product WHERE code = 'P83630649033' LIMIT 1), 1890, '2025-09-29 12:00:00');


INSERT IGNORE INTO brand (name)
VALUES ('평생비책');
INSERT IGNORE INTO brand (name)
VALUES ('허브큐어');
INSERT IGNORE INTO brand (name)
VALUES ('JW중외제약');
INSERT IGNORE INTO brand (name)
VALUES ('한독');
INSERT IGNORE INTO brand (name)
VALUES ('별이네 건강스토어');
INSERT IGNORE INTO brand (name)
VALUES ('GNM자연의품격');
INSERT IGNORE INTO brand (name)
VALUES ('자연바름');
INSERT IGNORE INTO brand (name)
VALUES ('닥터루템');
INSERT IGNORE INTO brand (name)
VALUES ('비제닉스');
INSERT IGNORE INTO brand (name)
VALUES ('웰스앤헬스');
INSERT IGNORE INTO brand (name)
VALUES ('테라큐민');
INSERT IGNORE INTO brand (name)
VALUES ('한독몰');
INSERT IGNORE INTO brand (name)
VALUES ('ALLBARN');
INSERT IGNORE INTO brand (name)
VALUES ('하프클럽');

INSERT INTO product (brand_id, name, code, description, instruction, ingredients, cautions, disclaimer,
                     sale_start_date, expiration_date, max_qty_per_order, sales, avg_rating, review_count, min_price)
VALUES ((SELECT id FROM brand WHERE name = '평생비책'),
        '평생비책 수용성 커큐민 맥스 60정 1박스 나노 강황 추출물 피페린',
        'P89359300401', '평생비책 수용성 커큐민 맥스 60정 1박스 나노 강황 추출물 피페린',
        '하루 1-2정을 식후에 섭취하세요.', '커큐민, 강황 추출물, 피페린',
        '과다섭취 시 부작용이 있을 수 있습니다.', '본 제품은 질병의 예방 및 치료를 위한 의약품이 아닙니다.',
        '2025-08-06 00:00:00', 30, 6, 1890, 4.2, 280, 19900);
INSERT INTO product_img (product_id, image_url, alt_text, sort_idx, is_primary)
VALUES ((SELECT id FROM product WHERE code = 'P89359300401' LIMIT 1),
        'https://shopping-phinf.pstatic.net/main_8935930/89359300401.1.jpg', '대표 이미지', 0, 1),
       ((SELECT id FROM product WHERE code = 'P89359300401' LIMIT 1),
        'https://shopping-phinf.pstatic.net/main_8935930/89359300401.2.jpg', '상품 상세', 1, 0),
       ((SELECT id FROM product WHERE code = 'P89359300401' LIMIT 1),
        'https://shopping-phinf.pstatic.net/main_8935930/89359300401.3.jpg', '성분 정보', 2, 0);
INSERT INTO product_variant (product_id, variant_name, list_price, sale_price, volume, upc_code, pill_size,
                             nutrition_facts, max_qty_per_order, restock_eta)
VALUES ((SELECT id FROM product WHERE code = 'P89359300401' LIMIT 1), '60정', 19900, 17900, 60, '600000000439',
        '10x10x5mm', '평생비책 수용성', 6, NULL),
       ((SELECT id FROM product WHERE code = 'P89359300401' LIMIT 1), '30정', 11900, 9900, 30, '600000000440',
        '10x10x5mm', '평생비책 수용성', 6, NULL);
INSERT IGNORE INTO stock (product_variant_id, amount, updated_at, restocked_at)
VALUES ((SELECT id
         FROM product_variant
         WHERE variant_name = '60정'
           AND product_id = (SELECT id FROM product WHERE code = 'P89359300401' LIMIT 1)
         LIMIT 1),
        65, '2025-09-29 12:00:00', '2025-08-20 12:00:00'),
       ((SELECT id
         FROM product_variant
         WHERE variant_name = '30정'
           AND product_id = (SELECT id FROM product WHERE code = 'P89359300401' LIMIT 1)
         LIMIT 1),
        40, '2025-09-29 12:00:00', '2025-08-20 12:00:00');
INSERT INTO product_category (product_id, category_id)
VALUES ((SELECT id FROM product WHERE code = 'P89359300401' LIMIT 1),
        (SELECT id FROM category WHERE name = '강황&커큐민' LIMIT 1));
INSERT IGNORE INTO product_rank (product_id, recent_sales, updated_at)
VALUES ((SELECT id FROM product WHERE code = 'P89359300401' LIMIT 1), 1890, '2025-09-29 12:00:00');


INSERT INTO product (brand_id, name, code, description, instruction, ingredients, cautions, disclaimer,
                     sale_start_date, expiration_date, max_qty_per_order, sales, avg_rating, review_count, min_price)
VALUES ((SELECT id FROM brand WHERE name = 'ALLBARUN'),
        '허브큐어 ALLBARUN 올바른 커큐민 골드 500 수용성 강황 500mg x 60정, 1개',
        'P56333850962', '허브큐어 ALLBARUN 올바른 커큐민 골드 500 수용성 강황 500mg x 60정, 1개',
        '하루 1-2정을 식후에 섭취하세요.', '커큐민, 강황',
        '과다섭취 시 부작용이 있을 수 있습니다.', '본 제품은 질병의 예방 및 치료를 위한 의약품이 아닙니다.',
        '2025-08-07 00:00:00', 30, 6, 1890, 4.3, 280, 15400);
INSERT INTO product_img (product_id, image_url, alt_text, sort_idx, is_primary)
VALUES ((SELECT id FROM product WHERE code = 'P56333850962' LIMIT 1),
        'https://shopping-phinf.pstatic.net/main_5633385/56333850962.1.jpg', '대표 이미지', 0, 1),
       ((SELECT id FROM product WHERE code = 'P56333850962' LIMIT 1),
        'https://shopping-phinf.pstatic.net/main_5633385/56333850962.2.jpg', '상품 상세', 1, 0),
       ((SELECT id FROM product WHERE code = 'P56333850962' LIMIT 1),
        'https://shopping-phinf.pstatic.net/main_5633385/56333850962.3.jpg', '성분 정보', 2, 0);
INSERT INTO product_variant (product_id, variant_name, list_price, sale_price, volume, upc_code, pill_size,
                             nutrition_facts, max_qty_per_order, restock_eta)
VALUES ((SELECT id FROM product WHERE code = 'P56333850962' LIMIT 1), '60정', 15400, 13400, 60, '600000000441',
        '10x10x5mm', 'ALLBARUN 골드', 6, NULL),
       ((SELECT id FROM product WHERE code = 'P56333850962' LIMIT 1), '30정', 9400, 7400, 30, '600000000442',
        '10x10x5mm', 'ALLBARUN 골드', 6, NULL);
INSERT IGNORE INTO stock (product_variant_id, amount, updated_at, restocked_at)
VALUES ((SELECT id
         FROM product_variant
         WHERE variant_name = '60정'
           AND product_id = (SELECT id FROM product WHERE code = 'P56333850962' LIMIT 1)
         LIMIT 1),
        80, '2025-09-29 12:00:00', '2025-08-20 12:00:00'),
       ((SELECT id
         FROM product_variant
         WHERE variant_name = '30정'
           AND product_id = (SELECT id FROM product WHERE code = 'P56333850962' LIMIT 1)
         LIMIT 1),
        50, '2025-09-29 12:00:00', '2025-08-20 12:00:00');
INSERT INTO product_category (product_id, category_id)
VALUES ((SELECT id FROM product WHERE code = 'P56333850962' LIMIT 1),
        (SELECT id FROM category WHERE name = '강황&커큐민' LIMIT 1));
INSERT IGNORE INTO product_rank (product_id, recent_sales, updated_at)
VALUES ((SELECT id FROM product WHERE code = 'P56333850962' LIMIT 1), 1890, '2025-09-29 12:00:00');


INSERT INTO product (brand_id, name, code, description, instruction, ingredients, cautions, disclaimer,
                     sale_start_date, expiration_date, max_qty_per_order, sales, avg_rating, review_count, min_price)
VALUES ((SELECT id FROM brand WHERE name = 'JW중외제약'),
        '비오팜 JW중외제약 수용성 강황 커큐민 C3 콤플렉스 플러스 바이오페린 피페린 흑후추 700mg x 60정, 1개',
        'P56353061560', '비오팜 JW중외제약 수용성 강황 커큐민 C3 콤플렉스 플러스 바이오페린 피페린 흑후추 700mg x 60정, 1개',
        '하루 1-2정을 식후에 섭취하세요.', '커큐민, 강황, 피페린, 흑후추',
        '과다섭취 시 부작용이 있을 수 있습니다.', '본 제품은 질병의 예방 및 치료를 위한 의약품이 아닙니다.',
        '2025-08-08 00:00:00', 30, 6, 1890, 4.1, 280, 19500);
INSERT INTO product_img (product_id, image_url, alt_text, sort_idx, is_primary)
VALUES ((SELECT id FROM product WHERE code = 'P56353061560' LIMIT 1),
        'https://shopping-phinf.pstatic.net/main_5635306/56353061560.1.jpg', '대표 이미지', 0, 1),
       ((SELECT id FROM product WHERE code = 'P56353061560' LIMIT 1),
        'https://shopping-phinf.pstatic.net/main_5635306/56353061560.2.jpg', '상품 상세', 1, 0),
       ((SELECT id FROM product WHERE code = 'P56353061560' LIMIT 1),
        'https://shopping-phinf.pstatic.net/main_5635306/56353061560.3.jpg', '성분 정보', 2, 0);
INSERT INTO product_variant (product_id, variant_name, list_price, sale_price, volume, upc_code, pill_size,
                             nutrition_facts, max_qty_per_order, restock_eta)
VALUES ((SELECT id FROM product WHERE code = 'P56353061560' LIMIT 1), '60정', 19500, 17500, 60, '600000000443',
        '10x10x5mm', 'JW중외제약 C3', 6, NULL),
       ((SELECT id FROM product WHERE code = 'P56353061560' LIMIT 1), '30정', 11500, 9500, 30, '600000000444',
        '10x10x5mm', 'JW중외제약 C3', 6, NULL);
INSERT IGNORE INTO stock (product_variant_id, amount, updated_at, restocked_at)
VALUES ((SELECT id
         FROM product_variant
         WHERE variant_name = '60정'
           AND product_id = (SELECT id FROM product WHERE code = 'P56353061560' LIMIT 1)
         LIMIT 1),
        70, '2025-09-29 12:00:00', '2025-08-20 12:00:00'),
       ((SELECT id
         FROM product_variant
         WHERE variant_name = '30정'
           AND product_id = (SELECT id FROM product WHERE code = 'P56353061560' LIMIT 1)
         LIMIT 1),
        45, '2025-09-29 12:00:00', '2025-08-20 12:00:00');
INSERT INTO product_category (product_id, category_id)
VALUES ((SELECT id FROM product WHERE code = 'P56353061560' LIMIT 1),
        (SELECT id FROM category WHERE name = '강황&커큐민' LIMIT 1));
INSERT IGNORE INTO product_rank (product_id, recent_sales, updated_at)
VALUES ((SELECT id FROM product WHERE code = 'P56353061560' LIMIT 1), 1890, '2025-09-29 12:00:00');


INSERT INTO product (brand_id, name, code, description, instruction, ingredients, cautions, disclaimer,
                     sale_start_date, expiration_date, max_qty_per_order, sales, avg_rating, review_count, min_price)
VALUES ((SELECT id FROM brand WHERE name = '한독'),
        '테라큐민 슈퍼플러스 100 60포 수용성 커큐민 100mg',
        'P88022111661', '테라큐민 슈퍼플러스 100 60포 수용성 커큐민 100mg',
        '하루 1-2포를 식후에 섭취하세요.', '커큐민, 수용성',
        '과다섭취 시 부작용이 있을 수 있습니다.', '본 제품은 질병의 예방 및 치료를 위한 의약품이 아닙니다.',
        '2025-08-09 00:00:00', 30, 6, 1890, 4.4, 280, 39000);
INSERT INTO product_img (product_id, image_url, alt_text, sort_idx, is_primary)
VALUES ((SELECT id FROM product WHERE code = 'P88022111661' LIMIT 1),
        'https://shopping-phinf.pstatic.net/main_8802211/88022111661.1.jpg', '대표 이미지', 0, 1),
       ((SELECT id FROM product WHERE code = 'P88022111661' LIMIT 1),
        'https://shopping-phinf.pstatic.net/main_8802211/88022111661.2.jpg', '상품 상세', 1, 0),
       ((SELECT id FROM product WHERE code = 'P88022111661' LIMIT 1),
        'https://shopping-phinf.pstatic.net/main_8802211/88022111661.3.jpg', '성분 정보', 2, 0);
INSERT INTO product_variant (product_id, variant_name, list_price, sale_price, volume, upc_code, pill_size,
                             nutrition_facts, max_qty_per_order, restock_eta)
VALUES ((SELECT id FROM product WHERE code = 'P88022111661' LIMIT 1), '60포', 39000, 37000, 60, '600000000445',
        '10x10x5mm', '테라큐민 슈퍼플러스', 6, NULL),
       ((SELECT id FROM product WHERE code = 'P88022111661' LIMIT 1), '30포', 22000, 20000, 30, '600000000446',
        '10x10x5mm', '테라큐민 슈퍼플러스', 6, NULL);
INSERT IGNORE INTO stock (product_variant_id, amount, updated_at, restocked_at)
VALUES ((SELECT id
         FROM product_variant
         WHERE variant_name = '60포'
           AND product_id = (SELECT id FROM product WHERE code = 'P88022111661' LIMIT 1)
         LIMIT 1),
        55, '2025-09-29 12:00:00', '2025-08-20 12:00:00'),
       ((SELECT id
         FROM product_variant
         WHERE variant_name = '30포'
           AND product_id = (SELECT id FROM product WHERE code = 'P88022111661' LIMIT 1)
         LIMIT 1),
        35, '2025-09-29 12:00:00', '2025-08-20 12:00:00');
INSERT INTO product_category (product_id, category_id)
VALUES ((SELECT id FROM product WHERE code = 'P88022111661' LIMIT 1),
        (SELECT id FROM category WHERE name = '강황&커큐민' LIMIT 1));
INSERT IGNORE INTO product_rank (product_id, recent_sales, updated_at)
VALUES ((SELECT id FROM product WHERE code = 'P88022111661' LIMIT 1), 1890, '2025-09-29 12:00:00');


INSERT INTO product (brand_id, name, code, description, instruction, ingredients, cautions, disclaimer,
                     sale_start_date, expiration_date, max_qty_per_order, sales, avg_rating, review_count, min_price)
VALUES ((SELECT id FROM brand WHERE name = 'GNM자연의품격'),
        '[신제품 10%]GNM 수용성 강황 커큐민 플러스 30정 X 3박스',
        'P89651221807', '[신제품 10%]GNM 수용성 강황 커큐민 플러스 30정 X 3박스',
        '하루 1-2정을 식후에 섭취하세요.', '커큐민, 강황',
        '과다섭취 시 부작용이 있을 수 있습니다.', '본 제품은 질병의 예방 및 치료를 위한 의약품이 아닙니다.',
        '2025-08-10 00:00:00', 30, 6, 1890, 4.0, 280, 43900);
INSERT INTO product_img (product_id, image_url, alt_text, sort_idx, is_primary)
VALUES ((SELECT id FROM product WHERE code = 'P89651221807' LIMIT 1),
        'https://shopping-phinf.pstatic.net/main_8965122/89651221807.1.jpg', '대표 이미지', 0, 1),
       ((SELECT id FROM product WHERE code = 'P89651221807' LIMIT 1),
        'https://shopping-phinf.pstatic.net/main_8965122/89651221807.2.jpg', '상품 상세', 1, 0),
       ((SELECT id FROM product WHERE code = 'P89651221807' LIMIT 1),
        'https://shopping-phinf.pstatic.net/main_8965122/89651221807.3.jpg', '성분 정보', 2, 0);
INSERT INTO product_variant (product_id, variant_name, list_price, sale_price, volume, upc_code, pill_size,
                             nutrition_facts, max_qty_per_order, restock_eta)
VALUES ((SELECT id FROM product WHERE code = 'P89651221807' LIMIT 1), '3박스', 43900, 41900, 3, '600000000447',
        '10x10x5mm', 'GNM 신제품', 6, NULL),
       ((SELECT id FROM product WHERE code = 'P89651221807' LIMIT 1), '1박스', 15900, 13900, 1, '600000000448',
        '10x10x5mm', 'GNM 신제품', 6, NULL);
INSERT IGNORE INTO stock (product_variant_id, amount, updated_at, restocked_at)
VALUES ((SELECT id
         FROM product_variant
         WHERE variant_name = '3박스'
           AND product_id = (SELECT id FROM product WHERE code = 'P89651221807' LIMIT 1)
         LIMIT 1),
        25, '2025-09-29 12:00:00', '2025-08-20 12:00:00'),
       ((SELECT id
         FROM product_variant
         WHERE variant_name = '1박스'
           AND product_id = (SELECT id FROM product WHERE code = 'P89651221807' LIMIT 1)
         LIMIT 1),
        15, '2025-09-29 12:00:00', '2025-08-20 12:00:00');
INSERT INTO product_category (product_id, category_id)
VALUES ((SELECT id FROM product WHERE code = 'P89651221807' LIMIT 1),
        (SELECT id FROM category WHERE name = '강황&커큐민' LIMIT 1));
INSERT IGNORE INTO product_rank (product_id, recent_sales, updated_at)
VALUES ((SELECT id FROM product WHERE code = 'P89651221807' LIMIT 1), 1890, '2025-09-29 12:00:00');


INSERT INTO product (brand_id, name, code, description, instruction, ingredients, cautions, disclaimer,
                     sale_start_date, expiration_date, max_qty_per_order, sales, avg_rating, review_count, min_price)
VALUES ((SELECT id FROM brand WHERE name = '자연바름'),
        '수용성 강황 커큐민 정 효능 70정',
        'P83249939083', '수용성 강황 커큐민 정 효능 70정',
        '하루 1-2정을 식후에 섭취하세요.', '커큐민, 강황',
        '과다섭취 시 부작용이 있을 수 있습니다.', '본 제품은 질병의 예방 및 치료를 위한 의약품이 아닙니다.',
        '2025-08-11 00:00:00', 30, 6, 1890, 4.2, 280, 22900);
INSERT INTO product_img (product_id, image_url, alt_text, sort_idx, is_primary)
VALUES ((SELECT id FROM product WHERE code = 'P83249939083' LIMIT 1),
        'https://shopping-phinf.pstatic.net/main_8324993/83249939083.1.jpg', '대표 이미지', 0, 1),
       ((SELECT id FROM product WHERE code = 'P83249939083' LIMIT 1),
        'https://shopping-phinf.pstatic.net/main_8324993/83249939083.2.jpg', '상품 상세', 1, 0),
       ((SELECT id FROM product WHERE code = 'P83249939083' LIMIT 1),
        'https://shopping-phinf.pstatic.net/main_8324993/83249939083.3.jpg', '성분 정보', 2, 0);
INSERT INTO product_variant (product_id, variant_name, list_price, sale_price, volume, upc_code, pill_size,
                             nutrition_facts, max_qty_per_order, restock_eta)
VALUES ((SELECT id FROM product WHERE code = 'P83249939083' LIMIT 1), '70정', 22900, 20900, 70, '600000000449',
        '10x10x5mm', '자연바름', 6, NULL),
       ((SELECT id FROM product WHERE code = 'P83249939083' LIMIT 1), '35정', 13900, 11900, 35, '600000000450',
        '10x10x5mm', '자연바름', 6, NULL);
INSERT IGNORE INTO stock (product_variant_id, amount, updated_at, restocked_at)
VALUES ((SELECT id
         FROM product_variant
         WHERE variant_name = '70정'
           AND product_id = (SELECT id FROM product WHERE code = 'P83249939083' LIMIT 1)
         LIMIT 1),
        60, '2025-09-29 12:00:00', '2025-08-20 12:00:00'),
       ((SELECT id
         FROM product_variant
         WHERE variant_name = '35정'
           AND product_id = (SELECT id FROM product WHERE code = 'P83249939083' LIMIT 1)
         LIMIT 1),
        38, '2025-09-29 12:00:00', '2025-08-20 12:00:00');
INSERT INTO product_category (product_id, category_id)
VALUES ((SELECT id FROM product WHERE code = 'P83249939083' LIMIT 1),
        (SELECT id FROM category WHERE name = '강황&커큐민' LIMIT 1));
INSERT IGNORE INTO product_rank (product_id, recent_sales, updated_at)
VALUES ((SELECT id FROM product WHERE code = 'P83249939083' LIMIT 1), 1890, '2025-09-29 12:00:00');


INSERT INTO product (brand_id, name, code, description, instruction, ingredients, cautions, disclaimer,
                     sale_start_date, expiration_date, max_qty_per_order, sales, avg_rating, review_count, min_price)
VALUES ((SELECT id FROM brand WHERE name = '닥터루템'),
        '닥터루템 수용성 리포좀 강황 커큐민 영양제 3박스',
        'P87019830595', '닥터루템 수용성 리포좀 강황 커큐민 영양제 3박스',
        '하루 1-2정을 식후에 섭취하세요.', '커큐민, 강황, 리포좀',
        '과다섭취 시 부작용이 있을 수 있습니다.', '본 제품은 질병의 예방 및 치료를 위한 의약품이 아닙니다.',
        '2025-08-12 00:00:00', 30, 6, 1890, 4.3, 280, 64360);
INSERT INTO product_img (product_id, image_url, alt_text, sort_idx, is_primary)
VALUES ((SELECT id FROM product WHERE code = 'P87019830595' LIMIT 1),
        'https://shopping-phinf.pstatic.net/main_8701983/87019830595.1.jpg', '대표 이미지', 0, 1),
       ((SELECT id FROM product WHERE code = 'P87019830595' LIMIT 1),
        'https://shopping-phinf.pstatic.net/main_8701983/87019830595.2.jpg', '상품 상세', 1, 0),
       ((SELECT id FROM product WHERE code = 'P87019830595' LIMIT 1),
        'https://shopping-phinf.pstatic.net/main_8701983/87019830595.3.jpg', '성분 정보', 2, 0);
INSERT INTO product_variant (product_id, variant_name, list_price, sale_price, volume, upc_code, pill_size,
                             nutrition_facts, max_qty_per_order, restock_eta)
VALUES ((SELECT id FROM product WHERE code = 'P87019830595' LIMIT 1), '3박스', 64360, 62360, 3, '600000000451',
        '10x10x5mm', '닥터루템 리포좀', 6, NULL),
       ((SELECT id FROM product WHERE code = 'P87019830595' LIMIT 1), '1박스', 24360, 22360, 1, '600000000452',
        '10x10x5mm', '닥터루템 리포좀', 6, NULL);
INSERT IGNORE INTO stock (product_variant_id, amount, updated_at, restocked_at)
VALUES ((SELECT id
         FROM product_variant
         WHERE variant_name = '3박스'
           AND product_id = (SELECT id FROM product WHERE code = 'P87019830595' LIMIT 1)
         LIMIT 1),
        20, '2025-09-29 12:00:00', '2025-08-20 12:00:00'),
       ((SELECT id
         FROM product_variant
         WHERE variant_name = '1박스'
           AND product_id = (SELECT id FROM product WHERE code = 'P87019830595' LIMIT 1)
         LIMIT 1),
        12, '2025-09-29 12:00:00', '2025-08-20 12:00:00');
INSERT INTO product_category (product_id, category_id)
VALUES ((SELECT id FROM product WHERE code = 'P87019830595' LIMIT 1),
        (SELECT id FROM category WHERE name = '강황&커큐민' LIMIT 1));
INSERT IGNORE INTO product_rank (product_id, recent_sales, updated_at)
VALUES ((SELECT id FROM product WHERE code = 'P87019830595' LIMIT 1), 1890, '2025-09-29 12:00:00');


INSERT INTO product (brand_id, name, code, description, instruction, ingredients, cautions, disclaimer,
                     sale_start_date, expiration_date, max_qty_per_order, sales, avg_rating, review_count, min_price)
VALUES ((SELECT id FROM brand WHERE name = '비제닉스'),
        '비제닉스 아쿠아 커큐민 부스터 수용성 강황 퀘르세틴 코엔자임Q10',
        'P89693951408', '비제닉스 아쿠아 커큐민 부스터 수용성 강황 퀘르세틴 코엔자임Q10',
        '하루 1-2정을 식후에 섭취하세요.', '커큐민, 강황, 퀘르세틴, 코엔자임Q10',
        '과다섭취 시 부작용이 있을 수 있습니다.', '본 제품은 질병의 예방 및 치료를 위한 의약품이 아닙니다.',
        '2025-08-13 00:00:00', 30, 6, 1890, 4.4, 280, 69000);
INSERT INTO product_img (product_id, image_url, alt_text, sort_idx, is_primary)
VALUES ((SELECT id FROM product WHERE code = 'P89693951408' LIMIT 1),
        'https://shopping-phinf.pstatic.net/main_8969395/89693951408.1.jpg', '대표 이미지', 0, 1),
       ((SELECT id FROM product WHERE code = 'P89693951408' LIMIT 1),
        'https://shopping-phinf.pstatic.net/main_8969395/89693951408.2.jpg', '상품 상세', 1, 0),
       ((SELECT id FROM product WHERE code = 'P89693951408' LIMIT 1),
        'https://shopping-phinf.pstatic.net/main_8969395/89693951408.3.jpg', '성분 정보', 2, 0);
INSERT INTO product_variant (product_id, variant_name, list_price, sale_price, volume, upc_code, pill_size,
                             nutrition_facts, max_qty_per_order, restock_eta)
VALUES ((SELECT id FROM product WHERE code = 'P89693951408' LIMIT 1), '60정', 69000, 67000, 60, '600000000453',
        '10x10x5mm', '비제닉스 아쿠아', 6, NULL),
       ((SELECT id FROM product WHERE code = 'P89693951408' LIMIT 1), '30정', 39000, 37000, 30, '600000000454',
        '10x10x5mm', '비제닉스 아쿠아', 6, NULL);
INSERT IGNORE INTO stock (product_variant_id, amount, updated_at, restocked_at)
VALUES ((SELECT id
         FROM product_variant
         WHERE variant_name = '60정'
           AND product_id = (SELECT id FROM product WHERE code = 'P89693951408' LIMIT 1)
         LIMIT 1),
        18, '2025-09-29 12:00:00', '2025-08-20 12:00:00'),
       ((SELECT id
         FROM product_variant
         WHERE variant_name = '30정'
           AND product_id = (SELECT id FROM product WHERE code = 'P89693951408' LIMIT 1)
         LIMIT 1),
        12, '2025-09-29 12:00:00', '2025-08-20 12:00:00');
INSERT INTO product_category (product_id, category_id)
VALUES ((SELECT id FROM product WHERE code = 'P89693951408' LIMIT 1),
        (SELECT id FROM category WHERE name = '강황&커큐민' LIMIT 1));
INSERT IGNORE INTO product_rank (product_id, recent_sales, updated_at)
VALUES ((SELECT id FROM product WHERE code = 'P89693951408' LIMIT 1), 1890, '2025-09-29 12:00:00');


INSERT INTO product (brand_id, name, code, description, instruction, ingredients, cautions, disclaimer,
                     sale_start_date, expiration_date, max_qty_per_order, sales, avg_rating, review_count, min_price)
VALUES ((SELECT id FROM brand WHERE name = '테라큐민'),
        '한독 테라큐민 플러스90 수용성 커큐민 울금강황 60포 1박스',
        'P84285404277', '한독 테라큐민 플러스90 수용성 커큐민 울금강황 60포 1박스',
        '하루 1-2포를 식후에 섭취하세요.', '커큐민, 울금강황',
        '과다섭취 시 부작용이 있을 수 있습니다.', '본 제품은 질병의 예방 및 치료를 위한 의약품이 아닙니다.',
        '2025-08-14 00:00:00', 30, 6, 1890, 4.1, 280, 39900);
INSERT INTO product_img (product_id, image_url, alt_text, sort_idx, is_primary)
VALUES ((SELECT id FROM product WHERE code = 'P84285404277' LIMIT 1),
        'https://shopping-phinf.pstatic.net/main_8428540/84285404277.1.jpg', '대표 이미지', 0, 1),
       ((SELECT id FROM product WHERE code = 'P84285404277' LIMIT 1),
        'https://shopping-phinf.pstatic.net/main_8428540/84285404277.2.jpg', '상품 상세', 1, 0),
       ((SELECT id FROM product WHERE code = 'P84285404277' LIMIT 1),
        'https://shopping-phinf.pstatic.net/main_8428540/84285404277.3.jpg', '성분 정보', 2, 0);
INSERT INTO product_variant (product_id, variant_name, list_price, sale_price, volume, upc_code, pill_size,
                             nutrition_facts, max_qty_per_order, restock_eta)
VALUES ((SELECT id FROM product WHERE code = 'P84285404277' LIMIT 1), '60포', 39900, 37900, 60, '600000000455',
        '10x10x5mm', '테라큐민 플러스90', 6, NULL),
       ((SELECT id FROM product WHERE code = 'P84285404277' LIMIT 1), '30포', 22900, 20900, 30, '600000000456',
        '10x10x5mm', '테라큐민 플러스90', 6, NULL);
INSERT IGNORE INTO stock (product_variant_id, amount, updated_at, restocked_at)
VALUES ((SELECT id
         FROM product_variant
         WHERE variant_name = '60포'
           AND product_id = (SELECT id FROM product WHERE code = 'P84285404277' LIMIT 1)
         LIMIT 1),
        48, '2025-09-29 12:00:00', '2025-08-20 12:00:00'),
       ((SELECT id
         FROM product_variant
         WHERE variant_name = '30포'
           AND product_id = (SELECT id FROM product WHERE code = 'P84285404277' LIMIT 1)
         LIMIT 1),
        30, '2025-09-29 12:00:00', '2025-08-20 12:00:00');
INSERT INTO product_category (product_id, category_id)
VALUES ((SELECT id FROM product WHERE code = 'P84285404277' LIMIT 1),
        (SELECT id FROM category WHERE name = '강황&커큐민' LIMIT 1));
INSERT IGNORE INTO product_rank (product_id, recent_sales, updated_at)
VALUES ((SELECT id FROM product WHERE code = 'P84285404277' LIMIT 1), 1890, '2025-09-29 12:00:00');


INSERT INTO product (brand_id, name, code, description, instruction, ingredients, cautions, disclaimer,
                     sale_start_date, expiration_date, max_qty_per_order, sales, avg_rating, review_count, min_price)
VALUES ((SELECT id FROM brand WHERE name = 'ALLBARN'),
        '[올바른] 올바른 커큐민 골드 500 수용성 강황 60정 1박스',
        'P53018751917', '[올바른] 올바른 커큐민 골드 500 수용성 강황 60정 1박스',
        '하루 1-2정을 식후에 섭취하세요.', '커큐민, 강황',
        '과다섭취 시 부작용이 있을 수 있습니다.', '본 제품은 질병의 예방 및 치료를 위한 의약품이 아닙니다.',
        '2025-08-15 00:00:00', 30, 6, 1890, 4.0, 280, 15900);
INSERT INTO product_img (product_id, image_url, alt_text, sort_idx, is_primary)
VALUES ((SELECT id FROM product WHERE code = 'P53018751917' LIMIT 1),
        'https://shopping-phinf.pstatic.net/main_5301875/53018751917.1.jpg', '대표 이미지', 0, 1),
       ((SELECT id FROM product WHERE code = 'P53018751917' LIMIT 1),
        'https://shopping-phinf.pstatic.net/main_5301875/53018751917.2.jpg', '상품 상세', 1, 0),
       ((SELECT id FROM product WHERE code = 'P53018751917' LIMIT 1),
        'https://shopping-phinf.pstatic.net/main_5301875/53018751917.3.jpg', '성분 정보', 2, 0);
INSERT INTO product_variant (product_id, variant_name, list_price, sale_price, volume, upc_code, pill_size,
                             nutrition_facts, max_qty_per_order, restock_eta)
VALUES ((SELECT id FROM product WHERE code = 'P53018751917' LIMIT 1), '60정', 15900, 13900, 60, '600000000457',
        '10x10x5mm', '올바른 골드', 6, NULL),
       ((SELECT id FROM product WHERE code = 'P53018751917' LIMIT 1), '30정', 9900, 7900, 30, '600000000458',
        '10x10x5mm', '올바른 골드', 6, NULL);
INSERT IGNORE INTO stock (product_variant_id, amount, updated_at, restocked_at)
VALUES ((SELECT id
         FROM product_variant
         WHERE variant_name = '60정'
           AND product_id = (SELECT id FROM product WHERE code = 'P53018751917' LIMIT 1)
         LIMIT 1),
        85, '2025-09-29 12:00:00', '2025-08-20 12:00:00'),
       ((SELECT id
         FROM product_variant
         WHERE variant_name = '30정'
           AND product_id = (SELECT id FROM product WHERE code = 'P53018751917' LIMIT 1)
         LIMIT 1),
        55, '2025-09-29 12:00:00', '2025-08-20 12:00:00');
INSERT INTO product_category (product_id, category_id)
VALUES ((SELECT id FROM product WHERE code = 'P53018751917' LIMIT 1),
        (SELECT id FROM category WHERE name = '강황&커큐민' LIMIT 1));
INSERT IGNORE INTO product_rank (product_id, recent_sales, updated_at)
VALUES ((SELECT id FROM product WHERE code = 'P53018751917' LIMIT 1), 1890, '2025-09-29 12:00:00');


INSERT IGNORE INTO brand (name)
VALUES ('뉴트리아이');
INSERT IGNORE INTO brand (name)
VALUES ('나는아이');
INSERT IGNORE INTO brand (name)
VALUES ('겟라이팅퍼블릭');
INSERT IGNORE INTO brand (name)
VALUES ('특별시장');
INSERT IGNORE INTO brand (name)
VALUES ('정성연구소');
INSERT IGNORE INTO brand (name)
VALUES ('에스더포뮬러');
INSERT IGNORE INTO brand (name)
VALUES ('뉴트리하트');
INSERT IGNORE INTO brand (name)
VALUES ('슈얼리');
INSERT IGNORE INTO brand (name)
VALUES ('슈얼리 본사 쇼핑몰');

INSERT INTO product (brand_id, name, code, description, instruction, ingredients, cautions, disclaimer,
                     sale_start_date, expiration_date, max_qty_per_order, sales, avg_rating, review_count, min_price)
VALUES ((SELECT id FROM brand WHERE name = '뉴트리아이'),
        '면역강타민 강황 커큐민 젤리 약국 어린이 키즈 영양제 중박스(15포)',
        'P47075782296', '면역강타민 강황 커큐민 젤리 약국 어린이 키즈 영양제 중박스(15포)',
        '하루 1-2포를 섭취하세요.', '커큐민, 강황, 젤리',
        '과다섭취 시 부작용이 있을 수 있습니다.', '본 제품은 질병의 예방 및 치료를 위한 의약품이 아닙니다.',
        '2025-08-16 00:00:00', 30, 6, 1890, 4.1, 280, 31900);
INSERT INTO product_img (product_id, image_url, alt_text, sort_idx, is_primary)
VALUES ((SELECT id FROM product WHERE code = 'P47075782296' LIMIT 1),
        'https://shopping-phinf.pstatic.net/main_4707578/47075782296.1.jpg', '대표 이미지', 0, 1),
       ((SELECT id FROM product WHERE code = 'P47075782296' LIMIT 1),
        'https://shopping-phinf.pstatic.net/main_4707578/47075782296.2.jpg', '상품 상세', 1, 0),
       ((SELECT id FROM product WHERE code = 'P47075782296' LIMIT 1),
        'https://shopping-phinf.pstatic.net/main_4707578/47075782296.3.jpg', '성분 정보', 2, 0);
INSERT INTO product_variant (product_id, variant_name, list_price, sale_price, volume, upc_code, pill_size,
                             nutrition_facts, max_qty_per_order, restock_eta)
VALUES ((SELECT id FROM product WHERE code = 'P47075782296' LIMIT 1), '15포', 31900, 29900, 15, '600000000459', '젤리',
        '뉴트리아이 면역강타민', 6, NULL),
       ((SELECT id FROM product WHERE code = 'P47075782296' LIMIT 1), '30포', 59900, 57900, 30, '600000000460', '젤리',
        '뉴트리아이 면역강타민', 6, NULL);
INSERT IGNORE INTO stock (product_variant_id, amount, updated_at, restocked_at)
VALUES ((SELECT id
         FROM product_variant
         WHERE variant_name = '15포'
           AND product_id = (SELECT id FROM product WHERE code = 'P47075782296' LIMIT 1)
         LIMIT 1),
        50, '2025-09-29 12:00:00', '2025-08-20 12:00:00'),
       ((SELECT id
         FROM product_variant
         WHERE variant_name = '30포'
           AND product_id = (SELECT id FROM product WHERE code = 'P47075782296' LIMIT 1)
         LIMIT 1),
        30, '2025-09-29 12:00:00', '2025-08-20 12:00:00');
INSERT INTO product_category (product_id, category_id)
VALUES ((SELECT id FROM product WHERE code = 'P47075782296' LIMIT 1),
        (SELECT id FROM category WHERE name = '강황&커큐민' LIMIT 1));
INSERT IGNORE INTO product_rank (product_id, recent_sales, updated_at)
VALUES ((SELECT id FROM product WHERE code = 'P47075782296' LIMIT 1), 1890, '2025-09-29 12:00:00');


INSERT INTO product (brand_id, name, code, description, instruction, ingredients, cautions, disclaimer,
                     sale_start_date, expiration_date, max_qty_per_order, sales, avg_rating, review_count, min_price)
VALUES ((SELECT id FROM brand WHERE name = '나는아이'),
        '나온스 수용성 커큐민 저분자 콜라겐 강황 추출 액상형 50캡슐, 1개',
        'P89729030700', '나온스 수용성 커큐민 저분자 콜라겐 강황 추출 액상형 50캡슐, 1개',
        '하루 1-2캡슐을 식후에 섭취하세요.', '커큐민, 콜라겐, 강황',
        '과다섭취 시 부작용이 있을 수 있습니다.', '본 제품은 질병의 예방 및 치료를 위한 의약품이 아닙니다.',
        '2025-08-17 00:00:00', 30, 6, 1890, 4.2, 280, 33000);
INSERT INTO product_img (product_id, image_url, alt_text, sort_idx, is_primary)
VALUES ((SELECT id FROM product WHERE code = 'P89729030700' LIMIT 1),
        'https://shopping-phinf.pstatic.net/main_8972903/89729030700.1.jpg', '대표 이미지', 0, 1),
       ((SELECT id FROM product WHERE code = 'P89729030700' LIMIT 1),
        'https://shopping-phinf.pstatic.net/main_8972903/89729030700.2.jpg', '상품 상세', 1, 0),
       ((SELECT id FROM product WHERE code = 'P89729030700' LIMIT 1),
        'https://shopping-phinf.pstatic.net/main_8972903/89729030700.3.jpg', '성분 정보', 2, 0);
INSERT INTO product_variant (product_id, variant_name, list_price, sale_price, volume, upc_code, pill_size,
                             nutrition_facts, max_qty_per_order, restock_eta)
VALUES ((SELECT id FROM product WHERE code = 'P89729030700' LIMIT 1), '50캡슐', 33000, 31000, 50, '600000000461',
        '10x10x5mm', '나온스 저분자', 6, NULL),
       ((SELECT id FROM product WHERE code = 'P89729030700' LIMIT 1), '25캡슐', 19000, 17000, 25, '600000000462',
        '10x10x5mm', '나온스 저분자', 6, NULL);
INSERT IGNORE INTO stock (product_variant_id, amount, updated_at, restocked_at)
VALUES ((SELECT id
         FROM product_variant
         WHERE variant_name = '50캡슐'
           AND product_id = (SELECT id FROM product WHERE code = 'P89729030700' LIMIT 1)
         LIMIT 1),
        42, '2025-09-29 12:00:00', '2025-08-20 12:00:00'),
       ((SELECT id
         FROM product_variant
         WHERE variant_name = '25캡슐'
           AND product_id = (SELECT id FROM product WHERE code = 'P89729030700' LIMIT 1)
         LIMIT 1),
        28, '2025-09-29 12:00:00', '2025-08-20 12:00:00');
INSERT INTO product_category (product_id, category_id)
VALUES ((SELECT id FROM product WHERE code = 'P89729030700' LIMIT 1),
        (SELECT id FROM category WHERE name = '강황&커큐민' LIMIT 1));
INSERT IGNORE INTO product_rank (product_id, recent_sales, updated_at)
VALUES ((SELECT id FROM product WHERE code = 'P89729030700' LIMIT 1), 1890, '2025-09-29 12:00:00');


INSERT INTO product (brand_id, name, code, description, instruction, ingredients, cautions, disclaimer,
                     sale_start_date, expiration_date, max_qty_per_order, sales, avg_rating, review_count, min_price)
VALUES ((SELECT id FROM brand WHERE name = '겟라이팅퍼블릭'),
        '2세대 미셀화테크 흡수율 높은 수용성 커큐민 2통 총120정 고약사 강황 커큐민 효능',
        'P88699353526', '2세대 미셀화테크 흡수율 높은 수용성 커큐민 2통 총120정 고약사 강황 커큐민 효능',
        '하루 1-2정을 식후에 섭취하세요.', '커큐민, 강황',
        '과다섭취 시 부작용이 있을 수 있습니다.', '본 제품은 질병의 예방 및 치료를 위한 의약품이 아닙니다.',
        '2025-08-18 00:00:00', 30, 6, 1890, 4.0, 280, 19970);
INSERT INTO product_img (product_id, image_url, alt_text, sort_idx, is_primary)
VALUES ((SELECT id FROM product WHERE code = 'P88699353526' LIMIT 1),
        'https://shopping-phinf.pstatic.net/main_8869935/88699353526.1.jpg', '대표 이미지', 0, 1),
       ((SELECT id FROM product WHERE code = 'P88699353526' LIMIT 1),
        'https://shopping-phinf.pstatic.net/main_8869935/88699353526.2.jpg', '상품 상세', 1, 0),
       ((SELECT id FROM product WHERE code = 'P88699353526' LIMIT 1),
        'https://shopping-phinf.pstatic.net/main_8869935/88699353526.3.jpg', '성분 정보', 2, 0);
INSERT INTO product_variant (product_id, variant_name, list_price, sale_price, volume, upc_code, pill_size,
                             nutrition_facts, max_qty_per_order, restock_eta)
VALUES ((SELECT id FROM product WHERE code = 'P88699353526' LIMIT 1), '2통', 19970, 17970, 2, '600000000463',
        '10x10x5mm', '겟라이팅퍼블릭 2세대', 6, NULL),
       ((SELECT id FROM product WHERE code = 'P88699353526' LIMIT 1), '1통', 10970, 8970, 1, '600000000464', '10x10x5mm',
        '겟라이팅퍼블릭 2세대', 6, NULL);
INSERT IGNORE INTO stock (product_variant_id, amount, updated_at, restocked_at)
VALUES ((SELECT id
         FROM product_variant
         WHERE variant_name = '2통'
           AND product_id = (SELECT id FROM product WHERE code = 'P88699353526' LIMIT 1)
         LIMIT 1),
        35, '2025-09-29 12:00:00', '2025-08-20 12:00:00'),
       ((SELECT id
         FROM product_variant
         WHERE variant_name = '1통'
           AND product_id = (SELECT id FROM product WHERE code = 'P88699353526' LIMIT 1)
         LIMIT 1),
        22, '2025-09-29 12:00:00', '2025-08-20 12:00:00');
INSERT INTO product_category (product_id, category_id)
VALUES ((SELECT id FROM product WHERE code = 'P88699353526' LIMIT 1),
        (SELECT id FROM category WHERE name = '강황&커큐민' LIMIT 1));
INSERT IGNORE INTO product_rank (product_id, recent_sales, updated_at)
VALUES ((SELECT id FROM product WHERE code = 'P88699353526' LIMIT 1), 1890, '2025-09-29 12:00:00');


INSERT INTO product (brand_id, name, code, description, instruction, ingredients, cautions, disclaimer,
                     sale_start_date, expiration_date, max_qty_per_order, sales, avg_rating, review_count, min_price)
VALUES ((SELECT id FROM brand WHERE name = '특별시장'),
        '오레 수용성 하루커큐민 나노화 액상형 인도산 강황추출물 피페린 함유',
        'P89919716153', '오레 수용성 하루커큐민 나노화 액상형 인도산 강황추출물 피페린 함유',
        '하루 1-2포를 식후에 섭취하세요.', '커큐민, 강황추출물, 피페린',
        '과다섭취 시 부작용이 있을 수 있습니다.', '본 제품은 질병의 예방 및 치료를 위한 의약품이 아닙니다.',
        '2025-08-19 00:00:00', 30, 6, 1890, 4.3, 280, 59000);
INSERT INTO product_img (product_id, image_url, alt_text, sort_idx, is_primary)
VALUES ((SELECT id FROM product WHERE code = 'P89919716153' LIMIT 1),
        'https://shopping-phinf.pstatic.net/main_8991971/89919716153.1.jpg', '대표 이미지', 0, 1),
       ((SELECT id FROM product WHERE code = 'P89919716153' LIMIT 1),
        'https://shopping-phinf.pstatic.net/main_8991971/89919716153.2.jpg', '상품 상세', 1, 0),
       ((SELECT id FROM product WHERE code = 'P89919716153' LIMIT 1),
        'https://shopping-phinf.pstatic.net/main_8991971/89919716153.3.jpg', '성분 정보', 2, 0);
INSERT INTO product_variant (product_id, variant_name, list_price, sale_price, volume, upc_code, pill_size,
                             nutrition_facts, max_qty_per_order, restock_eta)
VALUES ((SELECT id FROM product WHERE code = 'P89919716153' LIMIT 1), '30포', 59000, 57000, 30, '600000000465', '액상',
        '오레 나노화', 6, NULL),
       ((SELECT id FROM product WHERE code = 'P89919716153' LIMIT 1), '15포', 34000, 32000, 15, '600000000466', '액상',
        '오레 나노화', 6, NULL);
INSERT IGNORE INTO stock (product_variant_id, amount, updated_at, restocked_at)
VALUES ((SELECT id
         FROM product_variant
         WHERE variant_name = '30포'
           AND product_id = (SELECT id FROM product WHERE code = 'P89919716153' LIMIT 1)
         LIMIT 1),
        28, '2025-09-29 12:00:00', '2025-08-20 12:00:00'),
       ((SELECT id
         FROM product_variant
         WHERE variant_name = '15포'
           AND product_id = (SELECT id FROM product WHERE code = 'P89919716153' LIMIT 1)
         LIMIT 1),
        18, '2025-09-29 12:00:00', '2025-08-20 12:00:00');
INSERT INTO product_category (product_id, category_id)
VALUES ((SELECT id FROM product WHERE code = 'P89919716153' LIMIT 1),
        (SELECT id FROM category WHERE name = '강황&커큐민' LIMIT 1));
INSERT IGNORE INTO product_rank (product_id, recent_sales, updated_at)
VALUES ((SELECT id FROM product WHERE code = 'P89919716153' LIMIT 1), 1890, '2025-09-29 12:00:00');


INSERT INTO product (brand_id, name, code, description, instruction, ingredients, cautions, disclaimer,
                     sale_start_date, expiration_date, max_qty_per_order, sales, avg_rating, review_count, min_price)
VALUES ((SELECT id FROM brand WHERE name = '정성연구소'),
        '리포좀 글루타치온 180정 6개월분 클루타치온 글루타티온',
        'P85073191664', '리포좀 글루타치온 180정 6개월분 클루타치온 글루타티온',
        '하루 1-2정을 식후에 섭취하세요.', '글루타치온, 리포좀',
        '과다섭취 시 부작용이 있을 수 있습니다.', '본 제품은 질병의 예방 및 치료를 위한 의약품이 아닙니다.',
        '2025-08-20 00:00:00', 30, 6, 1890, 4.2, 280, 29800);
INSERT INTO product_img (product_id, image_url, alt_text, sort_idx, is_primary)
VALUES ((SELECT id FROM product WHERE code = 'P85073191664' LIMIT 1),
        'https://shopping-phinf.pstatic.net/main_8507319/85073191664.1.jpg', '대표 이미지', 0, 1),
       ((SELECT id FROM product WHERE code = 'P85073191664' LIMIT 1),
        'https://shopping-phinf.pstatic.net/main_8507319/85073191664.2.jpg', '상품 상세', 1, 0),
       ((SELECT id FROM product WHERE code = 'P85073191664' LIMIT 1),
        'https://shopping-phinf.pstatic.net/main_8507319/85073191664.3.jpg', '성분 정보', 2, 0);
INSERT INTO product_variant (product_id, variant_name, list_price, sale_price, volume, upc_code, pill_size,
                             nutrition_facts, max_qty_per_order, restock_eta)
VALUES ((SELECT id FROM product WHERE code = 'P85073191664' LIMIT 1), '180정', 29800, 27800, 180, '600000000467',
        '10x10x5mm', '정성연구소 리포좀', 6, NULL),
       ((SELECT id FROM product WHERE code = 'P85073191664' LIMIT 1), '90정', 17800, 15800, 90, '600000000468',
        '10x10x5mm', '정성연구소 리포좀', 6, NULL);
INSERT IGNORE INTO stock (product_variant_id, amount, updated_at, restocked_at)
VALUES ((SELECT id
         FROM product_variant
         WHERE variant_name = '180정'
           AND product_id = (SELECT id FROM product WHERE code = 'P85073191664' LIMIT 1)
         LIMIT 1),
        40, '2025-09-29 12:00:00', '2025-08-20 12:00:00'),
       ((SELECT id
         FROM product_variant
         WHERE variant_name = '90정'
           AND product_id = (SELECT id FROM product WHERE code = 'P85073191664' LIMIT 1)
         LIMIT 1),
        25, '2025-09-29 12:00:00', '2025-08-20 12:00:00');
INSERT INTO product_category (product_id, category_id)
VALUES ((SELECT id FROM product WHERE code = 'P85073191664' LIMIT 1),
        (SELECT id FROM category WHERE name = '글루타치온' LIMIT 1));
INSERT IGNORE INTO product_rank (product_id, recent_sales, updated_at)
VALUES ((SELECT id FROM product WHERE code = 'P85073191664' LIMIT 1), 1890, '2025-09-29 12:00:00');


INSERT INTO product (brand_id, name, code, description, instruction, ingredients, cautions, disclaimer,
                     sale_start_date, expiration_date, max_qty_per_order, sales, avg_rating, review_count, min_price)
VALUES ((SELECT id FROM brand WHERE name = '에스더포뮬러'),
        '에스더포뮬러 여에스더 리포좀 글루타치온 울트라 9X 370mg x 30매, 1개',
        'P53809006970', '에스더포뮬러 여에스더 리포좀 글루타치온 울트라 9X 370mg x 30매, 1개',
        '하루 1-2매를 식후에 섭취하세요.', '글루타치온, 리포좀',
        '과다섭취 시 부작용이 있을 수 있습니다.', '본 제품은 질병의 예방 및 치료를 위한 의약품이 아닙니다.',
        '2025-08-21 00:00:00', 30, 6, 1890, 4.4, 280, 22780);
INSERT INTO product_img (product_id, image_url, alt_text, sort_idx, is_primary)
VALUES ((SELECT id FROM product WHERE code = 'P53809006970' LIMIT 1),
        'https://shopping-phinf.pstatic.net/main_5380900/53809006970.1.jpg', '대표 이미지', 0, 1),
       ((SELECT id FROM product WHERE code = 'P53809006970' LIMIT 1),
        'https://shopping-phinf.pstatic.net/main_5380900/53809006970.2.jpg', '상품 상세', 1, 0),
       ((SELECT id FROM product WHERE code = 'P53809006970' LIMIT 1),
        'https://shopping-phinf.pstatic.net/main_5380900/53809006970.3.jpg', '성분 정보', 2, 0);
INSERT INTO product_variant (product_id, variant_name, list_price, sale_price, volume, upc_code, pill_size,
                             nutrition_facts, max_qty_per_order, restock_eta)
VALUES ((SELECT id FROM product WHERE code = 'P53809006970' LIMIT 1), '30매', 22780, 20780, 30, '600000000469',
        '10x10x5mm', '에스더포뮬러 울트라', 6, NULL),
       ((SELECT id FROM product WHERE code = 'P53809006970' LIMIT 1), '15매', 13780, 11780, 15, '600000000470',
        '10x10x5mm', '에스더포뮬러 울트라', 6, NULL);
INSERT IGNORE INTO stock (product_variant_id, amount, updated_at, restocked_at)
VALUES ((SELECT id
         FROM product_variant
         WHERE variant_name = '30매'
           AND product_id = (SELECT id FROM product WHERE code = 'P53809006970' LIMIT 1)
         LIMIT 1),
        55, '2025-09-29 12:00:00', '2025-08-20 12:00:00'),
       ((SELECT id
         FROM product_variant
         WHERE variant_name = '15매'
           AND product_id = (SELECT id FROM product WHERE code = 'P53809006970' LIMIT 1)
         LIMIT 1),
        35, '2025-09-29 12:00:00', '2025-08-20 12:00:00');
INSERT INTO product_category (product_id, category_id)
VALUES ((SELECT id FROM product WHERE code = 'P53809006970' LIMIT 1),
        (SELECT id FROM category WHERE name = '글루타치온' LIMIT 1));
INSERT IGNORE INTO product_rank (product_id, recent_sales, updated_at)
VALUES ((SELECT id FROM product WHERE code = 'P53809006970' LIMIT 1), 1890, '2025-09-29 12:00:00');


INSERT INTO product (brand_id, name, code, description, instruction, ingredients, cautions, disclaimer,
                     sale_start_date, expiration_date, max_qty_per_order, sales, avg_rating, review_count, min_price)
VALUES ((SELECT id FROM brand WHERE name = '에스더포뮬러'),
        '에스더포뮬러 여에스더 리포좀 글루타치온 다이렉트 울트라X 325mg × 30매, 2개',
        'P51929258762', '에스더포뮬러 여에스더 리포좀 글루타치온 다이렉트 울트라X 325mg × 30매, 2개',
        '하루 1-2매를 식후에 섭취하세요.', '글루타치온, 리포좀',
        '과다섭취 시 부작용이 있을 수 있습니다.', '본 제품은 질병의 예방 및 치료를 위한 의약품이 아닙니다.',
        '2025-08-22 00:00:00', 30, 6, 1890, 4.3, 280, 49000);
INSERT INTO product_img (product_id, image_url, alt_text, sort_idx, is_primary)
VALUES ((SELECT id FROM product WHERE code = 'P51929258762' LIMIT 1),
        'https://shopping-phinf.pstatic.net/main_5192925/51929258762.1.jpg', '대표 이미지', 0, 1),
       ((SELECT id FROM product WHERE code = 'P51929258762' LIMIT 1),
        'https://shopping-phinf.pstatic.net/main_5192925/51929258762.2.jpg', '상품 상세', 1, 0),
       ((SELECT id FROM product WHERE code = 'P51929258762' LIMIT 1),
        'https://shopping-phinf.pstatic.net/main_5192925/51929258762.3.jpg', '성분 정보', 2, 0);
INSERT INTO product_variant (product_id, variant_name, list_price, sale_price, volume, upc_code, pill_size,
                             nutrition_facts, max_qty_per_order, restock_eta)
VALUES ((SELECT id FROM product WHERE code = 'P51929258762' LIMIT 1), '2개', 49000, 47000, 2, '600000000471',
        '10x10x5mm', '에스더포뮬러 다이렉트', 6, NULL),
       ((SELECT id FROM product WHERE code = 'P51929258762' LIMIT 1), '1개', 27000, 25000, 1, '600000000472',
        '10x10x5mm', '에스더포뮬러 다이렉트', 6, NULL);
INSERT IGNORE INTO stock (product_variant_id, amount, updated_at, restocked_at)
VALUES ((SELECT id
         FROM product_variant
         WHERE variant_name = '2개'
           AND product_id = (SELECT id FROM product WHERE code = 'P51929258762' LIMIT 1)
         LIMIT 1),
        30, '2025-09-29 12:00:00', '2025-08-20 12:00:00'),
       ((SELECT id
         FROM product_variant
         WHERE variant_name = '1개'
           AND product_id = (SELECT id FROM product WHERE code = 'P51929258762' LIMIT 1)
         LIMIT 1),
        20, '2025-09-29 12:00:00', '2025-08-20 12:00:00');
INSERT INTO product_category (product_id, category_id)
VALUES ((SELECT id FROM product WHERE code = 'P51929258762' LIMIT 1),
        (SELECT id FROM category WHERE name = '글루타치온' LIMIT 1));
INSERT IGNORE INTO product_rank (product_id, recent_sales, updated_at)
VALUES ((SELECT id FROM product WHERE code = 'P51929258762' LIMIT 1), 1890, '2025-09-29 12:00:00');


INSERT INTO product (brand_id, name, code, description, instruction, ingredients, cautions, disclaimer,
                     sale_start_date, expiration_date, max_qty_per_order, sales, avg_rating, review_count, min_price)
VALUES ((SELECT id FROM brand WHERE name = '뉴트리하트'),
        '리포즘글루타치온 인지질코팅 리포좀글루타치온 효능 효과 환원형 리포솜 글루타티온 클루타치온',
        'P87448381429', '리포즘글루타치온 인지질코팅 리포좀글루타치온 효능 효과 환원형 리포솜 글루타티온 클루타치온',
        '하루 1-2정을 식후에 섭취하세요.', '글루타치온, 리포좀',
        '과다섭취 시 부작용이 있을 수 있습니다.', '본 제품은 질병의 예방 및 치료를 위한 의약품이 아닙니다.',
        '2025-08-23 00:00:00', 30, 6, 1890, 4.1, 280, 24900);
INSERT INTO product_img (product_id, image_url, alt_text, sort_idx, is_primary)
VALUES ((SELECT id FROM product WHERE code = 'P87448381429' LIMIT 1),
        'https://shopping-phinf.pstatic.net/main_8744838/87448381429.1.jpg', '대표 이미지', 0, 1),
       ((SELECT id FROM product WHERE code = 'P87448381429' LIMIT 1),
        'https://shopping-phinf.pstatic.net/main_8744838/87448381429.2.jpg', '상품 상세', 1, 0),
       ((SELECT id FROM product WHERE code = 'P87448381429' LIMIT 1),
        'https://shopping-phinf.pstatic.net/main_8744838/87448381429.3.jpg', '성분 정보', 2, 0);
INSERT INTO product_variant (product_id, variant_name, list_price, sale_price, volume, upc_code, pill_size,
                             nutrition_facts, max_qty_per_order, restock_eta)
VALUES ((SELECT id FROM product WHERE code = 'P87448381429' LIMIT 1), '60정', 24900, 22900, 60, '600000000473',
        '10x10x5mm', '뉴트리하트 인지질', 6, NULL),
       ((SELECT id FROM product WHERE code = 'P87448381429' LIMIT 1), '30정', 14900, 12900, 30, '600000000474',
        '10x10x5mm', '뉴트리하트 인지질', 6, NULL);
INSERT IGNORE INTO stock (product_variant_id, amount, updated_at, restocked_at)
VALUES ((SELECT id
         FROM product_variant
         WHERE variant_name = '60정'
           AND product_id = (SELECT id FROM product WHERE code = 'P87448381429' LIMIT 1)
         LIMIT 1),
        48, '2025-09-29 12:00:00', '2025-08-20 12:00:00'),
       ((SELECT id
         FROM product_variant
         WHERE variant_name = '30정'
           AND product_id = (SELECT id FROM product WHERE code = 'P87448381429' LIMIT 1)
         LIMIT 1),
        32, '2025-09-29 12:00:00', '2025-08-20 12:00:00');
INSERT INTO product_category (product_id, category_id)
VALUES ((SELECT id FROM product WHERE code = 'P87448381429' LIMIT 1),
        (SELECT id FROM category WHERE name = '글루타치온' LIMIT 1));
INSERT IGNORE INTO product_rank (product_id, recent_sales, updated_at)
VALUES ((SELECT id FROM product WHERE code = 'P87448381429' LIMIT 1), 1890, '2025-09-29 12:00:00');


INSERT INTO product (brand_id, name, code, description, instruction, ingredients, cautions, disclaimer,
                     sale_start_date, expiration_date, max_qty_per_order, sales, avg_rating, review_count, min_price)
VALUES ((SELECT id FROM brand WHERE name = '에스더포뮬러'),
        '에스더포뮬러 여에스더 글루타치온 다이렉트 필름 5X 325mg x 30매, 1개',
        'P51929184916', '에스더포뮬러 여에스더 글루타치온 다이렉트 필름 5X 325mg x 30매, 1개',
        '하루 1-2매를 식후에 섭취하세요.', '글루타치온, 필름',
        '과다섭취 시 부작용이 있을 수 있습니다.', '본 제품은 질병의 예방 및 치료를 위한 의약품이 아닙니다.',
        '2025-08-24 00:00:00', 30, 6, 1890, 4.0, 280, 19820);
INSERT INTO product_img (product_id, image_url, alt_text, sort_idx, is_primary)
VALUES ((SELECT id FROM product WHERE code = 'P51929184916' LIMIT 1),
        'https://shopping-phinf.pstatic.net/main_5192918/51929184916.1.jpg', '대표 이미지', 0, 1),
       ((SELECT id FROM product WHERE code = 'P51929184916' LIMIT 1),
        'https://shopping-phinf.pstatic.net/main_5192918/51929184916.2.jpg', '상품 상세', 1, 0),
       ((SELECT id FROM product WHERE code = 'P51929184916' LIMIT 1),
        'https://shopping-phinf.pstatic.net/main_5192918/51929184916.3.jpg', '성분 정보', 2, 0);
INSERT INTO product_variant (product_id, variant_name, list_price, sale_price, volume, upc_code, pill_size,
                             nutrition_facts, max_qty_per_order, restock_eta)
VALUES ((SELECT id FROM product WHERE code = 'P51929184916' LIMIT 1), '30매', 19820, 17820, 30, '600000000475', '필름',
        '에스더포뮬러 5X', 6, NULL),
       ((SELECT id FROM product WHERE code = 'P51929184916' LIMIT 1), '15매', 11820, 9820, 15, '600000000476', '필름',
        '에스더포뮬러 5X', 6, NULL);
INSERT IGNORE INTO stock (product_variant_id, amount, updated_at, restocked_at)
VALUES ((SELECT id
         FROM product_variant
         WHERE variant_name = '30매'
           AND product_id = (SELECT id FROM product WHERE code = 'P51929184916' LIMIT 1)
         LIMIT 1),
        60, '2025-09-29 12:00:00', '2025-08-20 12:00:00'),
       ((SELECT id
         FROM product_variant
         WHERE variant_name = '15매'
           AND product_id = (SELECT id FROM product WHERE code = 'P51929184916' LIMIT 1)
         LIMIT 1),
        38, '2025-09-29 12:00:00', '2025-08-20 12:00:00');
INSERT INTO product_category (product_id, category_id)
VALUES ((SELECT id FROM product WHERE code = 'P51929184916' LIMIT 1),
        (SELECT id FROM category WHERE name = '글루타치온' LIMIT 1));
INSERT IGNORE INTO product_rank (product_id, recent_sales, updated_at)
VALUES ((SELECT id FROM product WHERE code = 'P51929184916' LIMIT 1), 1890, '2025-09-29 12:00:00');


INSERT INTO product (brand_id, name, code, description, instruction, ingredients, cautions, disclaimer,
                     sale_start_date, expiration_date, max_qty_per_order, sales, avg_rating, review_count, min_price)
VALUES ((SELECT id FROM brand WHERE name = '슈얼리'),
        '[4주분] 슈어메디 리포좀 글루타치온 시그니처 9S 고함량 고순도 프리미엄 28매, 1개',
        'P89825244447', '[4주분] 슈어메디 리포좀 글루타치온 시그니처 9S 고함량 고순도 프리미엄 28매, 1개',
        '하루 1-2매를 식후에 섭취하세요.', '글루타치온, 리포좀',
        '과다섭취 시 부작용이 있을 수 있습니다.', '본 제품은 질병의 예방 및 치료를 위한 의약품이 아닙니다.',
        '2025-08-25 00:00:00', 30, 6, 1890, 4.5, 280, 24000);
INSERT INTO product_img (product_id, image_url, alt_text, sort_idx, is_primary)
VALUES ((SELECT id FROM product WHERE code = 'P89825244447' LIMIT 1),
        'https://shopping-phinf.pstatic.net/main_8982524/89825244447.1.jpg', '대표 이미지', 0, 1),
       ((SELECT id FROM product WHERE code = 'P89825244447' LIMIT 1),
        'https://shopping-phinf.pstatic.net/main_8982524/89825244447.2.jpg', '상품 상세', 1, 0),
       ((SELECT id FROM product WHERE code = 'P89825244447' LIMIT 1),
        'https://shopping-phinf.pstatic.net/main_8982524/89825244447.3.jpg', '성분 정보', 2, 0);
INSERT INTO product_variant (product_id, variant_name, list_price, sale_price, volume, upc_code, pill_size,
                             nutrition_facts, max_qty_per_order, restock_eta)
VALUES ((SELECT id FROM product WHERE code = 'P89825244447' LIMIT 1), '28매', 24000, 22000, 28, '600000000477',
        '10x10x5mm', '슈어메디 시그니처', 6, NULL),
       ((SELECT id FROM product WHERE code = 'P89825244447' LIMIT 1), '14매', 14000, 12000, 14, '600000000478',
        '10x10x5mm', '슈어메디 시그니처', 6, NULL);
INSERT IGNORE INTO stock (product_variant_id, amount, updated_at, restocked_at)
VALUES ((SELECT id
         FROM product_variant
         WHERE variant_name = '28매'
           AND product_id = (SELECT id FROM product WHERE code = 'P89825244447' LIMIT 1)
         LIMIT 1),
        45, '2025-09-29 12:00:00', '2025-08-20 12:00:00'),
       ((SELECT id
         FROM product_variant
         WHERE variant_name = '14매'
           AND product_id = (SELECT id FROM product WHERE code = 'P89825244447' LIMIT 1)
         LIMIT 1),
        28, '2025-09-29 12:00:00', '2025-08-20 12:00:00');
INSERT INTO product_category (product_id, category_id)
VALUES ((SELECT id FROM product WHERE code = 'P89825244447' LIMIT 1),
        (SELECT id FROM category WHERE name = '글루타치온' LIMIT 1));
INSERT IGNORE INTO product_rank (product_id, recent_sales, updated_at)
VALUES ((SELECT id FROM product WHERE code = 'P89825244447' LIMIT 1), 1890, '2025-09-29 12:00:00');


INSERT IGNORE INTO brand (name)
VALUES ('청춘발전소');
INSERT IGNORE INTO brand (name)
VALUES ('닥터올로지');
INSERT IGNORE INTO brand (name)
VALUES ('저스트글로우');
INSERT IGNORE INTO brand (name)
VALUES ('킵유어핏');
INSERT IGNORE INTO brand (name)
VALUES ('하루틴');
INSERT IGNORE INTO brand (name)
VALUES ('종근당');
INSERT IGNORE INTO brand (name)
VALUES ('웰빙곳간');
INSERT IGNORE INTO brand (name)
VALUES ('딜라이트오');
INSERT IGNORE INTO brand (name)
VALUES ('핏업');

INSERT INTO product (brand_id, name, code, description, instruction, ingredients, cautions, disclaimer,
                     sale_start_date, expiration_date, max_qty_per_order, sales, avg_rating, review_count, min_price)
VALUES ((SELECT id FROM brand WHERE name = '청춘발전소'),
        '[1포 순수함량 700mg] 정직한 글루타치온 환원형 고함량 고순도 효과 효능',
        'P87443963094', '[1포 순수함량 700mg] 정직한 글루타치온 환원형 고함량 고순도 효과 효능',
        '하루 1-2포를 식후에 섭취하세요.', '글루타치온, 환원형',
        '과다섭취 시 부작용이 있을 수 있습니다.', '본 제품은 질병의 예방 및 치료를 위한 의약품이 아닙니다.',
        '2025-08-26 00:00:00', 30, 6, 1890, 4.1, 280, 24900);
INSERT INTO product_img (product_id, image_url, alt_text, sort_idx, is_primary)
VALUES ((SELECT id FROM product WHERE code = 'P87443963094' LIMIT 1),
        'https://shopping-phinf.pstatic.net/main_8744396/87443963094.1.jpg', '대표 이미지', 0, 1),
       ((SELECT id FROM product WHERE code = 'P87443963094' LIMIT 1),
        'https://shopping-phinf.pstatic.net/main_8744396/87443963094.2.jpg', '상품 상세', 1, 0),
       ((SELECT id FROM product WHERE code = 'P87443963094' LIMIT 1),
        'https://shopping-phinf.pstatic.net/main_8744396/87443963094.3.jpg', '성분 정보', 2, 0);
INSERT INTO product_variant (product_id, variant_name, list_price, sale_price, volume, upc_code, pill_size,
                             nutrition_facts, max_qty_per_order, restock_eta)
VALUES ((SELECT id FROM product WHERE code = 'P87443963094' LIMIT 1), '30포', 24900, 22900, 30, '600000000479',
        '10x10x5mm', '청춘발전소 정직한', 6, NULL),
       ((SELECT id FROM product WHERE code = 'P87443963094' LIMIT 1), '15포', 14900, 12900, 15, '600000000480',
        '10x10x5mm', '청춘발전소 정직한', 6, NULL);
INSERT IGNORE INTO stock (product_variant_id, amount, updated_at, restocked_at)
VALUES ((SELECT id
         FROM product_variant
         WHERE variant_name = '30포'
           AND product_id = (SELECT id FROM product WHERE code = 'P87443963094' LIMIT 1)
         LIMIT 1),
        52, '2025-09-29 12:00:00', '2025-08-20 12:00:00'),
       ((SELECT id
         FROM product_variant
         WHERE variant_name = '15포'
           AND product_id = (SELECT id FROM product WHERE code = 'P87443963094' LIMIT 1)
         LIMIT 1),
        33, '2025-09-29 12:00:00', '2025-08-20 12:00:00');
INSERT INTO product_category (product_id, category_id)
VALUES ((SELECT id FROM product WHERE code = 'P87443963094' LIMIT 1),
        (SELECT id FROM category WHERE name = '글루타치온' LIMIT 1));
INSERT IGNORE INTO product_rank (product_id, recent_sales, updated_at)
VALUES ((SELECT id FROM product WHERE code = 'P87443963094' LIMIT 1), 1890, '2025-09-29 12:00:00');


INSERT INTO product (brand_id, name, code, description, instruction, ingredients, cautions, disclaimer,
                     sale_start_date, expiration_date, max_qty_per_order, sales, avg_rating, review_count, min_price)
VALUES ((SELECT id FROM brand WHERE name = '닥터올로지'),
        '닥터올로지 영국산 글루타치온 비타민C 600mg x 30정, 1개',
        'P51929029561', '닥터올로지 영국산 글루타치온 비타민C 600mg x 30정, 1개',
        '하루 1-2정을 식후에 섭취하세요.', '글루타치온, 비타민C',
        '과다섭취 시 부작용이 있을 수 있습니다.', '본 제품은 질병의 예방 및 치료를 위한 의약품이 아닙니다.',
        '2025-08-27 00:00:00', 30, 6, 1890, 4.2, 280, 19900);
INSERT INTO product_img (product_id, image_url, alt_text, sort_idx, is_primary)
VALUES ((SELECT id FROM product WHERE code = 'P51929029561' LIMIT 1),
        'https://shopping-phinf.pstatic.net/main_5192902/51929029561.1.jpg', '대표 이미지', 0, 1),
       ((SELECT id FROM product WHERE code = 'P51929029561' LIMIT 1),
        'https://shopping-phinf.pstatic.net/main_5192902/51929029561.2.jpg', '상품 상세', 1, 0),
       ((SELECT id FROM product WHERE code = 'P51929029561' LIMIT 1),
        'https://shopping-phinf.pstatic.net/main_5192902/51929029561.3.jpg', '성분 정보', 2, 0);
INSERT INTO product_variant (product_id, variant_name, list_price, sale_price, volume, upc_code, pill_size,
                             nutrition_facts, max_qty_per_order, restock_eta)
VALUES ((SELECT id FROM product WHERE code = 'P51929029561' LIMIT 1), '30정', 19900, 17900, 30, '600000000481',
        '10x10x5mm', '닥터올로지 영국산', 6, NULL),
       ((SELECT id FROM product WHERE code = 'P51929029561' LIMIT 1), '15정', 11900, 9900, 15, '600000000482',
        '10x10x5mm', '닥터올로지 영국산', 6, NULL);
INSERT IGNORE INTO stock (product_variant_id, amount, updated_at, restocked_at)
VALUES ((SELECT id
         FROM product_variant
         WHERE variant_name = '30정'
           AND product_id = (SELECT id FROM product WHERE code = 'P51929029561' LIMIT 1)
         LIMIT 1),
        65, '2025-09-29 12:00:00', '2025-08-20 12:00:00'),
       ((SELECT id
         FROM product_variant
         WHERE variant_name = '15정'
           AND product_id = (SELECT id FROM product WHERE code = 'P51929029561' LIMIT 1)
         LIMIT 1),
        42, '2025-09-29 12:00:00', '2025-08-20 12:00:00');
INSERT INTO product_category (product_id, category_id)
VALUES ((SELECT id FROM product WHERE code = 'P51929029561' LIMIT 1),
        (SELECT id FROM category WHERE name = '글루타치온' LIMIT 1));
INSERT IGNORE INTO product_rank (product_id, recent_sales, updated_at)
VALUES ((SELECT id FROM product WHERE code = 'P51929029561' LIMIT 1), 1890, '2025-09-29 12:00:00');


INSERT INTO product (brand_id, name, code, description, instruction, ingredients, cautions, disclaimer,
                     sale_start_date, expiration_date, max_qty_per_order, sales, avg_rating, review_count, min_price)
VALUES ((SELECT id FROM brand WHERE name = '저스트글로우'),
        '저스트글로우 리포좀 글루타치온 500mg x 60캡슐, 1개',
        'P56454011883', '저스트글로우 리포좀 글루타치온 500mg x 60캡슐, 1개',
        '하루 1-2캡슐을 식후에 섭취하세요.', '글루타치온, 리포좀',
        '과다섭취 시 부작용이 있을 수 있습니다.', '본 제품은 질병의 예방 및 치료를 위한 의약품이 아닙니다.',
        '2025-08-28 00:00:00', 30, 6, 1890, 4.3, 280, 68000);
INSERT INTO product_img (product_id, image_url, alt_text, sort_idx, is_primary)
VALUES ((SELECT id FROM product WHERE code = 'P56454011883' LIMIT 1),
        'https://shopping-phinf.pstatic.net/main_5645401/56454011883.1.jpg', '대표 이미지', 0, 1),
       ((SELECT id FROM product WHERE code = 'P56454011883' LIMIT 1),
        'https://shopping-phinf.pstatic.net/main_5645401/56454011883.2.jpg', '상품 상세', 1, 0),
       ((SELECT id FROM product WHERE code = 'P56454011883' LIMIT 1),
        'https://shopping-phinf.pstatic.net/main_5645401/56454011883.3.jpg', '성분 정보', 2, 0);
INSERT INTO product_variant (product_id, variant_name, list_price, sale_price, volume, upc_code, pill_size,
                             nutrition_facts, max_qty_per_order, restock_eta)
VALUES ((SELECT id FROM product WHERE code = 'P56454011883' LIMIT 1), '60캡슐', 68000, 66000, 60, '600000000483',
        '10x10x5mm', '저스트글로우', 6, NULL),
       ((SELECT id FROM product WHERE code = 'P56454011883' LIMIT 1), '30캡슐', 38000, 36000, 30, '600000000484',
        '10x10x5mm', '저스트글로우', 6, NULL);
INSERT IGNORE INTO stock (product_variant_id, amount, updated_at, restocked_at)
VALUES ((SELECT id
         FROM product_variant
         WHERE variant_name = '60캡슐'
           AND product_id = (SELECT id FROM product WHERE code = 'P56454011883' LIMIT 1)
         LIMIT 1),
        22, '2025-09-29 12:00:00', '2025-08-20 12:00:00'),
       ((SELECT id
         FROM product_variant
         WHERE variant_name = '30캡슐'
           AND product_id = (SELECT id FROM product WHERE code = 'P56454011883' LIMIT 1)
         LIMIT 1),
        15, '2025-09-29 12:00:00', '2025-08-20 12:00:00');
INSERT INTO product_category (product_id, category_id)
VALUES ((SELECT id FROM product WHERE code = 'P56454011883' LIMIT 1),
        (SELECT id FROM category WHERE name = '글루타치온' LIMIT 1));
INSERT IGNORE INTO product_rank (product_id, recent_sales, updated_at)
VALUES ((SELECT id FROM product WHERE code = 'P56454011883' LIMIT 1), 1890, '2025-09-29 12:00:00');


INSERT INTO product (brand_id, name, code, description, instruction, ingredients, cautions, disclaimer,
                     sale_start_date, expiration_date, max_qty_per_order, sales, avg_rating, review_count, min_price)
VALUES ((SELECT id FROM brand WHERE name = '킵유어핏'),
        '퓨어타치온 500mg 리포좀 글루타치온 고순도 리포즘 글루타치온 효능 글로타치온',
        'P87045416254', '퓨어타치온 500mg 리포좀 글루타치온 고순도 리포즘 글루타치온 효능 글로타치온',
        '하루 1-2정을 식후에 섭취하세요.', '글루타치온, 리포좀',
        '과다섭취 시 부작용이 있을 수 있습니다.', '본 제품은 질병의 예방 및 치료를 위한 의약품이 아닙니다.',
        '2025-08-29 00:00:00', 30, 6, 1890, 4.0, 280, 23900);
INSERT INTO product_img (product_id, image_url, alt_text, sort_idx, is_primary)
VALUES ((SELECT id FROM product WHERE code = 'P87045416254' LIMIT 1),
        'https://shopping-phinf.pstatic.net/main_8704541/87045416254.1.jpg', '대표 이미지', 0, 1),
       ((SELECT id FROM product WHERE code = 'P87045416254' LIMIT 1),
        'https://shopping-phinf.pstatic.net/main_8704541/87045416254.2.jpg', '상품 상세', 1, 0),
       ((SELECT id FROM product WHERE code = 'P87045416254' LIMIT 1),
        'https://shopping-phinf.pstatic.net/main_8704541/87045416254.3.jpg', '성분 정보', 2, 0);
INSERT INTO product_variant (product_id, variant_name, list_price, sale_price, volume, upc_code, pill_size,
                             nutrition_facts, max_qty_per_order, restock_eta)
VALUES ((SELECT id FROM product WHERE code = 'P87045416254' LIMIT 1), '60정', 23900, 21900, 60, '600000000485',
        '10x10x5mm', '킵유어핏 퓨어타치온', 6, NULL),
       ((SELECT id FROM product WHERE code = 'P87045416254' LIMIT 1), '30정', 13900, 11900, 30, '600000000486',
        '10x10x5mm', '킵유어핏 퓨어타치온', 6, NULL);
INSERT IGNORE INTO stock (product_variant_id, amount, updated_at, restocked_at)
VALUES ((SELECT id
         FROM product_variant
         WHERE variant_name = '60정'
           AND product_id = (SELECT id FROM product WHERE code = 'P87045416254' LIMIT 1)
         LIMIT 1),
        58, '2025-09-29 12:00:00', '2025-08-20 12:00:00'),
       ((SELECT id
         FROM product_variant
         WHERE variant_name = '30정'
           AND product_id = (SELECT id FROM product WHERE code = 'P87045416254' LIMIT 1)
         LIMIT 1),
        38, '2025-09-29 12:00:00', '2025-08-20 12:00:00');
INSERT INTO product_category (product_id, category_id)
VALUES ((SELECT id FROM product WHERE code = 'P87045416254' LIMIT 1),
        (SELECT id FROM category WHERE name = '글루타치온' LIMIT 1));
INSERT IGNORE INTO product_rank (product_id, recent_sales, updated_at)
VALUES ((SELECT id FROM product WHERE code = 'P87045416254' LIMIT 1), 1890, '2025-09-29 12:00:00');


INSERT INTO product (brand_id, name, code, description, instruction, ingredients, cautions, disclaimer,
                     sale_start_date, expiration_date, max_qty_per_order, sales, avg_rating, review_count, min_price)
VALUES ((SELECT id FROM brand WHERE name = '하루틴'),
        '하루틴 리포좀 글루타치온C 필름 353.3mg x 30매, 6개',
        'P51929473681', '하루틴 리포좀 글루타치온C 필름 353.3mg x 30매, 6개',
        '하루 1-2매를 식후에 섭취하세요.', '글루타치온, 비타민C',
        '과다섭취 시 부작용이 있을 수 있습니다.', '본 제품은 질병의 예방 및 치료를 위한 의약품이 아닙니다.',
        '2025-08-30 00:00:00', 30, 6, 1890, 4.4, 280, 88880);
INSERT INTO product_img (product_id, image_url, alt_text, sort_idx, is_primary)
VALUES ((SELECT id FROM product WHERE code = 'P51929473681' LIMIT 1),
        'https://shopping-phinf.pstatic.net/main_5192947/51929473681.1.jpg', '대표 이미지', 0, 1),
       ((SELECT id FROM product WHERE code = 'P51929473681' LIMIT 1),
        'https://shopping-phinf.pstatic.net/main_5192947/51929473681.2.jpg', '상품 상세', 1, 0),
       ((SELECT id FROM product WHERE code = 'P51929473681' LIMIT 1),
        'https://shopping-phinf.pstatic.net/main_5192947/51929473681.3.jpg', '성분 정보', 2, 0);
INSERT INTO product_variant (product_id, variant_name, list_price, sale_price, volume, upc_code, pill_size,
                             nutrition_facts, max_qty_per_order, restock_eta)
VALUES ((SELECT id FROM product WHERE code = 'P51929473681' LIMIT 1), '6개', 88880, 86880, 6, '600000000487', '필름',
        '하루틴 리포좀', 6, NULL),
       ((SELECT id FROM product WHERE code = 'P51929473681' LIMIT 1), '3개', 48880, 46880, 3, '600000000488', '필름',
        '하루틴 리포좀', 6, NULL);
INSERT IGNORE INTO stock (product_variant_id, amount, updated_at, restocked_at)
VALUES ((SELECT id
         FROM product_variant
         WHERE variant_name = '6개'
           AND product_id = (SELECT id FROM product WHERE code = 'P51929473681' LIMIT 1)
         LIMIT 1),
        18, '2025-09-29 12:00:00', '2025-08-20 12:00:00'),
       ((SELECT id
         FROM product_variant
         WHERE variant_name = '3개'
           AND product_id = (SELECT id FROM product WHERE code = 'P51929473681' LIMIT 1)
         LIMIT 1),
        12, '2025-09-29 12:00:00', '2025-08-20 12:00:00');
INSERT INTO product_category (product_id, category_id)
VALUES ((SELECT id FROM product WHERE code = 'P51929473681' LIMIT 1),
        (SELECT id FROM category WHERE name = '글루타치온' LIMIT 1));
INSERT IGNORE INTO product_rank (product_id, recent_sales, updated_at)
VALUES ((SELECT id FROM product WHERE code = 'P51929473681' LIMIT 1), 1890, '2025-09-29 12:00:00');


INSERT INTO product (brand_id, name, code, description, instruction, ingredients, cautions, disclaimer,
                     sale_start_date, expiration_date, max_qty_per_order, sales, avg_rating, review_count, min_price)
VALUES ((SELECT id FROM brand WHERE name = '종근당'),
        '종근당 리포좀 글루타치온 코어 375mg x 30매, 4개',
        'P53092393342', '종근당 리포좀 글루타치온 코어 375mg x 30매, 4개',
        '하루 1-2매를 식후에 섭취하세요.', '글루타치온, 리포좀',
        '과다섭취 시 부작용이 있을 수 있습니다.', '본 제품은 질병의 예방 및 치료를 위한 의약품이 아닙니다.',
        '2025-08-31 00:00:00', 30, 6, 1890, 4.1, 280, 77800);
INSERT INTO product_img (product_id, image_url, alt_text, sort_idx, is_primary)
VALUES ((SELECT id FROM product WHERE code = 'P53092393342' LIMIT 1),
        'https://shopping-phinf.pstatic.net/main_5309239/53092393342.1.jpg', '대표 이미지', 0, 1),
       ((SELECT id FROM product WHERE code = 'P53092393342' LIMIT 1),
        'https://shopping-phinf.pstatic.net/main_5309239/53092393342.2.jpg', '상품 상세', 1, 0),
       ((SELECT id FROM product WHERE code = 'P53092393342' LIMIT 1),
        'https://shopping-phinf.pstatic.net/main_5309239/53092393342.3.jpg', '성분 정보', 2, 0);
INSERT INTO product_variant (product_id, variant_name, list_price, sale_price, volume, upc_code, pill_size,
                             nutrition_facts, max_qty_per_order, restock_eta)
VALUES ((SELECT id FROM product WHERE code = 'P53092393342' LIMIT 1), '4개', 77800, 75800, 4, '600000000489',
        '10x10x5mm', '종근당 코어', 6, NULL),
       ((SELECT id FROM product WHERE code = 'P53092393342' LIMIT 1), '2개', 42800, 40800, 2, '600000000490',
        '10x10x5mm', '종근당 코어', 6, NULL);
INSERT IGNORE INTO stock (product_variant_id, amount, updated_at, restocked_at)
VALUES ((SELECT id
         FROM product_variant
         WHERE variant_name = '4개'
           AND product_id = (SELECT id FROM product WHERE code = 'P53092393342' LIMIT 1)
         LIMIT 1),
        20, '2025-09-29 12:00:00', '2025-08-20 12:00:00'),
       ((SELECT id
         FROM product_variant
         WHERE variant_name = '2개'
           AND product_id = (SELECT id FROM product WHERE code = 'P53092393342' LIMIT 1)
         LIMIT 1),
        13, '2025-09-29 12:00:00', '2025-08-20 12:00:00');
INSERT INTO product_category (product_id, category_id)
VALUES ((SELECT id FROM product WHERE code = 'P53092393342' LIMIT 1),
        (SELECT id FROM category WHERE name = '글루타치온' LIMIT 1));
INSERT IGNORE INTO product_rank (product_id, recent_sales, updated_at)
VALUES ((SELECT id FROM product WHERE code = 'P53092393342' LIMIT 1), 1890, '2025-09-29 12:00:00');


INSERT INTO product (brand_id, name, code, description, instruction, ingredients, cautions, disclaimer,
                     sale_start_date, expiration_date, max_qty_per_order, sales, avg_rating, review_count, min_price)
VALUES ((SELECT id FROM brand WHERE name = '웰빙곳간'),
        '글루타치온 MAX 1000mg x 180정 리포좀 인지질코팅',
        'P84394981564', '글루타치온 MAX 1000mg x 180정 리포좀 인지질코팅',
        '하루 1-2정을 식후에 섭취하세요.', '글루타치온, 리포좀',
        '과다섭취 시 부작용이 있을 수 있습니다.', '본 제품은 질병의 예방 및 치료를 위한 의약품이 아닙니다.',
        '2025-09-01 00:00:00', 30, 6, 1890, 4.2, 280, 32900);
INSERT INTO product_img (product_id, image_url, alt_text, sort_idx, is_primary)
VALUES ((SELECT id FROM product WHERE code = 'P84394981564' LIMIT 1),
        'https://shopping-phinf.pstatic.net/main_8439498/84394981564.1.jpg', '대표 이미지', 0, 1),
       ((SELECT id FROM product WHERE code = 'P84394981564' LIMIT 1),
        'https://shopping-phinf.pstatic.net/main_8439498/84394981564.2.jpg', '상품 상세', 1, 0),
       ((SELECT id FROM product WHERE code = 'P84394981564' LIMIT 1),
        'https://shopping-phinf.pstatic.net/main_8439498/84394981564.3.jpg', '성분 정보', 2, 0);
INSERT INTO product_variant (product_id, variant_name, list_price, sale_price, volume, upc_code, pill_size,
                             nutrition_facts, max_qty_per_order, restock_eta)
VALUES ((SELECT id FROM product WHERE code = 'P84394981564' LIMIT 1), '180정', 32900, 30900, 180, '600000000491',
        '10x10x5mm', '웰빙곳간 MAX', 6, NULL),
       ((SELECT id FROM product WHERE code = 'P84394981564' LIMIT 1), '90정', 19900, 17900, 90, '600000000492',
        '10x10x5mm', '웰빙곳간 MAX', 6, NULL);
INSERT IGNORE INTO stock (product_variant_id, amount, updated_at, restocked_at)
VALUES ((SELECT id
         FROM product_variant
         WHERE variant_name = '180정'
           AND product_id = (SELECT id FROM product WHERE code = 'P84394981564' LIMIT 1)
         LIMIT 1),
        35, '2025-09-29 12:00:00', '2025-08-20 12:00:00'),
       ((SELECT id
         FROM product_variant
         WHERE variant_name = '90정'
           AND product_id = (SELECT id FROM product WHERE code = 'P84394981564' LIMIT 1)
         LIMIT 1),
        22, '2025-09-29 12:00:00', '2025-08-20 12:00:00');
INSERT INTO product_category (product_id, category_id)
VALUES ((SELECT id FROM product WHERE code = 'P84394981564' LIMIT 1),
        (SELECT id FROM category WHERE name = '글루타치온' LIMIT 1));
INSERT IGNORE INTO product_rank (product_id, recent_sales, updated_at)
VALUES ((SELECT id FROM product WHERE code = 'P84394981564' LIMIT 1), 1890, '2025-09-29 12:00:00');


INSERT INTO product (brand_id, name, code, description, instruction, ingredients, cautions, disclaimer,
                     sale_start_date, expiration_date, max_qty_per_order, sales, avg_rating, review_count, min_price)
VALUES ((SELECT id FROM brand WHERE name = '핏업'),
        '핏업 리포좀 글루타치온 화이트토닝 필름 254.3mg x 30매, 1개',
        'P54721640025', '핏업 리포좀 글루타치온 화이트토닝 필름 254.3mg x 30매, 1개',
        '하루 1-2매를 식후에 섭취하세요.', '글루타치온, 리포좀',
        '과다섭취 시 부작용이 있을 수 있습니다.', '본 제품은 질병의 예방 및 치료를 위한 의약품이 아닙니다.',
        '2025-09-02 00:00:00', 30, 6, 1890, 4.3, 280, 24950);
INSERT INTO product_img (product_id, image_url, alt_text, sort_idx, is_primary)
VALUES ((SELECT id FROM product WHERE code = 'P54721640025' LIMIT 1),
        'https://shopping-phinf.pstatic.net/main_5472164/54721640025.1.jpg', '대표 이미지', 0, 1),
       ((SELECT id FROM product WHERE code = 'P54721640025' LIMIT 1),
        'https://shopping-phinf.pstatic.net/main_5472164/54721640025.2.jpg', '상품 상세', 1, 0),
       ((SELECT id FROM product WHERE code = 'P54721640025' LIMIT 1),
        'https://shopping-phinf.pstatic.net/main_5472164/54721640025.3.jpg', '성분 정보', 2, 0);
INSERT INTO product_variant (product_id, variant_name, list_price, sale_price, volume, upc_code, pill_size,
                             nutrition_facts, max_qty_per_order, restock_eta)
VALUES ((SELECT id FROM product WHERE code = 'P54721640025' LIMIT 1), '30매', 24950, 22950, 30, '600000000493', '필름',
        '핏업 화이트토닝', 6, NULL),
       ((SELECT id FROM product WHERE code = 'P54721640025' LIMIT 1), '15매', 14950, 12950, 15, '600000000494', '필름',
        '핏업 화이트토닝', 6, NULL);
INSERT IGNORE INTO stock (product_variant_id, amount, updated_at, restocked_at)
VALUES ((SELECT id
         FROM product_variant
         WHERE variant_name = '30매'
           AND product_id = (SELECT id FROM product WHERE code = 'P54721640025' LIMIT 1)
         LIMIT 1),
        48, '2025-09-29 12:00:00', '2025-08-20 12:00:00'),
       ((SELECT id
         FROM product_variant
         WHERE variant_name = '15매'
           AND product_id = (SELECT id FROM product WHERE code = 'P54721640025' LIMIT 1)
         LIMIT 1),
        30, '2025-09-29 12:00:00', '2025-08-20 12:00:00');
INSERT INTO product_category (product_id, category_id)
VALUES ((SELECT id FROM product WHERE code = 'P54721640025' LIMIT 1),
        (SELECT id FROM category WHERE name = '글루타치온' LIMIT 1));
INSERT IGNORE INTO product_rank (product_id, recent_sales, updated_at)
VALUES ((SELECT id FROM product WHERE code = 'P54721640025' LIMIT 1), 1890, '2025-09-29 12:00:00');


INSERT INTO product (brand_id, name, code, description, instruction, ingredients, cautions, disclaimer,
                     sale_start_date, expiration_date, max_qty_per_order, sales, avg_rating, review_count, min_price)
VALUES ((SELECT id FROM brand WHERE name = '닥터린'),
        '닥터린 하이퍼셀 리포좀 글루타치온 맥스 필름 320mg x 30매, 3개',
        'P54278867853', '닥터린 하이퍼셀 리포좀 글루타치온 맥스 필름 320mg x 30매, 3개',
        '하루 1-2매를 식후에 섭취하세요.', '글루타치온, 리포좀',
        '과다섭취 시 부작용이 있을 수 있습니다.', '본 제품은 질병의 예방 및 치료를 위한 의약품이 아닙니다.',
        '2025-09-03 00:00:00', 30, 6, 1890, 4.5, 280, 64080);
INSERT INTO product_img (product_id, image_url, alt_text, sort_idx, is_primary)
VALUES ((SELECT id FROM product WHERE code = 'P54278867853' LIMIT 1),
        'https://shopping-phinf.pstatic.net/main_5427886/54278867853.1.jpg', '대표 이미지', 0, 1),
       ((SELECT id FROM product WHERE code = 'P54278867853' LIMIT 1),
        'https://shopping-phinf.pstatic.net/main_5427886/54278867853.2.jpg', '상품 상세', 1, 0),
       ((SELECT id FROM product WHERE code = 'P54278867853' LIMIT 1),
        'https://shopping-phinf.pstatic.net/main_5427886/54278867853.3.jpg', '성분 정보', 2, 0);
INSERT INTO product_variant (product_id, variant_name, list_price, sale_price, volume, upc_code, pill_size,
                             nutrition_facts, max_qty_per_order, restock_eta)
VALUES ((SELECT id FROM product WHERE code = 'P54278867853' LIMIT 1), '3개', 64080, 62080, 3, '600000000495', '필름',
        '닥터린 하이퍼셀', 6, NULL),
       ((SELECT id FROM product WHERE code = 'P54278867853' LIMIT 1), '1개', 24080, 22080, 1, '600000000496', '필름',
        '닥터린 하이퍼셀', 6, NULL);
INSERT IGNORE INTO stock (product_variant_id, amount, updated_at, restocked_at)
VALUES ((SELECT id
         FROM product_variant
         WHERE variant_name = '3개'
           AND product_id = (SELECT id FROM product WHERE code = 'P54278867853' LIMIT 1)
         LIMIT 1),
        25, '2025-09-29 12:00:00', '2025-08-20 12:00:00'),
       ((SELECT id
         FROM product_variant
         WHERE variant_name = '1개'
           AND product_id = (SELECT id FROM product WHERE code = 'P54278867853' LIMIT 1)
         LIMIT 1),
        16, '2025-09-29 12:00:00', '2025-08-20 12:00:00');
INSERT INTO product_category (product_id, category_id)
VALUES ((SELECT id FROM product WHERE code = 'P54278867853' LIMIT 1),
        (SELECT id FROM category WHERE name = '글루타치온' LIMIT 1));
INSERT IGNORE INTO product_rank (product_id, recent_sales, updated_at)
VALUES ((SELECT id FROM product WHERE code = 'P54278867853' LIMIT 1), 1890, '2025-09-29 12:00:00');


INSERT IGNORE INTO brand (name)
VALUES ('솔티스');
INSERT IGNORE INTO brand (name)
VALUES ('CJ온스타일');
INSERT IGNORE INTO brand (name)
VALUES ('뉴트리코어');
INSERT IGNORE INTO brand (name)
VALUES ('튼튼백서');
INSERT IGNORE INTO brand (name)
VALUES ('행복미소');
INSERT IGNORE INTO brand (name)
VALUES ('종근당');
INSERT IGNORE INTO brand (name)
VALUES ('KAL');
INSERT IGNORE INTO brand (name)
VALUES ('11번가');

INSERT INTO product (brand_id, name, code, description, instruction, ingredients, cautions, disclaimer,
                     sale_start_date, expiration_date, max_qty_per_order, sales, avg_rating, review_count, min_price)
VALUES ((SELECT id FROM brand WHERE name = 'GNM자연의품격'),
        'GNM 건조한 눈엔 루테인 오메가3 5박스(총 5개월분)',
        'P11064647078', 'GNM 건조한 눈엔 루테인 오메가3 5박스(총 5개월분)',
        '하루 1-2정을 식후에 섭취하세요.', '루테인, 오메가3',
        '과다섭취 시 부작용이 있을 수 있습니다.', '본 제품은 질병의 예방 및 치료를 위한 의약품이 아닙니다.',
        '2025-09-04 00:00:00', 30, 6, 1890, 4.1, 280, 39800);
INSERT INTO product_img (product_id, image_url, alt_text, sort_idx, is_primary)
VALUES ((SELECT id FROM product WHERE code = 'P11064647078' LIMIT 1),
        'https://shopping-phinf.pstatic.net/main_1106464/11064647078.1.jpg', '대표 이미지', 0, 1),
       ((SELECT id FROM product WHERE code = 'P11064647078' LIMIT 1),
        'https://shopping-phinf.pstatic.net/main_1106464/11064647078.2.jpg', '상품 상세', 1, 0),
       ((SELECT id FROM product WHERE code = 'P11064647078' LIMIT 1),
        'https://shopping-phinf.pstatic.net/main_1106464/11064647078.3.jpg', '성분 정보', 2, 0);
INSERT INTO product_variant (product_id, variant_name, list_price, sale_price, volume, upc_code, pill_size,
                             nutrition_facts, max_qty_per_order, restock_eta)
VALUES ((SELECT id FROM product WHERE code = 'P11064647078' LIMIT 1), '5박스', 39800, 37800, 5, '600000000497',
        '10x10x5mm', 'GNM 건조한눈', 6, NULL),
       ((SELECT id FROM product WHERE code = 'P11064647078' LIMIT 1), '3박스', 25800, 23800, 3, '600000000498',
        '10x10x5mm', 'GNM 건조한눈', 6, NULL);
INSERT IGNORE INTO stock (product_variant_id, amount, updated_at, restocked_at)
VALUES ((SELECT id
         FROM product_variant
         WHERE variant_name = '5박스'
           AND product_id = (SELECT id FROM product WHERE code = 'P11064647078' LIMIT 1)
         LIMIT 1),
        30, '2025-09-29 12:00:00', '2025-08-20 12:00:00'),
       ((SELECT id
         FROM product_variant
         WHERE variant_name = '3박스'
           AND product_id = (SELECT id FROM product WHERE code = 'P11064647078' LIMIT 1)
         LIMIT 1),
        20, '2025-09-29 12:00:00', '2025-08-20 12:00:00');
INSERT INTO product_category (product_id, category_id)
VALUES ((SELECT id FROM product WHERE code = 'P11064647078' LIMIT 1),
        (SELECT id FROM category WHERE name = '루테인' LIMIT 1));
INSERT IGNORE INTO product_rank (product_id, recent_sales, updated_at)
VALUES ((SELECT id FROM product WHERE code = 'P11064647078' LIMIT 1), 1890, '2025-09-29 12:00:00');


INSERT INTO product (brand_id, name, code, description, instruction, ingredients, cautions, disclaimer,
                     sale_start_date, expiration_date, max_qty_per_order, sales, avg_rating, review_count, min_price)
VALUES ((SELECT id FROM brand WHERE name = '솔티스'),
        '솔티스 눈 프로텍션 프로 S3 20캡슐',
        'P56244540584', '솔티스 눈 프로텍션 프로 S3 20캡슐',
        '하루 1-2캡슐을 식후에 섭취하세요.', '루테인, 눈건강',
        '과다섭취 시 부작용이 있을 수 있습니다.', '본 제품은 질병의 예방 및 치료를 위한 의약품이 아닙니다.',
        '2025-09-05 00:00:00', 30, 6, 1890, 4.2, 280, 12900);
INSERT INTO product_img (product_id, image_url, alt_text, sort_idx, is_primary)
VALUES ((SELECT id FROM product WHERE code = 'P56244540584' LIMIT 1),
        'https://shopping-phinf.pstatic.net/main_5624454/56244540584.1.jpg', '대표 이미지', 0, 1),
       ((SELECT id FROM product WHERE code = 'P56244540584' LIMIT 1),
        'https://shopping-phinf.pstatic.net/main_5624454/56244540584.2.jpg', '상품 상세', 1, 0),
       ((SELECT id FROM product WHERE code = 'P56244540584' LIMIT 1),
        'https://shopping-phinf.pstatic.net/main_5624454/56244540584.3.jpg', '성분 정보', 2, 0);
INSERT INTO product_variant (product_id, variant_name, list_price, sale_price, volume, upc_code, pill_size,
                             nutrition_facts, max_qty_per_order, restock_eta)
VALUES ((SELECT id FROM product WHERE code = 'P56244540584' LIMIT 1), '20캡슐', 12900, 10900, 20, '600000000499',
        '10x10x5mm', '솔티스 프로텍션', 6, NULL),
       ((SELECT id FROM product WHERE code = 'P56244540584' LIMIT 1), '10캡슐', 7900, 5900, 10, '600000000500',
        '10x10x5mm', '솔티스 프로텍션', 6, NULL);
INSERT IGNORE INTO stock (product_variant_id, amount, updated_at, restocked_at)
VALUES ((SELECT id
         FROM product_variant
         WHERE variant_name = '20캡슐'
           AND product_id = (SELECT id FROM product WHERE code = 'P56244540584' LIMIT 1)
         LIMIT 1),
        75, '2025-09-29 12:00:00', '2025-08-20 12:00:00'),
       ((SELECT id
         FROM product_variant
         WHERE variant_name = '10캡슐'
           AND product_id = (SELECT id FROM product WHERE code = 'P56244540584' LIMIT 1)
         LIMIT 1),
        48, '2025-09-29 12:00:00', '2025-08-20 12:00:00');
INSERT INTO product_category (product_id, category_id)
VALUES ((SELECT id FROM product WHERE code = 'P56244540584' LIMIT 1),
        (SELECT id FROM category WHERE name = '루테인' LIMIT 1));
INSERT IGNORE INTO product_rank (product_id, recent_sales, updated_at)
VALUES ((SELECT id FROM product WHERE code = 'P56244540584' LIMIT 1), 1890, '2025-09-29 12:00:00');


INSERT INTO product (brand_id, name, code, description, instruction, ingredients, cautions, disclaimer,
                     sale_start_date, expiration_date, max_qty_per_order, sales, avg_rating, review_count, min_price)
VALUES ((SELECT id FROM brand WHERE name = '뉴트리코어'),
        '뉴트리코어 NCS 초임계 루테인 아스타잔틴 300mg x 30캡슐, 5개',
        'P51929296035', '뉴트리코어 NCS 초임계 루테인 아스타잔틴 300mg x 30캡슐, 5개',
        '하루 1-2캡슐을 식후에 섭취하세요.', '루테인, 아스타잔틴',
        '과다섭취 시 부작용이 있을 수 있습니다.', '본 제품은 질병의 예방 및 치료를 위한 의약품이 아닙니다.',
        '2025-09-06 00:00:00', 30, 6, 1890, 4.3, 280, 107880);
INSERT INTO product_img (product_id, image_url, alt_text, sort_idx, is_primary)
VALUES ((SELECT id FROM product WHERE code = 'P51929296035' LIMIT 1),
        'https://shopping-phinf.pstatic.net/main_5192929/51929296035.1.jpg', '대표 이미지', 0, 1),
       ((SELECT id FROM product WHERE code = 'P51929296035' LIMIT 1),
        'https://shopping-phinf.pstatic.net/main_5192929/51929296035.2.jpg', '상품 상세', 1, 0),
       ((SELECT id FROM product WHERE code = 'P51929296035' LIMIT 1),
        'https://shopping-phinf.pstatic.net/main_5192929/51929296035.3.jpg', '성분 정보', 2, 0);
INSERT INTO product_variant (product_id, variant_name, list_price, sale_price, volume, upc_code, pill_size,
                             nutrition_facts, max_qty_per_order, restock_eta)
VALUES ((SELECT id FROM product WHERE code = 'P51929296035' LIMIT 1), '5개', 107880, 105880, 5, '600000000501',
        '10x10x5mm', '뉴트리코어 NCS', 6, NULL),
       ((SELECT id FROM product WHERE code = 'P51929296035' LIMIT 1), '3개', 67880, 65880, 3, '600000000502',
        '10x10x5mm', '뉴트리코어 NCS', 6, NULL);
INSERT IGNORE INTO stock (product_variant_id, amount, updated_at, restocked_at)
VALUES ((SELECT id
         FROM product_variant
         WHERE variant_name = '5개'
           AND product_id = (SELECT id FROM product WHERE code = 'P51929296035' LIMIT 1)
         LIMIT 1),
        15, '2025-09-29 12:00:00', '2025-08-20 12:00:00'),
       ((SELECT id
         FROM product_variant
         WHERE variant_name = '3개'
           AND product_id = (SELECT id FROM product WHERE code = 'P51929296035' LIMIT 1)
         LIMIT 1),
        10, '2025-09-29 12:00:00', '2025-08-20 12:00:00');
INSERT INTO product_category (product_id, category_id)
VALUES ((SELECT id FROM product WHERE code = 'P51929296035' LIMIT 1),
        (SELECT id FROM category WHERE name = '루테인' LIMIT 1));
INSERT IGNORE INTO product_rank (product_id, recent_sales, updated_at)
VALUES ((SELECT id FROM product WHERE code = 'P51929296035' LIMIT 1), 1890, '2025-09-29 12:00:00');


INSERT INTO product (brand_id, name, code, description, instruction, ingredients, cautions, disclaimer,
                     sale_start_date, expiration_date, max_qty_per_order, sales, avg_rating, review_count, min_price)
VALUES ((SELECT id FROM brand WHERE name = '튼튼백서'),
        '튼튼백서 루테인 지아잔틴 아스타잔틴 132mg x 90캡슐, 1개',
        'P51929018547', '튼튼백서 루테인 지아잔틴 아스타잔틴 132mg x 90캡슐, 1개',
        '하루 1-2캡슐을 식후에 섭취하세요.', '루테인, 지아잔틴, 아스타잔틴',
        '과다섭취 시 부작용이 있을 수 있습니다.', '본 제품은 질병의 예방 및 치료를 위한 의약품이 아닙니다.',
        '2025-09-07 00:00:00', 30, 6, 1890, 4.0, 280, 19900);
INSERT INTO product_img (product_id, image_url, alt_text, sort_idx, is_primary)
VALUES ((SELECT id FROM product WHERE code = 'P51929018547' LIMIT 1),
        'https://shopping-phinf.pstatic.net/main_5192901/51929018547.1.jpg', '대표 이미지', 0, 1),
       ((SELECT id FROM product WHERE code = 'P51929018547' LIMIT 1),
        'https://shopping-phinf.pstatic.net/main_5192901/51929018547.2.jpg', '상품 상세', 1, 0),
       ((SELECT id FROM product WHERE code = 'P51929018547' LIMIT 1),
        'https://shopping-phinf.pstatic.net/main_5192901/51929018547.3.jpg', '성분 정보', 2, 0);
INSERT INTO product_variant (product_id, variant_name, list_price, sale_price, volume, upc_code, pill_size,
                             nutrition_facts, max_qty_per_order, restock_eta)
VALUES ((SELECT id FROM product WHERE code = 'P51929018547' LIMIT 1), '90캡슐', 19900, 17900, 90, '600000000503',
        '10x10x5mm', '튼튼백서 복합', 6, NULL),
       ((SELECT id FROM product WHERE code = 'P51929018547' LIMIT 1), '45캡슐', 11900, 9900, 45, '600000000504',
        '10x10x5mm', '튼튼백서 복합', 6, NULL);
INSERT IGNORE INTO stock (product_variant_id, amount, updated_at, restocked_at)
VALUES ((SELECT id
         FROM product_variant
         WHERE variant_name = '90캡슐'
           AND product_id = (SELECT id FROM product WHERE code = 'P51929018547' LIMIT 1)
         LIMIT 1),
        65, '2025-09-29 12:00:00', '2025-08-20 12:00:00'),
       ((SELECT id
         FROM product_variant
         WHERE variant_name = '45캡슐'
           AND product_id = (SELECT id FROM product WHERE code = 'P51929018547' LIMIT 1)
         LIMIT 1),
        42, '2025-09-29 12:00:00', '2025-08-20 12:00:00');
INSERT INTO product_category (product_id, category_id)
VALUES ((SELECT id FROM product WHERE code = 'P51929018547' LIMIT 1),
        (SELECT id FROM category WHERE name = '루테인' LIMIT 1));
INSERT IGNORE INTO product_rank (product_id, recent_sales, updated_at)
VALUES ((SELECT id FROM product WHERE code = 'P51929018547' LIMIT 1), 1890, '2025-09-29 12:00:00');


INSERT INTO product (brand_id, name, code, description, instruction, ingredients, cautions, disclaimer,
                     sale_start_date, expiration_date, max_qty_per_order, sales, avg_rating, review_count, min_price)
VALUES ((SELECT id FROM brand WHERE name = '종근당'),
        '종근당 초임계 루테인 아스타잔틴 눈건강 헤마토코쿠스 베타카로틴',
        'P9161375186', '종근당 초임계 루테인 아스타잔틴 눈건강 헤마토코쿠스 베타카로틴',
        '하루 1-2정을 식후에 섭취하세요.', '루테인, 아스타잔틴, 베타카로틴',
        '과다섭취 시 부작용이 있을 수 있습니다.', '본 제품은 질병의 예방 및 치료를 위한 의약품이 아닙니다.',
        '2025-09-08 00:00:00', 30, 6, 1890, 4.1, 280, 14900);
INSERT INTO product_img (product_id, image_url, alt_text, sort_idx, is_primary)
VALUES ((SELECT id FROM product WHERE code = 'P9161375186' LIMIT 1),
        'https://shopping-phinf.pstatic.net/main_9161375/9161375186.1.jpg', '대표 이미지', 0, 1),
       ((SELECT id FROM product WHERE code = 'P9161375186' LIMIT 1),
        'https://shopping-phinf.pstatic.net/main_9161375/9161375186.2.jpg', '상품 상세', 1, 0),
       ((SELECT id FROM product WHERE code = 'P9161375186' LIMIT 1),
        'https://shopping-phinf.pstatic.net/main_9161375/9161375186.3.jpg', '성분 정보', 2, 0);
INSERT INTO product_variant (product_id, variant_name, list_price, sale_price, volume, upc_code, pill_size,
                             nutrition_facts, max_qty_per_order, restock_eta)
VALUES ((SELECT id FROM product WHERE code = 'P9161375186' LIMIT 1), '60정', 14900, 12900, 60, '600000000505',
        '10x10x5mm', '종근당 초임계', 6, NULL),
       ((SELECT id FROM product WHERE code = 'P9161375186' LIMIT 1), '30정', 8900, 6900, 30, '600000000506', '10x10x5mm',
        '종근당 초임계', 6, NULL);
INSERT IGNORE INTO stock (product_variant_id, amount, updated_at, restocked_at)
VALUES ((SELECT id
         FROM product_variant
         WHERE variant_name = '60정'
           AND product_id = (SELECT id FROM product WHERE code = 'P9161375186' LIMIT 1)
         LIMIT 1),
        80, '2025-09-29 12:00:00', '2025-08-20 12:00:00'),
       ((SELECT id
         FROM product_variant
         WHERE variant_name = '30정'
           AND product_id = (SELECT id FROM product WHERE code = 'P9161375186' LIMIT 1)
         LIMIT 1),
        52, '2025-09-29 12:00:00', '2025-08-20 12:00:00');
INSERT INTO product_category (product_id, category_id)
VALUES ((SELECT id FROM product WHERE code = 'P9161375186' LIMIT 1),
        (SELECT id FROM category WHERE name = '루테인' LIMIT 1));
INSERT IGNORE INTO product_rank (product_id, recent_sales, updated_at)
VALUES ((SELECT id FROM product WHERE code = 'P9161375186' LIMIT 1), 1890, '2025-09-29 12:00:00');


INSERT INTO product (brand_id, name, code, description, instruction, ingredients, cautions, disclaimer,
                     sale_start_date, expiration_date, max_qty_per_order, sales, avg_rating, review_count, min_price)
VALUES ((SELECT id FROM brand WHERE name = '뉴트리코어'),
        '뉴트리코어 루테인지아잔틴 아스타잔틴 레티놀A 250mg x 30캡슐, 5개',
        'P56639098657', '뉴트리코어 루테인지아잔틴 아스타잔틴 레티놀A 250mg x 30캡슐, 5개',
        '하루 1-2캡슐을 식후에 섭취하세요.', '지아잔틴, 아스타잔틴, 레티놀A',
        '과다섭취 시 부작용이 있을 수 있습니다.', '본 제품은 질병의 예방 및 치료를 위한 의약품이 아닙니다.',
        '2025-09-09 00:00:00', 30, 6, 1890, 4.2, 280, 128000);
INSERT INTO product_img (product_id, image_url, alt_text, sort_idx, is_primary)
VALUES ((SELECT id FROM product WHERE code = 'P56639098657' LIMIT 1),
        'https://shopping-phinf.pstatic.net/main_5663909/56639098657.1.jpg', '대표 이미지', 0, 1),
       ((SELECT id FROM product WHERE code = 'P56639098657' LIMIT 1),
        'https://shopping-phinf.pstatic.net/main_5663909/56639098657.2.jpg', '상품 상세', 1, 0),
       ((SELECT id FROM product WHERE code = 'P56639098657' LIMIT 1),
        'https://shopping-phinf.pstatic.net/main_5663909/56639098657.3.jpg', '성분 정보', 2, 0);
INSERT INTO product_variant (product_id, variant_name, list_price, sale_price, volume, upc_code, pill_size,
                             nutrition_facts, max_qty_per_order, restock_eta)
VALUES ((SELECT id FROM product WHERE code = 'P56639098657' LIMIT 1), '5개', 128000, 126000, 5, '600000000507',
        '10x10x5mm', '뉴트리코어 복합', 6, NULL),
       ((SELECT id FROM product WHERE code = 'P56639098657' LIMIT 1), '3개', 88000, 86000, 3, '600000000508',
        '10x10x5mm', '뉴트리코어 복합', 6, NULL);
INSERT IGNORE INTO stock (product_variant_id, amount, updated_at, restocked_at)
VALUES ((SELECT id
         FROM product_variant
         WHERE variant_name = '5개'
           AND product_id = (SELECT id FROM product WHERE code = 'P56639098657' LIMIT 1)
         LIMIT 1),
        12, '2025-09-29 12:00:00', '2025-08-20 12:00:00'),
       ((SELECT id
         FROM product_variant
         WHERE variant_name = '3개'
           AND product_id = (SELECT id FROM product WHERE code = 'P56639098657' LIMIT 1)
         LIMIT 1),
        8, '2025-09-29 12:00:00', '2025-08-20 12:00:00');
INSERT INTO product_category (product_id, category_id)
VALUES ((SELECT id FROM product WHERE code = 'P56639098657' LIMIT 1),
        (SELECT id FROM category WHERE name = '제아잔틴' LIMIT 1));
INSERT IGNORE INTO product_rank (product_id, recent_sales, updated_at)
VALUES ((SELECT id FROM product WHERE code = 'P56639098657' LIMIT 1), 1890, '2025-09-29 12:00:00');


INSERT INTO product (brand_id, name, code, description, instruction, ingredients, cautions, disclaimer,
                     sale_start_date, expiration_date, max_qty_per_order, sales, avg_rating, review_count, min_price)
VALUES ((SELECT id FROM brand WHERE name = 'GNM자연의품격'),
        'GNM자연의품격 초임계 알티지오메가3 루테인지아잔틴 1050mg x 30캡슐, 3개',
        'P51929514314', 'GNM자연의품격 초임계 알티지오메가3 루테인지아잔틴 1050mg x 30캡슐, 3개',
        '하루 1-2캡슐을 식후에 섭취하세요.', '지아잔틴, 오메가3',
        '과다섭취 시 부작용이 있을 수 있습니다.', '본 제품은 질병의 예방 및 치료를 위한 의약품이 아닙니다.',
        '2025-09-10 00:00:00', 30, 6, 1890, 4.0, 280, 33520);
INSERT INTO product_img (product_id, image_url, alt_text, sort_idx, is_primary)
VALUES ((SELECT id FROM product WHERE code = 'P51929514314' LIMIT 1),
        'https://shopping-phinf.pstatic.net/main_5192951/51929514314.1.jpg', '대표 이미지', 0, 1),
       ((SELECT id FROM product WHERE code = 'P51929514314' LIMIT 1),
        'https://shopping-phinf.pstatic.net/main_5192951/51929514314.2.jpg', '상품 상세', 1, 0),
       ((SELECT id FROM product WHERE code = 'P51929514314' LIMIT 1),
        'https://shopping-phinf.pstatic.net/main_5192951/51929514314.3.jpg', '성분 정보', 2, 0);
INSERT INTO product_variant (product_id, variant_name, list_price, sale_price, volume, upc_code, pill_size,
                             nutrition_facts, max_qty_per_order, restock_eta)
VALUES ((SELECT id FROM product WHERE code = 'P51929514314' LIMIT 1), '3개', 33520, 31520, 3, '600000000509',
        '10x10x5mm', 'GNM 알티지', 6, NULL),
       ((SELECT id FROM product WHERE code = 'P51929514314' LIMIT 1), '1개', 13520, 11520, 1, '600000000510',
        '10x10x5mm', 'GNM 알티지', 6, NULL);
INSERT IGNORE INTO stock (product_variant_id, amount, updated_at, restocked_at)
VALUES ((SELECT id
         FROM product_variant
         WHERE variant_name = '3개'
           AND product_id = (SELECT id FROM product WHERE code = 'P51929514314' LIMIT 1)
         LIMIT 1),
        25, '2025-09-29 12:00:00', '2025-08-20 12:00:00'),
       ((SELECT id
         FROM product_variant
         WHERE variant_name = '1개'
           AND product_id = (SELECT id FROM product WHERE code = 'P51929514314' LIMIT 1)
         LIMIT 1),
        16, '2025-09-29 12:00:00', '2025-08-20 12:00:00');
INSERT INTO product_category (product_id, category_id)
VALUES ((SELECT id FROM product WHERE code = 'P51929514314' LIMIT 1),
        (SELECT id FROM category WHERE name = '제아잔틴' LIMIT 1));
INSERT IGNORE INTO product_rank (product_id, recent_sales, updated_at)
VALUES ((SELECT id FROM product WHERE code = 'P51929514314' LIMIT 1), 1890, '2025-09-29 12:00:00');


INSERT INTO product (brand_id, name, code, description, instruction, ingredients, cautions, disclaimer,
                     sale_start_date, expiration_date, max_qty_per_order, sales, avg_rating, review_count, min_price)
VALUES ((SELECT id FROM brand WHERE name = 'KAL'),
        'KAL 칼 NAC+ N아세틸 엘시스테인 위드 몰리브덴 앤 비타민B2 리보플라빈 60 타블렛',
        'P56933682117', 'KAL 칼 NAC+ N아세틸 엘시스테인 위드 몰리브덴 앤 비타민B2 리보플라빈 60 타블렛',
        '하루 1-2정을 식후에 섭취하세요.', 'N-아세틸 시스테인, 몰리브덴, 비타민B2',
        '과다섭취 시 부작용이 있을 수 있습니다.', '본 제품은 질병의 예방 및 치료를 위한 의약품이 아닙니다.',
        '2025-09-11 00:00:00', 30, 6, 1890, 4.3, 280, 22780);
INSERT INTO product_img (product_id, image_url, alt_text, sort_idx, is_primary)
VALUES ((SELECT id FROM product WHERE code = 'P56933682117' LIMIT 1),
        'https://shopping-phinf.pstatic.net/main_5693368/56933682117.1.jpg', '대표 이미지', 0, 1),
       ((SELECT id FROM product WHERE code = 'P56933682117' LIMIT 1),
        'https://shopping-phinf.pstatic.net/main_5693368/56933682117.2.jpg', '상품 상세', 1, 0),
       ((SELECT id FROM product WHERE code = 'P56933682117' LIMIT 1),
        'https://shopping-phinf.pstatic.net/main_5693368/56933682117.3.jpg', '성분 정보', 2, 0);
INSERT INTO product_variant (product_id, variant_name, list_price, sale_price, volume, upc_code, pill_size,
                             nutrition_facts, max_qty_per_order, restock_eta)
VALUES ((SELECT id FROM product WHERE code = 'P56933682117' LIMIT 1), '60정', 22780, 20780, 60, '600000000511',
        '10x10x5mm', 'KAL NAC+', 6, NULL),
       ((SELECT id FROM product WHERE code = 'P56933682117' LIMIT 1), '30정', 13780, 11780, 30, '600000000512',
        '10x10x5mm', 'KAL NAC+', 6, NULL);
INSERT IGNORE INTO stock (product_variant_id, amount, updated_at, restocked_at)
VALUES ((SELECT id
         FROM product_variant
         WHERE variant_name = '60정'
           AND product_id = (SELECT id FROM product WHERE code = 'P56933682117' LIMIT 1)
         LIMIT 1),
        45, '2025-09-29 12:00:00', '2025-08-20 12:00:00'),
       ((SELECT id
         FROM product_variant
         WHERE variant_name = '30정'
           AND product_id = (SELECT id FROM product WHERE code = 'P56933682117' LIMIT 1)
         LIMIT 1),
        28, '2025-09-29 12:00:00', '2025-08-20 12:00:00');
INSERT INTO product_category (product_id, category_id)
VALUES ((SELECT id FROM product WHERE code = 'P56933682117' LIMIT 1),
        (SELECT id FROM category WHERE name = 'NAC(N-아세틸 시스테인)' LIMIT 1));
INSERT IGNORE INTO product_rank (product_id, recent_sales, updated_at)
VALUES ((SELECT id FROM product WHERE code = 'P56933682117' LIMIT 1), 1890, '2025-09-29 12:00:00');


INSERT INTO product (brand_id, name, code, description, instruction, ingredients, cautions, disclaimer,
                     sale_start_date, expiration_date, max_qty_per_order, sales, avg_rating, review_count, min_price)
VALUES ((SELECT id FROM brand WHERE name = '11번가'),
        'N-아세틸 시스테인 에틸 경피 패치 Nac 면역 체계 및 항산화제에 좋습니다 30',
        'P56798983008', 'N-아세틸 시스테인 에틸 경피 패치 Nac 면역 체계 및 항산화제에 좋습니다 30',
        '하루 1-2개를 피부에 부착하세요.', 'N-아세틸 시스테인, 패치',
        '과다사용 시 부작용이 있을 수 있습니다.', '본 제품은 질병의 예방 및 치료를 위한 의약품이 아닙니다.',
        '2025-09-12 00:00:00', 30, 6, 1890, 4.1, 280, 39110);
INSERT INTO product_img (product_id, image_url, alt_text, sort_idx, is_primary)
VALUES ((SELECT id FROM product WHERE code = 'P56798983008' LIMIT 1),
        'https://shopping-phinf.pstatic.net/main_5679898/56798983008.1.jpg', '대표 이미지', 0, 1),
       ((SELECT id FROM product WHERE code = 'P56798983008' LIMIT 1),
        'https://shopping-phinf.pstatic.net/main_5679898/56798983008.2.jpg', '상품 상세', 1, 0),
       ((SELECT id FROM product WHERE code = 'P56798983008' LIMIT 1),
        'https://shopping-phinf.pstatic.net/main_5679898/56798983008.3.jpg', '사용법', 2, 0);
INSERT INTO product_variant (product_id, variant_name, list_price, sale_price, volume, upc_code, pill_size,
                             nutrition_facts, max_qty_per_order, restock_eta)
VALUES ((SELECT id FROM product WHERE code = 'P56798983008' LIMIT 1), '30개', 39110, 37110, 30, '600000000513', '패치',
        '11번가 NAC', 6, NULL),
       ((SELECT id FROM product WHERE code = 'P56798983008' LIMIT 1), '15개', 22110, 20110, 15, '600000000514', '패치',
        '11번가 NAC', 6, NULL);
INSERT IGNORE INTO stock (product_variant_id, amount, updated_at, restocked_at)
VALUES ((SELECT id
         FROM product_variant
         WHERE variant_name = '30개'
           AND product_id = (SELECT id FROM product WHERE code = 'P56798983008' LIMIT 1)
         LIMIT 1),
        35, '2025-09-29 12:00:00', '2025-08-20 12:00:00'),
       ((SELECT id
         FROM product_variant
         WHERE variant_name = '15개'
           AND product_id = (SELECT id FROM product WHERE code = 'P56798983008' LIMIT 1)
         LIMIT 1),
        22, '2025-09-29 12:00:00', '2025-08-20 12:00:00');
INSERT INTO product_category (product_id, category_id)
VALUES ((SELECT id FROM product WHERE code = 'P56798983008' LIMIT 1),
        (SELECT id FROM category WHERE name = 'NAC(N-아세틸 시스테인)' LIMIT 1));
INSERT IGNORE INTO product_rank (product_id, recent_sales, updated_at)
VALUES ((SELECT id FROM product WHERE code = 'P56798983008' LIMIT 1), 1890, '2025-09-29 12:00:00');


INSERT IGNORE INTO brand (name)
VALUES ('안국건강');
INSERT IGNORE INTO brand (name)
VALUES ('엄마의 선물 추천');
INSERT IGNORE INTO brand (name)
VALUES ('뉴트리원');
INSERT IGNORE INTO brand (name)
VALUES ('보령');
INSERT IGNORE INTO brand (name)
VALUES ('덴프스');
INSERT IGNORE INTO brand (name)
VALUES ('락토핏');
INSERT IGNORE INTO brand (name)
VALUES ('티에스shop');
INSERT IGNORE INTO brand (name)
VALUES ('제트큐브');
INSERT IGNORE INTO brand (name)
VALUES ('비에날씬');
INSERT IGNORE INTO brand (name)
VALUES ('뉴트라이트');
INSERT IGNORE INTO brand (name)
VALUES ('엘레나');
INSERT IGNORE INTO brand (name)
VALUES ('뉴트리케어');

INSERT INTO product (brand_id, name, code, description, instruction, ingredients, cautions, disclaimer,
                     sale_start_date, expiration_date, max_qty_per_order, sales, avg_rating, review_count, min_price)
VALUES ((SELECT id FROM brand WHERE name = '안국건강'),
        '안국건강 아스타잔틴 미니 80mg x 60캡슐, 1개',
        'P51929520653', '안국건강 아스타잔틴 미니 80mg x 60캡슐, 1개',
        '하루 1-2캡슐을 식후에 섭취하세요.', '아스타잔틴',
        '과다섭취 시 부작용이 있을 수 있습니다.', '본 제품은 질병의 예방 및 치료를 위한 의약품이 아닙니다.',
        '2025-09-13 00:00:00', 30, 6, 1890, 4.1, 280, 23900);
INSERT INTO product_img (product_id, image_url, alt_text, sort_idx, is_primary)
VALUES ((SELECT id FROM product WHERE code = 'P51929520653' LIMIT 1),
        'https://shopping-phinf.pstatic.net/main_5192952/51929520653.1.jpg', '대표 이미지', 0, 1),
       ((SELECT id FROM product WHERE code = 'P51929520653' LIMIT 1),
        'https://shopping-phinf.pstatic.net/main_5192952/51929520653.2.jpg', '상품 상세', 1, 0),
       ((SELECT id FROM product WHERE code = 'P51929520653' LIMIT 1),
        'https://shopping-phinf.pstatic.net/main_5192952/51929520653.3.jpg', '성분 정보', 2, 0);
INSERT INTO product_variant (product_id, variant_name, list_price, sale_price, volume, upc_code, pill_size,
                             nutrition_facts, max_qty_per_order, restock_eta)
VALUES ((SELECT id FROM product WHERE code = 'P51929520653' LIMIT 1), '60캡슐', 23900, 21900, 60, '600000000515',
        '10x10x5mm', '안국건강 미니', 6, NULL),
       ((SELECT id FROM product WHERE code = 'P51929520653' LIMIT 1), '30캡슐', 13900, 11900, 30, '600000000516',
        '10x10x5mm', '안국건강 미니', 6, NULL);
INSERT IGNORE INTO stock (product_variant_id, amount, updated_at, restocked_at)
VALUES ((SELECT id
         FROM product_variant
         WHERE variant_name = '60캡슐'
           AND product_id = (SELECT id FROM product WHERE code = 'P51929520653' LIMIT 1)
         LIMIT 1),
        55, '2025-09-29 12:00:00', '2025-08-20 12:00:00'),
       ((SELECT id
         FROM product_variant
         WHERE variant_name = '30캡슐'
           AND product_id = (SELECT id FROM product WHERE code = 'P51929520653' LIMIT 1)
         LIMIT 1),
        35, '2025-09-29 12:00:00', '2025-08-20 12:00:00');
INSERT INTO product_category (product_id, category_id)
VALUES ((SELECT id FROM product WHERE code = 'P51929520653' LIMIT 1),
        (SELECT id FROM category WHERE name = '아스타잔틴' LIMIT 1));
INSERT IGNORE INTO product_rank (product_id, recent_sales, updated_at)
VALUES ((SELECT id FROM product WHERE code = 'P51929520653' LIMIT 1), 1890, '2025-09-29 12:00:00');


INSERT INTO product (brand_id, name, code, description, instruction, ingredients, cautions, disclaimer,
                     sale_start_date, expiration_date, max_qty_per_order, sales, avg_rating, review_count, min_price)
VALUES ((SELECT id FROM brand WHERE name = '엄마의 선물 추천'),
        '솔티스 눈 프로텍션 프로 s3 아스타잔틴 쏠티스 영양제 2박스',
        'P88344087040', '솔티스 눈 프로텍션 프로 s3 아스타잔틴 쏠티스 영양제 2박스',
        '하루 1-2캡슐을 식후에 섭취하세요.', '아스타잔틴, 눈건강',
        '과다섭취 시 부작용이 있을 수 있습니다.', '본 제품은 질병의 예방 및 치료를 위한 의약품이 아닙니다.',
        '2025-09-14 00:00:00', 30, 6, 1890, 4.2, 280, 25900);
INSERT INTO product_img (product_id, image_url, alt_text, sort_idx, is_primary)
VALUES ((SELECT id FROM product WHERE code = 'P88344087040' LIMIT 1),
        'https://shopping-phinf.pstatic.net/main_8834408/88344087040.1.jpg', '대표 이미지', 0, 1),
       ((SELECT id FROM product WHERE code = 'P88344087040' LIMIT 1),
        'https://shopping-phinf.pstatic.net/main_8834408/88344087040.2.jpg', '상품 상세', 1, 0),
       ((SELECT id FROM product WHERE code = 'P88344087040' LIMIT 1),
        'https://shopping-phinf.pstatic.net/main_8834408/88344087040.3.jpg', '성분 정보', 2, 0);
INSERT INTO product_variant (product_id, variant_name, list_price, sale_price, volume, upc_code, pill_size,
                             nutrition_facts, max_qty_per_order, restock_eta)
VALUES ((SELECT id FROM product WHERE code = 'P88344087040' LIMIT 1), '2박스', 25900, 23900, 2, '600000000517',
        '10x10x5mm', '솔티스 프로텍션', 6, NULL),
       ((SELECT id FROM product WHERE code = 'P88344087040' LIMIT 1), '1박스', 13900, 11900, 1, '600000000518',
        '10x10x5mm', '솔티스 프로텍션', 6, NULL);
INSERT IGNORE INTO stock (product_variant_id, amount, updated_at, restocked_at)
VALUES ((SELECT id
         FROM product_variant
         WHERE variant_name = '2박스'
           AND product_id = (SELECT id FROM product WHERE code = 'P88344087040' LIMIT 1)
         LIMIT 1),
        40, '2025-09-29 12:00:00', '2025-08-20 12:00:00'),
       ((SELECT id
         FROM product_variant
         WHERE variant_name = '1박스'
           AND product_id = (SELECT id FROM product WHERE code = 'P88344087040' LIMIT 1)
         LIMIT 1),
        25, '2025-09-29 12:00:00', '2025-08-20 12:00:00');
INSERT INTO product_category (product_id, category_id)
VALUES ((SELECT id FROM product WHERE code = 'P88344087040' LIMIT 1),
        (SELECT id FROM category WHERE name = '아스타잔틴' LIMIT 1));
INSERT IGNORE INTO product_rank (product_id, recent_sales, updated_at)
VALUES ((SELECT id FROM product WHERE code = 'P88344087040' LIMIT 1), 1890, '2025-09-29 12:00:00');


INSERT INTO product (brand_id, name, code, description, instruction, ingredients, cautions, disclaimer,
                     sale_start_date, expiration_date, max_qty_per_order, sales, avg_rating, review_count, min_price)
VALUES ((SELECT id FROM brand WHERE name = 'GNM자연의품격'),
        'GNM 조정석 루테인 지아잔틴 아스타잔틴 3박스(총 3개월분)',
        'P82704246773', 'GNM 조정석 루테인 지아잔틴 아스타잔틴 3박스(총 3개월분)',
        '하루 1-2정을 식후에 섭취하세요.', '아스타잔틴, 루테인, 지아잔틴',
        '과다섭취 시 부작용이 있을 수 있습니다.', '본 제품은 질병의 예방 및 치료를 위한 의약품이 아닙니다.',
        '2025-09-15 00:00:00', 30, 6, 1890, 4.3, 280, 35900);
INSERT INTO product_img (product_id, image_url, alt_text, sort_idx, is_primary)
VALUES ((SELECT id FROM product WHERE code = 'P82704246773' LIMIT 1),
        'https://shopping-phinf.pstatic.net/main_8270424/82704246773.1.jpg', '대표 이미지', 0, 1),
       ((SELECT id FROM product WHERE code = 'P82704246773' LIMIT 1),
        'https://shopping-phinf.pstatic.net/main_8270424/82704246773.2.jpg', '상품 상세', 1, 0),
       ((SELECT id FROM product WHERE code = 'P82704246773' LIMIT 1),
        'https://shopping-phinf.pstatic.net/main_8270424/82704246773.3.jpg', '성분 정보', 2, 0);
INSERT INTO product_variant (product_id, variant_name, list_price, sale_price, volume, upc_code, pill_size,
                             nutrition_facts, max_qty_per_order, restock_eta)
VALUES ((SELECT id FROM product WHERE code = 'P82704246773' LIMIT 1), '3박스', 35900, 33900, 3, '600000000519',
        '10x10x5mm', 'GNM 조정석', 6, NULL),
       ((SELECT id FROM product WHERE code = 'P82704246773' LIMIT 1), '1박스', 13900, 11900, 1, '600000000520',
        '10x10x5mm', 'GNM 조정석', 6, NULL);
INSERT IGNORE INTO stock (product_variant_id, amount, updated_at, restocked_at)
VALUES ((SELECT id
         FROM product_variant
         WHERE variant_name = '3박스'
           AND product_id = (SELECT id FROM product WHERE code = 'P82704246773' LIMIT 1)
         LIMIT 1),
        30, '2025-09-29 12:00:00', '2025-08-20 12:00:00'),
       ((SELECT id
         FROM product_variant
         WHERE variant_name = '1박스'
           AND product_id = (SELECT id FROM product WHERE code = 'P82704246773' LIMIT 1)
         LIMIT 1),
        20, '2025-09-29 12:00:00', '2025-08-20 12:00:00');
INSERT INTO product_category (product_id, category_id)
VALUES ((SELECT id FROM product WHERE code = 'P82704246773' LIMIT 1),
        (SELECT id FROM category WHERE name = '아스타잔틴' LIMIT 1));
INSERT IGNORE INTO product_rank (product_id, recent_sales, updated_at)
VALUES ((SELECT id FROM product WHERE code = 'P82704246773' LIMIT 1), 1890, '2025-09-29 12:00:00');


INSERT INTO product (brand_id, name, code, description, instruction, ingredients, cautions, disclaimer,
                     sale_start_date, expiration_date, max_qty_per_order, sales, avg_rating, review_count, min_price)
VALUES ((SELECT id FROM brand WHERE name = '뉴트리원'),
        '뉴트리원 164 아스타잔틴7 루테인지아잔틴 500mg x 30캡슐, 3개',
        'P51929468770', '뉴트리원 164 아스타잔틴7 루테인지아잔틴 500mg x 30캡슐, 3개',
        '하루 1-2캡슐을 식후에 섭취하세요.', '아스타잔틴, 루테인, 지아잔틴',
        '과다섭취 시 부작용이 있을 수 있습니다.', '본 제품은 질병의 예방 및 치료를 위한 의약품이 아닙니다.',
        '2025-09-16 00:00:00', 30, 6, 1890, 4.0, 280, 52700);
INSERT INTO product_img (product_id, image_url, alt_text, sort_idx, is_primary)
VALUES ((SELECT id FROM product WHERE code = 'P51929468770' LIMIT 1),
        'https://shopping-phinf.pstatic.net/main_5192946/51929468770.1.jpg', '대표 이미지', 0, 1),
       ((SELECT id FROM product WHERE code = 'P51929468770' LIMIT 1),
        'https://shopping-phinf.pstatic.net/main_5192946/51929468770.2.jpg', '상품 상세', 1, 0),
       ((SELECT id FROM product WHERE code = 'P51929468770' LIMIT 1),
        'https://shopping-phinf.pstatic.net/main_5192946/51929468770.3.jpg', '성분 정보', 2, 0);
INSERT INTO product_variant (product_id, variant_name, list_price, sale_price, volume, upc_code, pill_size,
                             nutrition_facts, max_qty_per_order, restock_eta)
VALUES ((SELECT id FROM product WHERE code = 'P51929468770' LIMIT 1), '3개', 52700, 50700, 3, '600000000521',
        '10x10x5mm', '뉴트리원 164', 6, NULL),
       ((SELECT id FROM product WHERE code = 'P51929468770' LIMIT 1), '1개', 19700, 17700, 1, '600000000522',
        '10x10x5mm', '뉴트리원 164', 6, NULL);
INSERT IGNORE INTO stock (product_variant_id, amount, updated_at, restocked_at)
VALUES ((SELECT id
         FROM product_variant
         WHERE variant_name = '3개'
           AND product_id = (SELECT id FROM product WHERE code = 'P51929468770' LIMIT 1)
         LIMIT 1),
        22, '2025-09-29 12:00:00', '2025-08-20 12:00:00'),
       ((SELECT id
         FROM product_variant
         WHERE variant_name = '1개'
           AND product_id = (SELECT id FROM product WHERE code = 'P51929468770' LIMIT 1)
         LIMIT 1),
        15, '2025-09-29 12:00:00', '2025-08-20 12:00:00');
INSERT INTO product_category (product_id, category_id)
VALUES ((SELECT id FROM product WHERE code = 'P51929468770' LIMIT 1),
        (SELECT id FROM category WHERE name = '아스타잔틴' LIMIT 1));
INSERT IGNORE INTO product_rank (product_id, recent_sales, updated_at)
VALUES ((SELECT id FROM product WHERE code = 'P51929468770' LIMIT 1), 1890, '2025-09-29 12:00:00');


INSERT INTO product (brand_id, name, code, description, instruction, ingredients, cautions, disclaimer,
                     sale_start_date, expiration_date, max_qty_per_order, sales, avg_rating, review_count, min_price)
VALUES ((SELECT id FROM brand WHERE name = '보령'),
        '보령 루테인 지아잔틴 아스타잔틴 알티지 오메가3 800mg x 60캡슐, 1개',
        'P51929252664', '보령 루테인 지아잔틴 아스타잔틴 알티지 오메가3 800mg x 60캡슐, 1개',
        '하루 1-2캡슐을 식후에 섭취하세요.', '아스타잔틴, 오메가3',
        '과다섭취 시 부작용이 있을 수 있습니다.', '본 제품은 질병의 예방 및 치료를 위한 의약품이 아닙니다.',
        '2025-09-17 00:00:00', 30, 6, 1890, 4.1, 280, 18700);
INSERT INTO product_img (product_id, image_url, alt_text, sort_idx, is_primary)
VALUES ((SELECT id FROM product WHERE code = 'P51929252664' LIMIT 1),
        'https://shopping-phinf.pstatic.net/main_5192925/51929252664.1.jpg', '대표 이미지', 0, 1),
       ((SELECT id FROM product WHERE code = 'P51929252664' LIMIT 1),
        'https://shopping-phinf.pstatic.net/main_5192925/51929252664.2.jpg', '상품 상세', 1, 0),
       ((SELECT id FROM product WHERE code = 'P51929252664' LIMIT 1),
        'https://shopping-phinf.pstatic.net/main_5192925/51929252664.3.jpg', '성분 정보', 2, 0);
INSERT INTO product_variant (product_id, variant_name, list_price, sale_price, volume, upc_code, pill_size,
                             nutrition_facts, max_qty_per_order, restock_eta)
VALUES ((SELECT id FROM product WHERE code = 'P51929252664' LIMIT 1), '60캡슐', 18700, 16700, 60, '600000000523',
        '10x10x5mm', '보령 복합', 6, NULL),
       ((SELECT id FROM product WHERE code = 'P51929252664' LIMIT 1), '30캡슐', 10700, 8700, 30, '600000000524',
        '10x10x5mm', '보령 복합', 6, NULL);
INSERT IGNORE INTO stock (product_variant_id, amount, updated_at, restocked_at)
VALUES ((SELECT id
         FROM product_variant
         WHERE variant_name = '60캡슐'
           AND product_id = (SELECT id FROM product WHERE code = 'P51929252664' LIMIT 1)
         LIMIT 1),
        70, '2025-09-29 12:00:00', '2025-08-20 12:00:00'),
       ((SELECT id
         FROM product_variant
         WHERE variant_name = '30캡슐'
           AND product_id = (SELECT id FROM product WHERE code = 'P51929252664' LIMIT 1)
         LIMIT 1),
        45, '2025-09-29 12:00:00', '2025-08-20 12:00:00');
INSERT INTO product_category (product_id, category_id)
VALUES ((SELECT id FROM product WHERE code = 'P51929252664' LIMIT 1),
        (SELECT id FROM category WHERE name = '아스타잔틴' LIMIT 1));
INSERT IGNORE INTO product_rank (product_id, recent_sales, updated_at)
VALUES ((SELECT id FROM product WHERE code = 'P51929252664' LIMIT 1), 1890, '2025-09-29 12:00:00');


INSERT INTO product (brand_id, name, code, description, instruction, ingredients, cautions, disclaimer,
                     sale_start_date, expiration_date, max_qty_per_order, sales, avg_rating, review_count, min_price)
VALUES ((SELECT id FROM brand WHERE name = '덴프스'),
        '덴프스 덴마크 유산균 이야기 170mg x 60캡슐, 1개',
        'P51929209985', '덴프스 덴마크 유산균 이야기 170mg x 60캡슐, 1개',
        '하루 1-2캡슐을 식후에 섭취하세요.', '유산균, 프로바이오틱스',
        '과다섭취 시 부작용이 있을 수 있습니다.', '본 제품은 질병의 예방 및 치료를 위한 의약품이 아닙니다.',
        '2025-09-18 00:00:00', 30, 6, 1890, 4.2, 280, 14380);
INSERT INTO product_img (product_id, image_url, alt_text, sort_idx, is_primary)
VALUES ((SELECT id FROM product WHERE code = 'P51929209985' LIMIT 1),
        'https://shopping-phinf.pstatic.net/main_5192920/51929209985.1.jpg', '대표 이미지', 0, 1),
       ((SELECT id FROM product WHERE code = 'P51929209985' LIMIT 1),
        'https://shopping-phinf.pstatic.net/main_5192920/51929209985.2.jpg', '상품 상세', 1, 0),
       ((SELECT id FROM product WHERE code = 'P51929209985' LIMIT 1),
        'https://shopping-phinf.pstatic.net/main_5192920/51929209985.3.jpg', '성분 정보', 2, 0);
INSERT INTO product_variant (product_id, variant_name, list_price, sale_price, volume, upc_code, pill_size,
                             nutrition_facts, max_qty_per_order, restock_eta)
VALUES ((SELECT id FROM product WHERE code = 'P51929209985' LIMIT 1), '60캡슐', 14380, 12380, 60, '600000000525',
        '10x10x5mm', '덴프스 덴마크', 6, NULL),
       ((SELECT id FROM product WHERE code = 'P51929209985' LIMIT 1), '30캡슐', 8380, 6380, 30, '600000000526',
        '10x10x5mm', '덴프스 덴마크', 6, NULL);
INSERT IGNORE INTO stock (product_variant_id, amount, updated_at, restocked_at)
VALUES ((SELECT id
         FROM product_variant
         WHERE variant_name = '60캡슐'
           AND product_id = (SELECT id FROM product WHERE code = 'P51929209985' LIMIT 1)
         LIMIT 1),
        85, '2025-09-29 12:00:00', '2025-08-20 12:00:00'),
       ((SELECT id
         FROM product_variant
         WHERE variant_name = '30캡슐'
           AND product_id = (SELECT id FROM product WHERE code = 'P51929209985' LIMIT 1)
         LIMIT 1),
        55, '2025-09-29 12:00:00', '2025-08-20 12:00:00');
INSERT INTO product_category (product_id, category_id)
VALUES ((SELECT id FROM product WHERE code = 'P51929209985' LIMIT 1),
        (SELECT id FROM category WHERE name = '프로바이오틱스' LIMIT 1));
INSERT IGNORE INTO product_rank (product_id, recent_sales, updated_at)
VALUES ((SELECT id FROM product WHERE code = 'P51929209985' LIMIT 1), 1890, '2025-09-29 12:00:00');


INSERT INTO product (brand_id, name, code, description, instruction, ingredients, cautions, disclaimer,
                     sale_start_date, expiration_date, max_qty_per_order, sales, avg_rating, review_count, min_price)
VALUES ((SELECT id FROM brand WHERE name = '락토핏'),
        '락토핏 플러스 듀얼바이오틱스 생유산균 200포 코스트코 종근당 프로바이오틱스 장 대용량',
        'P82124681819', '락토핏 플러스 듀얼바이오틱스 생유산균 200포 코스트코 종근당 프로바이오틱스 장 대용량',
        '하루 1-2포를 식후에 섭취하세요.', '유산균, 프로바이오틱스',
        '과다섭취 시 부작용이 있을 수 있습니다.', '본 제품은 질병의 예방 및 치료를 위한 의약품이 아닙니다.',
        '2025-09-19 00:00:00', 30, 6, 1890, 4.3, 280, 36500);
INSERT INTO product_img (product_id, image_url, alt_text, sort_idx, is_primary)
VALUES ((SELECT id FROM product WHERE code = 'P82124681819' LIMIT 1),
        'https://shopping-phinf.pstatic.net/main_8212468/82124681819.1.jpg', '대표 이미지', 0, 1),
       ((SELECT id FROM product WHERE code = 'P82124681819' LIMIT 1),
        'https://shopping-phinf.pstatic.net/main_8212468/82124681819.2.jpg', '상품 상세', 1, 0),
       ((SELECT id FROM product WHERE code = 'P82124681819' LIMIT 1),
        'https://shopping-phinf.pstatic.net/main_8212468/82124681819.3.jpg', '성분 정보', 2, 0);
INSERT INTO product_variant (product_id, variant_name, list_price, sale_price, volume, upc_code, pill_size,
                             nutrition_facts, max_qty_per_order, restock_eta)
VALUES ((SELECT id FROM product WHERE code = 'P82124681819' LIMIT 1), '200포', 36500, 34500, 200, '600000000527', '포장',
        '락토핏 플러스', 6, NULL),
       ((SELECT id FROM product WHERE code = 'P82124681819' LIMIT 1), '100포', 21500, 19500, 100, '600000000528', '포장',
        '락토핏 플러스', 6, NULL);
INSERT IGNORE INTO stock (product_variant_id, amount, updated_at, restocked_at)
VALUES ((SELECT id
         FROM product_variant
         WHERE variant_name = '200포'
           AND product_id = (SELECT id FROM product WHERE code = 'P82124681819' LIMIT 1)
         LIMIT 1),
        35, '2025-09-29 12:00:00', '2025-08-20 12:00:00'),
       ((SELECT id
         FROM product_variant
         WHERE variant_name = '100포'
           AND product_id = (SELECT id FROM product WHERE code = 'P82124681819' LIMIT 1)
         LIMIT 1),
        22, '2025-09-29 12:00:00', '2025-08-20 12:00:00');
INSERT INTO product_category (product_id, category_id)
VALUES ((SELECT id FROM product WHERE code = 'P82124681819' LIMIT 1),
        (SELECT id FROM category WHERE name = '프로바이오틱스' LIMIT 1));
INSERT IGNORE INTO product_rank (product_id, recent_sales, updated_at)
VALUES ((SELECT id FROM product WHERE code = 'P82124681819' LIMIT 1), 1890, '2025-09-29 12:00:00');


INSERT INTO product (brand_id, name, code, description, instruction, ingredients, cautions, disclaimer,
                     sale_start_date, expiration_date, max_qty_per_order, sales, avg_rating, review_count, min_price)
VALUES ((SELECT id FROM brand WHERE name = '락토핏'),
        '종근당 락토핏 코어맥스 3통 6개월분 락토핏 생유산균 프로바이오틱스',
        'P84459316592', '종근당 락토핏 코어맥스 3통 6개월분 락토핏 생유산균 프로바이오틱스',
        '하루 1-2포를 식후에 섭취하세요.', '유산균, 프로바이오틱스',
        '과다섭취 시 부작용이 있을 수 있습니다.', '본 제품은 질병의 예방 및 치료를 위한 의약품이 아닙니다.',
        '2025-09-20 00:00:00', 30, 6, 1890, 4.1, 280, 38640);
INSERT INTO product_img (product_id, image_url, alt_text, sort_idx, is_primary)
VALUES ((SELECT id FROM product WHERE code = 'P84459316592' LIMIT 1),
        'https://shopping-phinf.pstatic.net/main_8445931/84459316592.1.jpg', '대표 이미지', 0, 1),
       ((SELECT id FROM product WHERE code = 'P84459316592' LIMIT 1),
        'https://shopping-phinf.pstatic.net/main_8445931/84459316592.2.jpg', '상품 상세', 1, 0),
       ((SELECT id FROM product WHERE code = 'P84459316592' LIMIT 1),
        'https://shopping-phinf.pstatic.net/main_8445931/84459316592.3.jpg', '성분 정보', 2, 0);
INSERT INTO product_variant (product_id, variant_name, list_price, sale_price, volume, upc_code, pill_size,
                             nutrition_facts, max_qty_per_order, restock_eta)
VALUES ((SELECT id FROM product WHERE code = 'P84459316592' LIMIT 1), '3통', 38640, 36640, 3, '600000000529', '포장',
        '락토핏 코어맥스', 6, NULL),
       ((SELECT id FROM product WHERE code = 'P84459316592' LIMIT 1), '1통', 14640, 12640, 1, '600000000530', '포장',
        '락토핏 코어맥스', 6, NULL);
INSERT IGNORE INTO stock (product_variant_id, amount, updated_at, restocked_at)
VALUES ((SELECT id
         FROM product_variant
         WHERE variant_name = '3통'
           AND product_id = (SELECT id FROM product WHERE code = 'P84459316592' LIMIT 1)
         LIMIT 1),
        28, '2025-09-29 12:00:00', '2025-08-20 12:00:00'),
       ((SELECT id
         FROM product_variant
         WHERE variant_name = '1통'
           AND product_id = (SELECT id FROM product WHERE code = 'P84459316592' LIMIT 1)
         LIMIT 1),
        18, '2025-09-29 12:00:00', '2025-08-20 12:00:00');
INSERT INTO product_category (product_id, category_id)
VALUES ((SELECT id FROM product WHERE code = 'P84459316592' LIMIT 1),
        (SELECT id FROM category WHERE name = '프로바이오틱스' LIMIT 1));
INSERT IGNORE INTO product_rank (product_id, recent_sales, updated_at)
VALUES ((SELECT id FROM product WHERE code = 'P84459316592' LIMIT 1), 1890, '2025-09-29 12:00:00');


INSERT INTO product (brand_id, name, code, description, instruction, ingredients, cautions, disclaimer,
                     sale_start_date, expiration_date, max_qty_per_order, sales, avg_rating, review_count, min_price)
VALUES ((SELECT id FROM brand WHERE name = '락토핏'),
        '락토핏 골드 2g x 50포, 6개',
        'P51929250417', '락토핏 골드 2g x 50포, 6개',
        '하루 1-2포를 식후에 섭취하세요.', '유산균, 프로바이오틱스',
        '과다섭취 시 부작용이 있을 수 있습니다.', '본 제품은 질병의 예방 및 치료를 위한 의약품이 아닙니다.',
        '2025-09-21 00:00:00', 30, 6, 1890, 4.0, 280, 46730);
INSERT INTO product_img (product_id, image_url, alt_text, sort_idx, is_primary)
VALUES ((SELECT id FROM product WHERE code = 'P51929250417' LIMIT 1),
        'https://shopping-phinf.pstatic.net/main_5192925/51929250417.1.jpg', '대표 이미지', 0, 1),
       ((SELECT id FROM product WHERE code = 'P51929250417' LIMIT 1),
        'https://shopping-phinf.pstatic.net/main_5192925/51929250417.2.jpg', '상품 상세', 1, 0),
       ((SELECT id FROM product WHERE code = 'P51929250417' LIMIT 1),
        'https://shopping-phinf.pstatic.net/main_5192925/51929250417.3.jpg', '성분 정보', 2, 0);
INSERT INTO product_variant (product_id, variant_name, list_price, sale_price, volume, upc_code, pill_size,
                             nutrition_facts, max_qty_per_order, restock_eta)
VALUES ((SELECT id FROM product WHERE code = 'P51929250417' LIMIT 1), '6개', 46730, 44730, 6, '600000000531', '포장',
        '락토핏 골드', 6, NULL),
       ((SELECT id FROM product WHERE code = 'P51929250417' LIMIT 1), '3개', 26730, 24730, 3, '600000000532', '포장',
        '락토핏 골드', 6, NULL);
INSERT IGNORE INTO stock (product_variant_id, amount, updated_at, restocked_at)
VALUES ((SELECT id
         FROM product_variant
         WHERE variant_name = '6개'
           AND product_id = (SELECT id FROM product WHERE code = 'P51929250417' LIMIT 1)
         LIMIT 1),
        25, '2025-09-29 12:00:00', '2025-08-20 12:00:00'),
       ((SELECT id
         FROM product_variant
         WHERE variant_name = '3개'
           AND product_id = (SELECT id FROM product WHERE code = 'P51929250417' LIMIT 1)
         LIMIT 1),
        16, '2025-09-29 12:00:00', '2025-08-20 12:00:00');
INSERT INTO product_category (product_id, category_id)
VALUES ((SELECT id FROM product WHERE code = 'P51929250417' LIMIT 1),
        (SELECT id FROM category WHERE name = '프로바이오틱스' LIMIT 1));
INSERT IGNORE INTO product_rank (product_id, recent_sales, updated_at)
VALUES ((SELECT id FROM product WHERE code = 'P51929250417' LIMIT 1), 1890, '2025-09-29 12:00:00');


INSERT INTO product (brand_id, name, code, description, instruction, ingredients, cautions, disclaimer,
                     sale_start_date, expiration_date, max_qty_per_order, sales, avg_rating, review_count, min_price)
VALUES ((SELECT id FROM brand WHERE name = '비에날씬'),
        'BNR17유산균 비엔날씬 비에날씬 프로 김희선 다이어트 유산균 30캡슐',
        'P89412338470', 'BNR17유산균 비엔날씬 비에날씬 프로 김희선 다이어트 유산균 30캡슐',
        '하루 1-2캡슐을 식후에 섭취하세요.', '유산균, 프로바이오틱스',
        '과다섭취 시 부작용이 있을 수 있습니다.', '본 제품은 질병의 예방 및 치료를 위한 의약품이 아닙니다.',
        '2025-09-22 00:00:00', 30, 6, 1890, 4.4, 280, 45800);
INSERT INTO product_img (product_id, image_url, alt_text, sort_idx, is_primary)
VALUES ((SELECT id FROM product WHERE code = 'P89412338470' LIMIT 1),
        'https://shopping-phinf.pstatic.net/main_8941233/89412338470.1.jpg', '대표 이미지', 0, 1),
       ((SELECT id FROM product WHERE code = 'P89412338470' LIMIT 1),
        'https://shopping-phinf.pstatic.net/main_8941233/89412338470.2.jpg', '상품 상세', 1, 0),
       ((SELECT id FROM product WHERE code = 'P89412338470' LIMIT 1),
        'https://shopping-phinf.pstatic.net/main_8941233/89412338470.3.jpg', '성분 정보', 2, 0);
INSERT INTO product_variant (product_id, variant_name, list_price, sale_price, volume, upc_code, pill_size,
                             nutrition_facts, max_qty_per_order, restock_eta)
VALUES ((SELECT id FROM product WHERE code = 'P89412338470' LIMIT 1), '30캡슐', 45800, 43800, 30, '600000000533',
        '10x10x5mm', '비에날씬 BNR17', 6, NULL),
       ((SELECT id FROM product WHERE code = 'P89412338470' LIMIT 1), '15캡슐', 25800, 23800, 15, '600000000534',
        '10x10x5mm', '비에날씬 BNR17', 6, NULL);
INSERT IGNORE INTO stock (product_variant_id, amount, updated_at, restocked_at)
VALUES ((SELECT id
         FROM product_variant
         WHERE variant_name = '30캡슐'
           AND product_id = (SELECT id FROM product WHERE code = 'P89412338470' LIMIT 1)
         LIMIT 1),
        32, '2025-09-29 12:00:00', '2025-08-20 12:00:00'),
       ((SELECT id
         FROM product_variant
         WHERE variant_name = '15캡슐'
           AND product_id = (SELECT id FROM product WHERE code = 'P89412338470' LIMIT 1)
         LIMIT 1),
        20, '2025-09-29 12:00:00', '2025-08-20 12:00:00');
INSERT INTO product_category (product_id, category_id)
VALUES ((SELECT id FROM product WHERE code = 'P89412338470' LIMIT 1),
        (SELECT id FROM category WHERE name = '프로바이오틱스' LIMIT 1));
INSERT IGNORE INTO product_rank (product_id, recent_sales, updated_at)
VALUES ((SELECT id FROM product WHERE code = 'P89412338470' LIMIT 1), 1890, '2025-09-29 12:00:00');


INSERT INTO product (brand_id, name, code, description, instruction, ingredients, cautions, disclaimer,
                     sale_start_date, expiration_date, max_qty_per_order, sales, avg_rating, review_count, min_price)
VALUES ((SELECT id FROM brand WHERE name = '엘레나'),
        '유한양행 엘레나 90캡슐 여성 질 유산균 성인 질건강 임산부 수유부',
        'P82590312442', '유한양행 엘레나 90캡슐 여성 질 유산균 성인 질건강 임산부 수유부',
        '하루 1-2캡슐을 식후에 섭취하세요.', '유산균, 프로바이오틱스',
        '과다섭취 시 부작용이 있을 수 있습니다.', '본 제품은 질병의 예방 및 치료를 위한 의약품이 아닙니다.',
        '2025-09-23 00:00:00', 30, 6, 1890, 4.2, 280, 75000);
INSERT INTO product_img (product_id, image_url, alt_text, sort_idx, is_primary)
VALUES ((SELECT id FROM product WHERE code = 'P82590312442' LIMIT 1),
        'https://shopping-phinf.pstatic.net/main_8259031/82590312442.1.jpg', '대표 이미지', 0, 1),
       ((SELECT id FROM product WHERE code = 'P82590312442' LIMIT 1),
        'https://shopping-phinf.pstatic.net/main_8259031/82590312442.2.jpg', '상품 상세', 1, 0),
       ((SELECT id FROM product WHERE code = 'P82590312442' LIMIT 1),
        'https://shopping-phinf.pstatic.net/main_8259031/82590312442.3.jpg', '성분 정보', 2, 0);
INSERT INTO product_variant (product_id, variant_name, list_price, sale_price, volume, upc_code, pill_size,
                             nutrition_facts, max_qty_per_order, restock_eta)
VALUES ((SELECT id FROM product WHERE code = 'P82590312442' LIMIT 1), '90캡슐', 75000, 73000, 90, '600000000535',
        '10x10x5mm', '엘레나 여성', 6, NULL),
       ((SELECT id FROM product WHERE code = 'P82590312442' LIMIT 1), '45캡슐', 45000, 43000, 45, '600000000536',
        '10x10x5mm', '엘레나 여성', 6, NULL);
INSERT IGNORE INTO stock (product_variant_id, amount, updated_at, restocked_at)
VALUES ((SELECT id
         FROM product_variant
         WHERE variant_name = '90캡슐'
           AND product_id = (SELECT id FROM product WHERE code = 'P82590312442' LIMIT 1)
         LIMIT 1),
        18, '2025-09-29 12:00:00', '2025-08-20 12:00:00'),
       ((SELECT id
         FROM product_variant
         WHERE variant_name = '45캡슐'
           AND product_id = (SELECT id FROM product WHERE code = 'P82590312442' LIMIT 1)
         LIMIT 1),
        12, '2025-09-29 12:00:00', '2025-08-20 12:00:00');
INSERT INTO product_category (product_id, category_id)
VALUES ((SELECT id FROM product WHERE code = 'P82590312442' LIMIT 1),
        (SELECT id FROM category WHERE name = '프로바이오틱스' LIMIT 1));
INSERT IGNORE INTO product_rank (product_id, recent_sales, updated_at)
VALUES ((SELECT id FROM product WHERE code = 'P82590312442' LIMIT 1), 1890, '2025-09-29 12:00:00');


INSERT IGNORE INTO brand (name)
VALUES ('지엔엘');
INSERT IGNORE INTO brand (name)
VALUES ('종근당건강');
INSERT IGNORE INTO brand (name)
VALUES ('피에이치365');
INSERT IGNORE INTO brand (name)
VALUES ('바이오');
INSERT IGNORE INTO brand (name)
VALUES ('미소헬스케어');
INSERT IGNORE INTO brand (name)
VALUES ('유한양행');
INSERT IGNORE INTO brand (name)
VALUES ('제트큐브');
INSERT IGNORE INTO brand (name)
VALUES ('순수식품');
INSERT IGNORE INTO brand (name)
VALUES ('행복미소');

INSERT INTO product (brand_id, name, code, description, instruction, ingredients, cautions, disclaimer,
                     sale_start_date, expiration_date, max_qty_per_order, sales, avg_rating, review_count, min_price)
VALUES ((SELECT id FROM brand WHERE name = '덴프스'),
        '덴마크유산균이야기 2개월분 60캡슐 1박스 엘지지 탁 LGG 유산균',
        'P82635886441', '덴마크유산균이야기 2개월분 60캡슐 1박스 엘지지 탁 LGG 유산균',
        '하루 1-2캡슐을 식후에 섭취하세요.', 'LGG 유산균, 프로바이오틱스',
        '과다섭취 시 부작용이 있을 수 있습니다.', '본 제품은 질병의 예방 및 치료를 위한 의약품이 아닙니다.',
        '2025-09-24 00:00:00', 30, 6, 1890, 4.2, 280, 17400);
INSERT INTO product_img (product_id, image_url, alt_text, sort_idx, is_primary)
VALUES ((SELECT id FROM product WHERE code = 'P82635886441' LIMIT 1),
        'https://shopping-phinf.pstatic.net/main_8263588/82635886441.1.jpg', '대표 이미지', 0, 1),
       ((SELECT id FROM product WHERE code = 'P82635886441' LIMIT 1),
        'https://shopping-phinf.pstatic.net/main_8263588/82635886441.2.jpg', '상품 상세', 1, 0),
       ((SELECT id FROM product WHERE code = 'P82635886441' LIMIT 1),
        'https://shopping-phinf.pstatic.net/main_8263588/82635886441.3.jpg', '성분 정보', 2, 0);
INSERT INTO product_variant (product_id, variant_name, list_price, sale_price, volume, upc_code, pill_size,
                             nutrition_facts, max_qty_per_order, restock_eta)
VALUES ((SELECT id FROM product WHERE code = 'P82635886441' LIMIT 1), '60캡슐', 17400, 15400, 60, '600000000537',
        '10x10x5mm', '덴마크 LGG', 6, NULL),
       ((SELECT id FROM product WHERE code = 'P82635886441' LIMIT 1), '30캡슐', 10400, 8400, 30, '600000000538',
        '10x10x5mm', '덴마크 LGG', 6, NULL);
INSERT IGNORE INTO stock (product_variant_id, amount, updated_at, restocked_at)
VALUES ((SELECT id
         FROM product_variant
         WHERE variant_name = '60캡슐'
           AND product_id = (SELECT id FROM product WHERE code = 'P82635886441' LIMIT 1)
         LIMIT 1),
        75, '2025-09-29 12:00:00', '2025-08-20 12:00:00'),
       ((SELECT id
         FROM product_variant
         WHERE variant_name = '30캡슐'
           AND product_id = (SELECT id FROM product WHERE code = 'P82635886441' LIMIT 1)
         LIMIT 1),
        50, '2025-09-29 12:00:00', '2025-08-20 12:00:00');
INSERT INTO product_category (product_id, category_id)
VALUES ((SELECT id FROM product WHERE code = 'P82635886441' LIMIT 1),
        (SELECT id FROM category WHERE name = '프로바이오틱스' LIMIT 1));
INSERT IGNORE INTO product_rank (product_id, recent_sales, updated_at)
VALUES ((SELECT id FROM product WHERE code = 'P82635886441' LIMIT 1), 1890, '2025-09-29 12:00:00');


INSERT INTO product (brand_id, name, code, description, instruction, ingredients, cautions, disclaimer,
                     sale_start_date, expiration_date, max_qty_per_order, sales, avg_rating, review_count, min_price)
VALUES ((SELECT id FROM brand WHERE name = '종근당건강'),
        '종근당건강 생유산균 락토핏 코어맥스 2g x 60포, 3개',
        'P51929037112', '종근당건강 생유산균 락토핏 코어맥스 2g x 60포, 3개',
        '하루 1-2포를 식후에 섭취하세요.', '생유산균, 프로바이오틱스',
        '과다섭취 시 부작용이 있을 수 있습니다.', '본 제품은 질병의 예방 및 치료를 위한 의약품이 아닙니다.',
        '2025-09-25 00:00:00', 30, 6, 1890, 4.3, 280, 34270);
INSERT INTO product_img (product_id, image_url, alt_text, sort_idx, is_primary)
VALUES ((SELECT id FROM product WHERE code = 'P51929037112' LIMIT 1),
        'https://shopping-phinf.pstatic.net/main_5192903/51929037112.1.jpg', '대표 이미지', 0, 1),
       ((SELECT id FROM product WHERE code = 'P51929037112' LIMIT 1),
        'https://shopping-phinf.pstatic.net/main_5192903/51929037112.2.jpg', '상품 상세', 1, 0),
       ((SELECT id FROM product WHERE code = 'P51929037112' LIMIT 1),
        'https://shopping-phinf.pstatic.net/main_5192903/51929037112.3.jpg', '성분 정보', 2, 0);
INSERT INTO product_variant (product_id, variant_name, list_price, sale_price, volume, upc_code, pill_size,
                             nutrition_facts, max_qty_per_order, restock_eta)
VALUES ((SELECT id FROM product WHERE code = 'P51929037112' LIMIT 1), '3개', 34270, 32270, 3, '600000000539', '포장',
        '락토핏 코어맥스', 6, NULL),
       ((SELECT id FROM product WHERE code = 'P51929037112' LIMIT 1), '1개', 14270, 12270, 1, '600000000540', '포장',
        '락토핏 코어맥스', 6, NULL);
INSERT IGNORE INTO stock (product_variant_id, amount, updated_at, restocked_at)
VALUES ((SELECT id
         FROM product_variant
         WHERE variant_name = '3개'
           AND product_id = (SELECT id FROM product WHERE code = 'P51929037112' LIMIT 1)
         LIMIT 1),
        40, '2025-09-29 12:00:00', '2025-08-20 12:00:00'),
       ((SELECT id
         FROM product_variant
         WHERE variant_name = '1개'
           AND product_id = (SELECT id FROM product WHERE code = 'P51929037112' LIMIT 1)
         LIMIT 1),
        25, '2025-09-29 12:00:00', '2025-08-20 12:00:00');
INSERT INTO product_category (product_id, category_id)
VALUES ((SELECT id FROM product WHERE code = 'P51929037112' LIMIT 1),
        (SELECT id FROM category WHERE name = '프로바이오틱스' LIMIT 1));
INSERT IGNORE INTO product_rank (product_id, recent_sales, updated_at)
VALUES ((SELECT id FROM product WHERE code = 'P51929037112' LIMIT 1), 1890, '2025-09-29 12:00:00');


INSERT INTO product (brand_id, name, code, description, instruction, ingredients, cautions, disclaimer,
                     sale_start_date, expiration_date, max_qty_per_order, sales, avg_rating, review_count, min_price)
VALUES ((SELECT id FROM brand WHERE name = '피에이치365'),
        '피에이치365 아기유산균 프로바이오틱스 베이비 돌 유아 아이',
        'P82307182893', '피에이치365 아기유산균 프로바이오틱스 베이비 돌 유아 아이',
        '하루 1-2포를 식후에 섭취하세요.', '아기유산균, 프로바이오틱스',
        '과다섭취 시 부작용이 있을 수 있습니다.', '본 제품은 질병의 예방 및 치료를 위한 의약품이 아닙니다.',
        '2025-09-26 00:00:00', 30, 6, 1890, 4.4, 280, 39000);
INSERT INTO product_img (product_id, image_url, alt_text, sort_idx, is_primary)
VALUES ((SELECT id FROM product WHERE code = 'P82307182893' LIMIT 1),
        'https://shopping-phinf.pstatic.net/main_8230718/82307182893.1.jpg', '대표 이미지', 0, 1),
       ((SELECT id FROM product WHERE code = 'P82307182893' LIMIT 1),
        'https://shopping-phinf.pstatic.net/main_8230718/82307182893.2.jpg', '상품 상세', 1, 0),
       ((SELECT id FROM product WHERE code = 'P82307182893' LIMIT 1),
        'https://shopping-phinf.pstatic.net/main_8230718/82307182893.3.jpg', '성분 정보', 2, 0);
INSERT INTO product_variant (product_id, variant_name, list_price, sale_price, volume, upc_code, pill_size,
                             nutrition_facts, max_qty_per_order, restock_eta)
VALUES ((SELECT id FROM product WHERE code = 'P82307182893' LIMIT 1), '30포', 39000, 37000, 30, '600000000541', '포장',
        '피에이치365 아기', 6, NULL),
       ((SELECT id FROM product WHERE code = 'P82307182893' LIMIT 1), '15포', 22000, 20000, 15, '600000000542', '포장',
        '피에이치365 아기', 6, NULL);
INSERT IGNORE INTO stock (product_variant_id, amount, updated_at, restocked_at)
VALUES ((SELECT id
         FROM product_variant
         WHERE variant_name = '30포'
           AND product_id = (SELECT id FROM product WHERE code = 'P82307182893' LIMIT 1)
         LIMIT 1),
        35, '2025-09-29 12:00:00', '2025-08-20 12:00:00'),
       ((SELECT id
         FROM product_variant
         WHERE variant_name = '15포'
           AND product_id = (SELECT id FROM product WHERE code = 'P82307182893' LIMIT 1)
         LIMIT 1),
        22, '2025-09-29 12:00:00', '2025-08-20 12:00:00');
INSERT INTO product_category (product_id, category_id)
VALUES ((SELECT id FROM product WHERE code = 'P82307182893' LIMIT 1),
        (SELECT id FROM category WHERE name = '프로바이오틱스' LIMIT 1));
INSERT IGNORE INTO product_rank (product_id, recent_sales, updated_at)
VALUES ((SELECT id FROM product WHERE code = 'P82307182893' LIMIT 1), 1890, '2025-09-29 12:00:00');


INSERT INTO product (brand_id, name, code, description, instruction, ingredients, cautions, disclaimer,
                     sale_start_date, expiration_date, max_qty_per_order, sales, avg_rating, review_count, min_price)
VALUES ((SELECT id FROM brand WHERE name = '바이오'),
        '덴틱케어 덴마크 구강유산균 2개월분 생유산균',
        'P86959096420', '덴틱케어 덴마크 구강유산균 2개월분 생유산균',
        '하루 1-2캡슐을 식후에 섭취하세요.', '구강유산균, 프로바이오틱스',
        '과다섭취 시 부작용이 있을 수 있습니다.', '본 제품은 질병의 예방 및 치료를 위한 의약품이 아닙니다.',
        '2025-09-27 00:00:00', 30, 6, 1890, 4.1, 280, 17900);
INSERT INTO product_img (product_id, image_url, alt_text, sort_idx, is_primary)
VALUES ((SELECT id FROM product WHERE code = 'P86959096420' LIMIT 1),
        'https://shopping-phinf.pstatic.net/main_8695909/86959096420.1.jpg', '대표 이미지', 0, 1),
       ((SELECT id FROM product WHERE code = 'P86959096420' LIMIT 1),
        'https://shopping-phinf.pstatic.net/main_8695909/86959096420.2.jpg', '상품 상세', 1, 0),
       ((SELECT id FROM product WHERE code = 'P86959096420' LIMIT 1),
        'https://shopping-phinf.pstatic.net/main_8695909/86959096420.3.jpg', '성분 정보', 2, 0);
INSERT INTO product_variant (product_id, variant_name, list_price, sale_price, volume, upc_code, pill_size,
                             nutrition_facts, max_qty_per_order, restock_eta)
VALUES ((SELECT id FROM product WHERE code = 'P86959096420' LIMIT 1), '60캡슐', 17900, 15900, 60, '600000000543',
        '10x10x5mm', '덴틱케어 구강', 6, NULL),
       ((SELECT id FROM product WHERE code = 'P86959096420' LIMIT 1), '30캡슐', 10900, 8900, 30, '600000000544',
        '10x10x5mm', '덴틱케어 구강', 6, NULL);
INSERT IGNORE INTO stock (product_variant_id, amount, updated_at, restocked_at)
VALUES ((SELECT id
         FROM product_variant
         WHERE variant_name = '60캡슐'
           AND product_id = (SELECT id FROM product WHERE code = 'P86959096420' LIMIT 1)
         LIMIT 1),
        65, '2025-09-29 12:00:00', '2025-08-20 12:00:00'),
       ((SELECT id
         FROM product_variant
         WHERE variant_name = '30캡슐'
           AND product_id = (SELECT id FROM product WHERE code = 'P86959096420' LIMIT 1)
         LIMIT 1),
        42, '2025-09-29 12:00:00', '2025-08-20 12:00:00');
INSERT INTO product_category (product_id, category_id)
VALUES ((SELECT id FROM product WHERE code = 'P86959096420' LIMIT 1),
        (SELECT id FROM category WHERE name = '프로바이오틱스' LIMIT 1));
INSERT IGNORE INTO product_rank (product_id, recent_sales, updated_at)
VALUES ((SELECT id FROM product WHERE code = 'P86959096420' LIMIT 1), 1890, '2025-09-29 12:00:00');


INSERT INTO product (brand_id, name, code, description, instruction, ingredients, cautions, disclaimer,
                     sale_start_date, expiration_date, max_qty_per_order, sales, avg_rating, review_count, min_price)
VALUES ((SELECT id FROM brand WHERE name = '비에날씬'),
        '다이어트 유산균 비에날씬 400mg x 60캡슐, 3개',
        'P53092886274', '다이어트 유산균 비에날씬 400mg x 60캡슐, 3개',
        '하루 1-2캡슐을 식후에 섭취하세요.', '다이어트 유산균, 프로바이오틱스',
        '과다섭취 시 부작용이 있을 수 있습니다.', '본 제품은 질병의 예방 및 치료를 위한 의약품이 아닙니다.',
        '2025-09-28 00:00:00', 30, 6, 1890, 4.5, 280, 132870);
INSERT INTO product_img (product_id, image_url, alt_text, sort_idx, is_primary)
VALUES ((SELECT id FROM product WHERE code = 'P53092886274' LIMIT 1),
        'https://shopping-phinf.pstatic.net/main_5309288/53092886274.1.jpg', '대표 이미지', 0, 1),
       ((SELECT id FROM product WHERE code = 'P53092886274' LIMIT 1),
        'https://shopping-phinf.pstatic.net/main_5309288/53092886274.2.jpg', '상품 상세', 1, 0),
       ((SELECT id FROM product WHERE code = 'P53092886274' LIMIT 1),
        'https://shopping-phinf.pstatic.net/main_5309288/53092886274.3.jpg', '성분 정보', 2, 0);
INSERT INTO product_variant (product_id, variant_name, list_price, sale_price, volume, upc_code, pill_size,
                             nutrition_facts, max_qty_per_order, restock_eta)
VALUES ((SELECT id FROM product WHERE code = 'P53092886274' LIMIT 1), '3개', 132870, 130870, 3, '600000000545',
        '10x10x5mm', '비에날씬 다이어트', 6, NULL),
       ((SELECT id FROM product WHERE code = 'P53092886274' LIMIT 1), '1개', 52870, 50870, 1, '600000000546',
        '10x10x5mm', '비에날씬 다이어트', 6, NULL);
INSERT IGNORE INTO stock (product_variant_id, amount, updated_at, restocked_at)
VALUES ((SELECT id
         FROM product_variant
         WHERE variant_name = '3개'
           AND product_id = (SELECT id FROM product WHERE code = 'P53092886274' LIMIT 1)
         LIMIT 1),
        15, '2025-09-29 12:00:00', '2025-08-20 12:00:00'),
       ((SELECT id
         FROM product_variant
         WHERE variant_name = '1개'
           AND product_id = (SELECT id FROM product WHERE code = 'P53092886274' LIMIT 1)
         LIMIT 1),
        10, '2025-09-29 12:00:00', '2025-08-20 12:00:00');
INSERT INTO product_category (product_id, category_id)
VALUES ((SELECT id FROM product WHERE code = 'P53092886274' LIMIT 1),
        (SELECT id FROM category WHERE name = '프로바이오틱스' LIMIT 1));
INSERT IGNORE INTO product_rank (product_id, recent_sales, updated_at)
VALUES ((SELECT id FROM product WHERE code = 'P53092886274' LIMIT 1), 1890, '2025-09-29 12:00:00');


INSERT INTO product (brand_id, name, code, description, instruction, ingredients, cautions, disclaimer,
                     sale_start_date, expiration_date, max_qty_per_order, sales, avg_rating, review_count, min_price)
VALUES ((SELECT id FROM brand WHERE name = '비에날씬'),
        '다이어트 유산균 비에날씬 프로 425mg x 30캡슐, 3개',
        'P51929286651', '다이어트 유산균 비에날씬 프로 425mg x 30캡슐, 3개',
        '하루 1-2캡슐을 식후에 섭취하세요.', '다이어트 유산균, 프로바이오틱스',
        '과다섭취 시 부작용이 있을 수 있습니다.', '본 제품은 질병의 예방 및 치료를 위한 의약품이 아닙니다.',
        '2025-09-29 00:00:00', 30, 6, 1890, 4.3, 280, 131000);
INSERT INTO product_img (product_id, image_url, alt_text, sort_idx, is_primary)
VALUES ((SELECT id FROM product WHERE code = 'P51929286651' LIMIT 1),
        'https://shopping-phinf.pstatic.net/main_5192928/51929286651.1.jpg', '대표 이미지', 0, 1),
       ((SELECT id FROM product WHERE code = 'P51929286651' LIMIT 1),
        'https://shopping-phinf.pstatic.net/main_5192928/51929286651.2.jpg', '상품 상세', 1, 0),
       ((SELECT id FROM product WHERE code = 'P51929286651' LIMIT 1),
        'https://shopping-phinf.pstatic.net/main_5192928/51929286651.3.jpg', '성분 정보', 2, 0);
INSERT INTO product_variant (product_id, variant_name, list_price, sale_price, volume, upc_code, pill_size,
                             nutrition_facts, max_qty_per_order, restock_eta)
VALUES ((SELECT id FROM product WHERE code = 'P51929286651' LIMIT 1), '3개', 131000, 129000, 3, '600000000547',
        '10x10x5mm', '비에날씬 프로', 6, NULL),
       ((SELECT id FROM product WHERE code = 'P51929286651' LIMIT 1), '1개', 51000, 49000, 1, '600000000548',
        '10x10x5mm', '비에날씬 프로', 6, NULL);
INSERT IGNORE INTO stock (product_variant_id, amount, updated_at, restocked_at)
VALUES ((SELECT id
         FROM product_variant
         WHERE variant_name = '3개'
           AND product_id = (SELECT id FROM product WHERE code = 'P51929286651' LIMIT 1)
         LIMIT 1),
        18, '2025-09-29 12:00:00', '2025-08-20 12:00:00'),
       ((SELECT id
         FROM product_variant
         WHERE variant_name = '1개'
           AND product_id = (SELECT id FROM product WHERE code = 'P51929286651' LIMIT 1)
         LIMIT 1),
        12, '2025-09-29 12:00:00', '2025-08-20 12:00:00');
INSERT INTO product_category (product_id, category_id)
VALUES ((SELECT id FROM product WHERE code = 'P51929286651' LIMIT 1),
        (SELECT id FROM category WHERE name = '프로바이오틱스' LIMIT 1));
INSERT IGNORE INTO product_rank (product_id, recent_sales, updated_at)
VALUES ((SELECT id FROM product WHERE code = 'P51929286651' LIMIT 1), 1890, '2025-09-29 12:00:00');


INSERT INTO product (brand_id, name, code, description, instruction, ingredients, cautions, disclaimer,
                     sale_start_date, expiration_date, max_qty_per_order, sales, avg_rating, review_count, min_price)
VALUES ((SELECT id FROM brand WHERE name = '유한양행'),
        '엘레나 질유산균 60캡슐 2개월분 유한양행 여성 질건강 UREX 덴마크 프로바이오틱스',
        'P85858756891', '엘레나 질유산균 60캡슐 2개월분 유한양행 여성 질건강 UREX 덴마크 프로바이오틱스',
        '하루 1-2캡슐을 식후에 섭취하세요.', '질유산균, 프로바이오틱스',
        '과다섭취 시 부작용이 있을 수 있습니다.', '본 제품은 질병의 예방 및 치료를 위한 의약품이 아닙니다.',
        '2025-09-30 00:00:00', 30, 6, 1890, 4.2, 280, 46900);
INSERT INTO product_img (product_id, image_url, alt_text, sort_idx, is_primary)
VALUES ((SELECT id FROM product WHERE code = 'P85858756891' LIMIT 1),
        'https://shopping-phinf.pstatic.net/main_8585875/85858756891.1.jpg', '대표 이미지', 0, 1),
       ((SELECT id FROM product WHERE code = 'P85858756891' LIMIT 1),
        'https://shopping-phinf.pstatic.net/main_8585875/85858756891.2.jpg', '상품 상세', 1, 0),
       ((SELECT id FROM product WHERE code = 'P85858756891' LIMIT 1),
        'https://shopping-phinf.pstatic.net/main_8585875/85858756891.3.jpg', '성분 정보', 2, 0);
INSERT INTO product_variant (product_id, variant_name, list_price, sale_price, volume, upc_code, pill_size,
                             nutrition_facts, max_qty_per_order, restock_eta)
VALUES ((SELECT id FROM product WHERE code = 'P85858756891' LIMIT 1), '60캡슐', 46900, 44900, 60, '600000000549',
        '10x10x5mm', '엘레나 질유산균', 6, NULL),
       ((SELECT id FROM product WHERE code = 'P85858756891' LIMIT 1), '30캡슐', 26900, 24900, 30, '600000000550',
        '10x10x5mm', '엘레나 질유산균', 6, NULL);
INSERT IGNORE INTO stock (product_variant_id, amount, updated_at, restocked_at)
VALUES ((SELECT id
         FROM product_variant
         WHERE variant_name = '60캡슐'
           AND product_id = (SELECT id FROM product WHERE code = 'P85858756891' LIMIT 1)
         LIMIT 1),
        28, '2025-09-29 12:00:00', '2025-08-20 12:00:00'),
       ((SELECT id
         FROM product_variant
         WHERE variant_name = '30캡슐'
           AND product_id = (SELECT id FROM product WHERE code = 'P85858756891' LIMIT 1)
         LIMIT 1),
        18, '2025-09-29 12:00:00', '2025-08-20 12:00:00');
INSERT INTO product_category (product_id, category_id)
VALUES ((SELECT id FROM product WHERE code = 'P85858756891' LIMIT 1),
        (SELECT id FROM category WHERE name = '프로바이오틱스' LIMIT 1));
INSERT IGNORE INTO product_rank (product_id, recent_sales, updated_at)
VALUES ((SELECT id FROM product WHERE code = 'P85858756891' LIMIT 1), 1890, '2025-09-29 12:00:00');


INSERT INTO product (brand_id, name, code, description, instruction, ingredients, cautions, disclaimer,
                     sale_start_date, expiration_date, max_qty_per_order, sales, avg_rating, review_count, min_price)
VALUES ((SELECT id FROM brand WHERE name = '순수식품'),
        '순수식품 프리바이오틱스 FOS4300 5g x 30포, 3개',
        'P51929260479', '순수식품 프리바이오틱스 FOS4300 5g x 30포, 3개',
        '하루 1-2포를 식후에 섭취하세요.', 'FOS, 프리바이오틱스',
        '과다섭취 시 부작용이 있을 수 있습니다.', '본 제품은 질병의 예방 및 치료를 위한 의약품이 아닙니다.',
        '2025-10-02 00:00:00', 30, 6, 1890, 4.0, 280, 15780);
INSERT INTO product_img (product_id, image_url, alt_text, sort_idx, is_primary)
VALUES ((SELECT id FROM product WHERE code = 'P51929260479' LIMIT 1),
        'https://shopping-phinf.pstatic.net/main_5192926/51929260479.1.jpg', '대표 이미지', 0, 1),
       ((SELECT id FROM product WHERE code = 'P51929260479' LIMIT 1),
        'https://shopping-phinf.pstatic.net/main_5192926/51929260479.2.jpg', '상품 상세', 1, 0),
       ((SELECT id FROM product WHERE code = 'P51929260479' LIMIT 1),
        'https://shopping-phinf.pstatic.net/main_5192926/51929260479.3.jpg', '성분 정보', 2, 0);
INSERT INTO product_variant (product_id, variant_name, list_price, sale_price, volume, upc_code, pill_size,
                             nutrition_facts, max_qty_per_order, restock_eta)
VALUES ((SELECT id FROM product WHERE code = 'P51929260479' LIMIT 1), '3개', 15780, 13780, 3, '600000000553', '포장',
        '순수식품 FOS', 6, NULL),
       ((SELECT id FROM product WHERE code = 'P51929260479' LIMIT 1), '1개', 6780, 4780, 1, '600000000554', '포장',
        '순수식품 FOS', 6, NULL);
INSERT IGNORE INTO stock (product_variant_id, amount, updated_at, restocked_at)
VALUES ((SELECT id
         FROM product_variant
         WHERE variant_name = '3개'
           AND product_id = (SELECT id FROM product WHERE code = 'P51929260479' LIMIT 1)
         LIMIT 1),
        55, '2025-09-29 12:00:00', '2025-08-20 12:00:00'),
       ((SELECT id
         FROM product_variant
         WHERE variant_name = '1개'
           AND product_id = (SELECT id FROM product WHERE code = 'P51929260479' LIMIT 1)
         LIMIT 1),
        35, '2025-09-29 12:00:00', '2025-08-20 12:00:00');
INSERT INTO product_category (product_id, category_id)
VALUES ((SELECT id FROM product WHERE code = 'P51929260479' LIMIT 1),
        (SELECT id FROM category WHERE name = '프리바이오틱스' LIMIT 1));
INSERT IGNORE INTO product_rank (product_id, recent_sales, updated_at)
VALUES ((SELECT id FROM product WHERE code = 'P51929260479' LIMIT 1), 1890, '2025-09-29 12:00:00');


INSERT INTO product (brand_id, name, code, description, instruction, ingredients, cautions, disclaimer,
                     sale_start_date, expiration_date, max_qty_per_order, sales, avg_rating, review_count, min_price)
VALUES ((SELECT id FROM brand WHERE name = '종근당'),
        '종근당 프리바이오틱스 FOS 프락토올리고당 유산균먹이 분말 가루(3개월분)',
        'P13459406272', '종근당 프리바이오틱스 FOS 프락토올리고당 유산균먹이 분말 가루(3개월분)',
        '하루 1-2포를 식후에 섭취하세요.', 'FOS, 프락토올리고당',
        '과다섭취 시 부작용이 있을 수 있습니다.', '본 제품은 질병의 예방 및 치료를 위한 의약품이 아닙니다.',
        '2025-10-03 00:00:00', 30, 6, 1890, 4.2, 280, 34900);
INSERT INTO product_img (product_id, image_url, alt_text, sort_idx, is_primary)
VALUES ((SELECT id FROM product WHERE code = 'P13459406272' LIMIT 1),
        'https://shopping-phinf.pstatic.net/main_1345940/13459406272.1.jpg', '대표 이미지', 0, 1),
       ((SELECT id FROM product WHERE code = 'P13459406272' LIMIT 1),
        'https://shopping-phinf.pstatic.net/main_1345940/13459406272.2.jpg', '상품 상세', 1, 0),
       ((SELECT id FROM product WHERE code = 'P13459406272' LIMIT 1),
        'https://shopping-phinf.pstatic.net/main_1345940/13459406272.3.jpg', '성분 정보', 2, 0);
INSERT INTO product_variant (product_id, variant_name, list_price, sale_price, volume, upc_code, pill_size,
                             nutrition_facts, max_qty_per_order, restock_eta)
VALUES ((SELECT id FROM product WHERE code = 'P13459406272' LIMIT 1), '3개월분', 34900, 32900, 90, '600000000555', '포장',
        '종근당 FOS', 6, NULL),
       ((SELECT id FROM product WHERE code = 'P13459406272' LIMIT 1), '1개월분', 14900, 12900, 30, '600000000556', '포장',
        '종근당 FOS', 6, NULL);
INSERT IGNORE INTO stock (product_variant_id, amount, updated_at, restocked_at)
VALUES ((SELECT id
         FROM product_variant
         WHERE variant_name = '3개월분'
           AND product_id = (SELECT id FROM product WHERE code = 'P13459406272' LIMIT 1)
         LIMIT 1),
        32, '2025-09-29 12:00:00', '2025-08-20 12:00:00'),
       ((SELECT id
         FROM product_variant
         WHERE variant_name = '1개월분'
           AND product_id = (SELECT id FROM product WHERE code = 'P13459406272' LIMIT 1)
         LIMIT 1),
        20, '2025-09-29 12:00:00', '2025-08-20 12:00:00');
INSERT INTO product_category (product_id, category_id)
VALUES ((SELECT id FROM product WHERE code = 'P13459406272' LIMIT 1),
        (SELECT id FROM category WHERE name = '프리바이오틱스' LIMIT 1));
INSERT IGNORE INTO product_rank (product_id, recent_sales, updated_at)
VALUES ((SELECT id FROM product WHERE code = 'P13459406272' LIMIT 1), 1890, '2025-09-29 12:00:00');


INSERT IGNORE INTO brand (name)
VALUES ('건강비서');
INSERT IGNORE INTO brand (name)
VALUES ('셀렉스');
INSERT IGNORE INTO brand (name)
VALUES ('설빈');
INSERT IGNORE INTO brand (name)
VALUES ('셀타임');
INSERT IGNORE INTO brand (name)
VALUES ('뉴트리코어');
INSERT IGNORE INTO brand (name)
VALUES ('데이즈온');
INSERT IGNORE INTO brand (name)
VALUES ('오늘은꼭');

INSERT INTO product (brand_id, name, code, description, instruction, ingredients, cautions, disclaimer,
                     sale_start_date, expiration_date, max_qty_per_order, sales, avg_rating, review_count, min_price)
VALUES ((SELECT id FROM brand WHERE name = '건강비서'),
        '건강비서 식이섬균 3g x 20포, 3개',
        'P56944139037', '건강비서 식이섬균 3g x 20포, 3개',
        '하루 1-2포를 식후에 섭취하세요.', '식이섬균, 프리바이오틱스',
        '과다섭취 시 부작용이 있을 수 있습니다.', '본 제품은 질병의 예방 및 치료를 위한 의약품이 아닙니다.',
        '2025-10-04 00:00:00', 30, 6, 1890, 4.3, 280, 68590);
INSERT INTO product_img (product_id, image_url, alt_text, sort_idx, is_primary)
VALUES ((SELECT id FROM product WHERE code = 'P56944139037' LIMIT 1),
        'https://shopping-phinf.pstatic.net/main_5694413/56944139037.1.jpg', '대표 이미지', 0, 1),
       ((SELECT id FROM product WHERE code = 'P56944139037' LIMIT 1),
        'https://shopping-phinf.pstatic.net/main_5694413/56944139037.2.jpg', '상품 상세', 1, 0),
       ((SELECT id FROM product WHERE code = 'P56944139037' LIMIT 1),
        'https://shopping-phinf.pstatic.net/main_5694413/56944139037.3.jpg', '성분 정보', 2, 0);
INSERT INTO product_variant (product_id, variant_name, list_price, sale_price, volume, upc_code, pill_size,
                             nutrition_facts, max_qty_per_order, restock_eta)
VALUES ((SELECT id FROM product WHERE code = 'P56944139037' LIMIT 1), '3개', 68590, 66590, 3, '600000000557', '포장',
        '건강비서 식이섬균', 6, NULL),
       ((SELECT id FROM product WHERE code = 'P56944139037' LIMIT 1), '1개', 28590, 26590, 1, '600000000558', '포장',
        '건강비서 식이섬균', 6, NULL);
INSERT IGNORE INTO stock (product_variant_id, amount, updated_at, restocked_at)
VALUES ((SELECT id
         FROM product_variant
         WHERE variant_name = '3개'
           AND product_id = (SELECT id FROM product WHERE code = 'P56944139037' LIMIT 1)
         LIMIT 1),
        20, '2025-09-29 12:00:00', '2025-08-20 12:00:00'),
       ((SELECT id
         FROM product_variant
         WHERE variant_name = '1개'
           AND product_id = (SELECT id FROM product WHERE code = 'P56944139037' LIMIT 1)
         LIMIT 1),
        12, '2025-09-29 12:00:00', '2025-08-20 12:00:00');
INSERT INTO product_category (product_id, category_id)
VALUES ((SELECT id FROM product WHERE code = 'P56944139037' LIMIT 1),
        (SELECT id FROM category WHERE name = '프리바이오틱스' LIMIT 1));
INSERT IGNORE INTO product_rank (product_id, recent_sales, updated_at)
VALUES ((SELECT id FROM product WHERE code = 'P56944139037' LIMIT 1), 1890, '2025-09-29 12:00:00');


INSERT INTO product (brand_id, name, code, description, instruction, ingredients, cautions, disclaimer,
                     sale_start_date, expiration_date, max_qty_per_order, sales, avg_rating, review_count, min_price)
VALUES ((SELECT id FROM brand WHERE name = '셀렉스'),
        '셀렉스 썬화이버 프리바이오틱스 250g, 4개',
        'P56587106833', '셀렉스 썬화이버 프리바이오틱스 250g, 4개',
        '하루 1-2포를 식후에 섭취하세요.', '프리바이오틱스, 썬화이버',
        '과다섭취 시 부작용이 있을 수 있습니다.', '본 제품은 질병의 예방 및 치료를 위한 의약품이 아닙니다.',
        '2025-10-05 00:00:00', 30, 6, 1890, 4.4, 280, 101460);
INSERT INTO product_img (product_id, image_url, alt_text, sort_idx, is_primary)
VALUES ((SELECT id FROM product WHERE code = 'P56587106833' LIMIT 1),
        'https://shopping-phinf.pstatic.net/main_5658710/56587106833.1.jpg', '대표 이미지', 0, 1),
       ((SELECT id FROM product WHERE code = 'P56587106833' LIMIT 1),
        'https://shopping-phinf.pstatic.net/main_5658710/56587106833.2.jpg', '상품 상세', 1, 0),
       ((SELECT id FROM product WHERE code = 'P56587106833' LIMIT 1),
        'https://shopping-phinf.pstatic.net/main_5658710/56587106833.3.jpg', '성분 정보', 2, 0);
INSERT INTO product_variant (product_id, variant_name, list_price, sale_price, volume, upc_code, pill_size,
                             nutrition_facts, max_qty_per_order, restock_eta)
VALUES ((SELECT id FROM product WHERE code = 'P56587106833' LIMIT 1), '4개', 101460, 99460, 4, '600000000559', '포장',
        '셀렉스 썬화이버', 6, NULL),
       ((SELECT id FROM product WHERE code = 'P56587106833' LIMIT 1), '2개', 51460, 49460, 2, '600000000560', '포장',
        '셀렉스 썬화이버', 6, NULL);
INSERT IGNORE INTO stock (product_variant_id, amount, updated_at, restocked_at)
VALUES ((SELECT id
         FROM product_variant
         WHERE variant_name = '4개'
           AND product_id = (SELECT id FROM product WHERE code = 'P56587106833' LIMIT 1)
         LIMIT 1),
        15, '2025-09-29 12:00:00', '2025-08-20 12:00:00'),
       ((SELECT id
         FROM product_variant
         WHERE variant_name = '2개'
           AND product_id = (SELECT id FROM product WHERE code = 'P56587106833' LIMIT 1)
         LIMIT 1),
        10, '2025-09-29 12:00:00', '2025-08-20 12:00:00');
INSERT INTO product_category (product_id, category_id)
VALUES ((SELECT id FROM product WHERE code = 'P56587106833' LIMIT 1),
        (SELECT id FROM category WHERE name = '프리바이오틱스' LIMIT 1));
INSERT IGNORE INTO product_rank (product_id, recent_sales, updated_at)
VALUES ((SELECT id FROM product WHERE code = 'P56587106833' LIMIT 1), 1890, '2025-09-29 12:00:00');


INSERT INTO product (brand_id, name, code, description, instruction, ingredients, cautions, disclaimer,
                     sale_start_date, expiration_date, max_qty_per_order, sales, avg_rating, review_count, min_price)
VALUES ((SELECT id FROM brand WHERE name = '종근당건강'),
        '종근당건강 프리바이오틱스 FOS 에프오에스 5g x 30포, 1개',
        'P51929039120', '종근당건강 프리바이오틱스 FOS 에프오에스 5g x 30포, 1개',
        '하루 1-2포를 식후에 섭취하세요.', 'FOS, 프리바이오틱스',
        '과다섭취 시 부작용이 있을 수 있습니다.', '본 제품은 질병의 예방 및 치료를 위한 의약품이 아닙니다.',
        '2025-10-06 00:00:00', 30, 6, 1890, 4.1, 280, 7700);
INSERT INTO product_img (product_id, image_url, alt_text, sort_idx, is_primary)
VALUES ((SELECT id FROM product WHERE code = 'P51929039120' LIMIT 1),
        'https://shopping-phinf.pstatic.net/main_5192903/51929039120.1.jpg', '대표 이미지', 0, 1),
       ((SELECT id FROM product WHERE code = 'P51929039120' LIMIT 1),
        'https://shopping-phinf.pstatic.net/main_5192903/51929039120.2.jpg', '상품 상세', 1, 0),
       ((SELECT id FROM product WHERE code = 'P51929039120' LIMIT 1),
        'https://shopping-phinf.pstatic.net/main_5192903/51929039120.3.jpg', '성분 정보', 2, 0);
INSERT INTO product_variant (product_id, variant_name, list_price, sale_price, volume, upc_code, pill_size,
                             nutrition_facts, max_qty_per_order, restock_eta)
VALUES ((SELECT id FROM product WHERE code = 'P51929039120' LIMIT 1), '30포', 7700, 5700, 30, '600000000561', '포장',
        '종근당건강 FOS', 6, NULL),
       ((SELECT id FROM product WHERE code = 'P51929039120' LIMIT 1), '15포', 4700, 2700, 15, '600000000562', '포장',
        '종근당건강 FOS', 6, NULL);
INSERT IGNORE INTO stock (product_variant_id, amount, updated_at, restocked_at)
VALUES ((SELECT id
         FROM product_variant
         WHERE variant_name = '30포'
           AND product_id = (SELECT id FROM product WHERE code = 'P51929039120' LIMIT 1)
         LIMIT 1),
        85, '2025-09-29 12:00:00', '2025-08-20 12:00:00'),
       ((SELECT id
         FROM product_variant
         WHERE variant_name = '15포'
           AND product_id = (SELECT id FROM product WHERE code = 'P51929039120' LIMIT 1)
         LIMIT 1),
        55, '2025-09-29 12:00:00', '2025-08-20 12:00:00');
INSERT INTO product_category (product_id, category_id)
VALUES ((SELECT id FROM product WHERE code = 'P51929039120' LIMIT 1),
        (SELECT id FROM category WHERE name = '프리바이오틱스' LIMIT 1));
INSERT IGNORE INTO product_rank (product_id, recent_sales, updated_at)
VALUES ((SELECT id FROM product WHERE code = 'P51929039120' LIMIT 1), 1890, '2025-09-29 12:00:00');


INSERT INTO product (brand_id, name, code, description, instruction, ingredients, cautions, disclaimer,
                     sale_start_date, expiration_date, max_qty_per_order, sales, avg_rating, review_count, min_price)
VALUES ((SELECT id FROM brand WHERE name = '종근당'),
        '종근당 프리바이오틱스 프락토올리고당 FOS 5g x 30포, 6개',
        'P51929530134', '종근당 프리바이오틱스 프락토올리고당 FOS 5g x 30포, 6개',
        '하루 1-2포를 식후에 섭취하세요.', '프락토올리고당, FOS',
        '과다섭취 시 부작용이 있을 수 있습니다.', '본 제품은 질병의 예방 및 치료를 위한 의약품이 아닙니다.',
        '2025-10-07 00:00:00', 30, 6, 1890, 4.2, 280, 57640);
INSERT INTO product_img (product_id, image_url, alt_text, sort_idx, is_primary)
VALUES ((SELECT id FROM product WHERE code = 'P51929530134' LIMIT 1),
        'https://shopping-phinf.pstatic.net/main_5192953/51929530134.1.jpg', '대표 이미지', 0, 1),
       ((SELECT id FROM product WHERE code = 'P51929530134' LIMIT 1),
        'https://shopping-phinf.pstatic.net/main_5192953/51929530134.2.jpg', '상품 상세', 1, 0),
       ((SELECT id FROM product WHERE code = 'P51929530134' LIMIT 1),
        'https://shopping-phinf.pstatic.net/main_5192953/51929530134.3.jpg', '성분 정보', 2, 0);
INSERT INTO product_variant (product_id, variant_name, list_price, sale_price, volume, upc_code, pill_size,
                             nutrition_facts, max_qty_per_order, restock_eta)
VALUES ((SELECT id FROM product WHERE code = 'P51929530134' LIMIT 1), '6개', 57640, 55640, 6, '600000000563', '포장',
        '종근당 FOS', 6, NULL),
       ((SELECT id FROM product WHERE code = 'P51929530134' LIMIT 1), '3개', 29640, 27640, 3, '600000000564', '포장',
        '종근당 FOS', 6, NULL);
INSERT IGNORE INTO stock (product_variant_id, amount, updated_at, restocked_at)
VALUES ((SELECT id
         FROM product_variant
         WHERE variant_name = '6개'
           AND product_id = (SELECT id FROM product WHERE code = 'P51929530134' LIMIT 1)
         LIMIT 1),
        25, '2025-09-29 12:00:00', '2025-08-20 12:00:00'),
       ((SELECT id
         FROM product_variant
         WHERE variant_name = '3개'
           AND product_id = (SELECT id FROM product WHERE code = 'P51929530134' LIMIT 1)
         LIMIT 1),
        16, '2025-09-29 12:00:00', '2025-08-20 12:00:00');
INSERT INTO product_category (product_id, category_id)
VALUES ((SELECT id FROM product WHERE code = 'P51929530134' LIMIT 1),
        (SELECT id FROM category WHERE name = '프리바이오틱스' LIMIT 1));
INSERT IGNORE INTO product_rank (product_id, recent_sales, updated_at)
VALUES ((SELECT id FROM product WHERE code = 'P51929530134' LIMIT 1), 1890, '2025-09-29 12:00:00');


INSERT INTO product (brand_id, name, code, description, instruction, ingredients, cautions, disclaimer,
                     sale_start_date, expiration_date, max_qty_per_order, sales, avg_rating, review_count, min_price)
VALUES ((SELECT id FROM brand WHERE name = '셀렉스'),
        '셀렉스 썬화이버 프리바이오틱스 구아검가수분해물 250g 1통',
        'P85258925852', '셀렉스 썬화이버 프리바이오틱스 구아검가수분해물 250g 1통',
        '하루 1-2포를 식후에 섭취하세요.', '구아검가수분해물, 프리바이오틱스',
        '과다섭취 시 부작용이 있을 수 있습니다.', '본 제품은 질병의 예방 및 치료를 위한 의약품이 아닙니다.',
        '2025-10-08 00:00:00', 30, 6, 1890, 4.0, 280, 26900);
INSERT INTO product_img (product_id, image_url, alt_text, sort_idx, is_primary)
VALUES ((SELECT id FROM product WHERE code = 'P85258925852' LIMIT 1),
        'https://shopping-phinf.pstatic.net/main_8525892/85258925852.1.jpg', '대표 이미지', 0, 1),
       ((SELECT id FROM product WHERE code = 'P85258925852' LIMIT 1),
        'https://shopping-phinf.pstatic.net/main_8525892/85258925852.2.jpg', '상품 상세', 1, 0),
       ((SELECT id FROM product WHERE code = 'P85258925852' LIMIT 1),
        'https://shopping-phinf.pstatic.net/main_8525892/85258925852.3.jpg', '성분 정보', 2, 0);
INSERT INTO product_variant (product_id, variant_name, list_price, sale_price, volume, upc_code, pill_size,
                             nutrition_facts, max_qty_per_order, restock_eta)
VALUES ((SELECT id FROM product WHERE code = 'P85258925852' LIMIT 1), '1통', 26900, 24900, 1, '600000000565', '포장',
        '셀렉스 구아검', 6, NULL),
       ((SELECT id FROM product WHERE code = 'P85258925852' LIMIT 1), '2통', 51900, 49900, 2, '600000000566', '포장',
        '셀렉스 구아검', 6, NULL);
INSERT IGNORE INTO stock (product_variant_id, amount, updated_at, restocked_at)
VALUES ((SELECT id
         FROM product_variant
         WHERE variant_name = '1통'
           AND product_id = (SELECT id FROM product WHERE code = 'P85258925852' LIMIT 1)
         LIMIT 1),
        45, '2025-09-29 12:00:00', '2025-08-20 12:00:00'),
       ((SELECT id
         FROM product_variant
         WHERE variant_name = '2통'
           AND product_id = (SELECT id FROM product WHERE code = 'P85258925852' LIMIT 1)
         LIMIT 1),
        28, '2025-09-29 12:00:00', '2025-08-20 12:00:00');
INSERT INTO product_category (product_id, category_id)
VALUES ((SELECT id FROM product WHERE code = 'P85258925852' LIMIT 1),
        (SELECT id FROM category WHERE name = '프리바이오틱스' LIMIT 1));
INSERT IGNORE INTO product_rank (product_id, recent_sales, updated_at)
VALUES ((SELECT id FROM product WHERE code = 'P85258925852' LIMIT 1), 1890, '2025-09-29 12:00:00');


INSERT INTO product (brand_id, name, code, description, instruction, ingredients, cautions, disclaimer,
                     sale_start_date, expiration_date, max_qty_per_order, sales, avg_rating, review_count, min_price)
VALUES ((SELECT id FROM brand WHERE name = '셀렉스'),
        '셀렉스 썬화이버 당솔브 175g, 2개',
        'P56018950938', '셀렉스 썬화이버 당솔브 175g, 2개',
        '하루 1-2포를 식후에 섭취하세요.', '당솔브, 프리바이오틱스',
        '과다섭취 시 부작용이 있을 수 있습니다.', '본 제품은 질병의 예방 및 치료를 위한 의약품이 아닙니다.',
        '2025-10-09 00:00:00', 30, 6, 1890, 4.1, 280, 34890);
INSERT INTO product_img (product_id, image_url, alt_text, sort_idx, is_primary)
VALUES ((SELECT id FROM product WHERE code = 'P56018950938' LIMIT 1),
        'https://shopping-phinf.pstatic.net/main_5601895/56018950938.1.jpg', '대표 이미지', 0, 1),
       ((SELECT id FROM product WHERE code = 'P56018950938' LIMIT 1),
        'https://shopping-phinf.pstatic.net/main_5601895/56018950938.2.jpg', '상품 상세', 1, 0),
       ((SELECT id FROM product WHERE code = 'P56018950938' LIMIT 1),
        'https://shopping-phinf.pstatic.net/main_5601895/56018950938.3.jpg', '성분 정보', 2, 0);
INSERT INTO product_variant (product_id, variant_name, list_price, sale_price, volume, upc_code, pill_size,
                             nutrition_facts, max_qty_per_order, restock_eta)
VALUES ((SELECT id FROM product WHERE code = 'P56018950938' LIMIT 1), '2개', 34890, 32890, 2, '600000000567', '포장',
        '셀렉스 당솔브', 6, NULL),
       ((SELECT id FROM product WHERE code = 'P56018950938' LIMIT 1), '1개', 18890, 16890, 1, '600000000568', '포장',
        '셀렉스 당솔브', 6, NULL);
INSERT IGNORE INTO stock (product_variant_id, amount, updated_at, restocked_at)
VALUES ((SELECT id
         FROM product_variant
         WHERE variant_name = '2개'
           AND product_id = (SELECT id FROM product WHERE code = 'P56018950938' LIMIT 1)
         LIMIT 1),
        35, '2025-09-29 12:00:00', '2025-08-20 12:00:00'),
       ((SELECT id
         FROM product_variant
         WHERE variant_name = '1개'
           AND product_id = (SELECT id FROM product WHERE code = 'P56018950938' LIMIT 1)
         LIMIT 1),
        22, '2025-09-29 12:00:00', '2025-08-20 12:00:00');
INSERT INTO product_category (product_id, category_id)
VALUES ((SELECT id FROM product WHERE code = 'P56018950938' LIMIT 1),
        (SELECT id FROM category WHERE name = '프리바이오틱스' LIMIT 1));
INSERT IGNORE INTO product_rank (product_id, recent_sales, updated_at)
VALUES ((SELECT id FROM product WHERE code = 'P56018950938' LIMIT 1), 1890, '2025-09-29 12:00:00');


INSERT INTO product (brand_id, name, code, description, instruction, ingredients, cautions, disclaimer,
                     sale_start_date, expiration_date, max_qty_per_order, sales, avg_rating, review_count, min_price)
VALUES ((SELECT id FROM brand WHERE name = '셀타임'),
        '셀타임, 4년 연구 특허배합, 레스베라트롤, 항비만 유산균, NMN',
        'P89125496394', '셀타임, 4년 연구 특허배합, 레스베라트롤, 항비만 유산균, NMN',
        '하루 1-2캡슐을 식후에 섭취하세요.', '레스베라트롤, 항비만 유산균, NMN',
        '과다섭취 시 부작용이 있을 수 있습니다.', '본 제품은 질병의 예방 및 치료를 위한 의약품이 아닙니다.',
        '2025-10-10 00:00:00', 30, 6, 1890, 4.5, 280, 98000);
INSERT INTO product_img (product_id, image_url, alt_text, sort_idx, is_primary)
VALUES ((SELECT id FROM product WHERE code = 'P89125496394' LIMIT 1),
        'https://shopping-phinf.pstatic.net/main_8912549/89125496394.1.jpg', '대표 이미지', 0, 1),
       ((SELECT id FROM product WHERE code = 'P89125496394' LIMIT 1),
        'https://shopping-phinf.pstatic.net/main_8912549/89125496394.2.jpg', '상품 상세', 1, 0),
       ((SELECT id FROM product WHERE code = 'P89125496394' LIMIT 1),
        'https://shopping-phinf.pstatic.net/main_8912549/89125496394.3.jpg', '성분 정보', 2, 0);
INSERT INTO product_variant (product_id, variant_name, list_price, sale_price, volume, upc_code, pill_size,
                             nutrition_facts, max_qty_per_order, restock_eta)
VALUES ((SELECT id FROM product WHERE code = 'P89125496394' LIMIT 1), '30캡슐', 98000, 96000, 30, '600000000569',
        '10x10x5mm', '셀타임 특허배합', 6, NULL),
       ((SELECT id FROM product WHERE code = 'P89125496394' LIMIT 1), '15캡슐', 58000, 56000, 15, '600000000570',
        '10x10x5mm', '셀타임 특허배합', 6, NULL);
INSERT IGNORE INTO stock (product_variant_id, amount, updated_at, restocked_at)
VALUES ((SELECT id
         FROM product_variant
         WHERE variant_name = '30캡슐'
           AND product_id = (SELECT id FROM product WHERE code = 'P89125496394' LIMIT 1)
         LIMIT 1),
        12, '2025-09-29 12:00:00', '2025-08-20 12:00:00'),
       ((SELECT id
         FROM product_variant
         WHERE variant_name = '15캡슐'
           AND product_id = (SELECT id FROM product WHERE code = 'P89125496394' LIMIT 1)
         LIMIT 1),
        8, '2025-09-29 12:00:00', '2025-08-20 12:00:00');
INSERT INTO product_category (product_id, category_id)
VALUES ((SELECT id FROM product WHERE code = 'P89125496394' LIMIT 1),
        (SELECT id FROM category WHERE name = '프리바이오틱스' LIMIT 1));
INSERT IGNORE INTO product_rank (product_id, recent_sales, updated_at)
VALUES ((SELECT id FROM product WHERE code = 'P89125496394' LIMIT 1), 1890, '2025-09-29 12:00:00');


INSERT INTO product (brand_id, name, code, description, instruction, ingredients, cautions, disclaimer,
                     sale_start_date, expiration_date, max_qty_per_order, sales, avg_rating, review_count, min_price)
VALUES ((SELECT id FROM brand WHERE name = '뉴트리코어'),
        '뉴트리코어 유기농 프리바이오틱스 7g x 30포, 4개',
        'P51929500112', '뉴트리코어 유기농 프리바이오틱스 7g x 30포, 4개',
        '하루 1-2포를 식후에 섭취하세요.', '유기농 프리바이오틱스',
        '과다섭취 시 부작용이 있을 수 있습니다.', '본 제품은 질병의 예방 및 치료를 위한 의약품이 아닙니다.',
        '2025-10-11 00:00:00', 30, 6, 1890, 4.2, 280, 57000);
INSERT INTO product_img (product_id, image_url, alt_text, sort_idx, is_primary)
VALUES ((SELECT id FROM product WHERE code = 'P51929500112' LIMIT 1),
        'https://shopping-phinf.pstatic.net/main_5192950/51929500112.1.jpg', '대표 이미지', 0, 1),
       ((SELECT id FROM product WHERE code = 'P51929500112' LIMIT 1),
        'https://shopping-phinf.pstatic.net/main_5192950/51929500112.2.jpg', '상품 상세', 1, 0),
       ((SELECT id FROM product WHERE code = 'P51929500112' LIMIT 1),
        'https://shopping-phinf.pstatic.net/main_5192950/51929500112.3.jpg', '성분 정보', 2, 0);
INSERT INTO product_variant (product_id, variant_name, list_price, sale_price, volume, upc_code, pill_size,
                             nutrition_facts, max_qty_per_order, restock_eta)
VALUES ((SELECT id FROM product WHERE code = 'P51929500112' LIMIT 1), '4개', 57000, 55000, 4, '600000000571', '포장',
        '뉴트리코어 유기농', 6, NULL),
       ((SELECT id FROM product WHERE code = 'P51929500112' LIMIT 1), '2개', 30000, 28000, 2, '600000000572', '포장',
        '뉴트리코어 유기농', 6, NULL);
INSERT IGNORE INTO stock (product_variant_id, amount, updated_at, restocked_at)
VALUES ((SELECT id
         FROM product_variant
         WHERE variant_name = '4개'
           AND product_id = (SELECT id FROM product WHERE code = 'P51929500112' LIMIT 1)
         LIMIT 1),
        22, '2025-09-29 12:00:00', '2025-08-20 12:00:00'),
       ((SELECT id
         FROM product_variant
         WHERE variant_name = '2개'
           AND product_id = (SELECT id FROM product WHERE code = 'P51929500112' LIMIT 1)
         LIMIT 1),
        14, '2025-09-29 12:00:00', '2025-08-20 12:00:00');
INSERT INTO product_category (product_id, category_id)
VALUES ((SELECT id FROM product WHERE code = 'P51929500112' LIMIT 1),
        (SELECT id FROM category WHERE name = '프리바이오틱스' LIMIT 1));
INSERT IGNORE INTO product_rank (product_id, recent_sales, updated_at)
VALUES ((SELECT id FROM product WHERE code = 'P51929500112' LIMIT 1), 1890, '2025-09-29 12:00:00');


INSERT INTO product (brand_id, name, code, description, instruction, ingredients, cautions, disclaimer,
                     sale_start_date, expiration_date, max_qty_per_order, sales, avg_rating, review_count, min_price)
VALUES ((SELECT id FROM brand WHERE name = '데이즈온'),
        '데이즈온 프리바이오틱스 FOS 프락토올리고당 플러스 4g x 30포, 1개',
        'P51929302844', '데이즈온 프리바이오틱스 FOS 프락토올리고당 플러스 4g x 30포, 1개',
        '하루 1-2포를 식후에 섭취하세요.', 'FOS, 프락토올리고당',
        '과다섭취 시 부작용이 있을 수 있습니다.', '본 제품은 질병의 예방 및 치료를 위한 의약품이 아닙니다.',
        '2025-10-12 00:00:00', 30, 6, 1890, 4.0, 280, 5610);
INSERT INTO product_img (product_id, image_url, alt_text, sort_idx, is_primary)
VALUES ((SELECT id FROM product WHERE code = 'P51929302844' LIMIT 1),
        'https://shopping-phinf.pstatic.net/main_5192930/51929302844.1.jpg', '대표 이미지', 0, 1),
       ((SELECT id FROM product WHERE code = 'P51929302844' LIMIT 1),
        'https://shopping-phinf.pstatic.net/main_5192930/51929302844.2.jpg', '상품 상세', 1, 0),
       ((SELECT id FROM product WHERE code = 'P51929302844' LIMIT 1),
        'https://shopping-phinf.pstatic.net/main_5192930/51929302844.3.jpg', '성분 정보', 2, 0);
INSERT INTO product_variant (product_id, variant_name, list_price, sale_price, volume, upc_code, pill_size,
                             nutrition_facts, max_qty_per_order, restock_eta)
VALUES ((SELECT id FROM product WHERE code = 'P51929302844' LIMIT 1), '30포', 5610, 3610, 30, '600000000573', '포장',
        '데이즈온 FOS', 6, NULL),
       ((SELECT id FROM product WHERE code = 'P51929302844' LIMIT 1), '15포', 3610, 1610, 15, '600000000574', '포장',
        '데이즈온 FOS', 6, NULL);
INSERT IGNORE INTO stock (product_variant_id, amount, updated_at, restocked_at)
VALUES ((SELECT id
         FROM product_variant
         WHERE variant_name = '30포'
           AND product_id = (SELECT id FROM product WHERE code = 'P51929302844' LIMIT 1)
         LIMIT 1),
        95, '2025-09-29 12:00:00', '2025-08-20 12:00:00'),
       ((SELECT id
         FROM product_variant
         WHERE variant_name = '15포'
           AND product_id = (SELECT id FROM product WHERE code = 'P51929302844' LIMIT 1)
         LIMIT 1),
        65, '2025-09-29 12:00:00', '2025-08-20 12:00:00');
INSERT INTO product_category (product_id, category_id)
VALUES ((SELECT id FROM product WHERE code = 'P51929302844' LIMIT 1),
        (SELECT id FROM category WHERE name = '프리바이오틱스' LIMIT 1));
INSERT IGNORE INTO product_rank (product_id, recent_sales, updated_at)
VALUES ((SELECT id FROM product WHERE code = 'P51929302844' LIMIT 1), 1890, '2025-09-29 12:00:00');


INSERT INTO product (brand_id, name, code, description, instruction, ingredients, cautions, disclaimer,
                     sale_start_date, expiration_date, max_qty_per_order, sales, avg_rating, review_count, min_price)
VALUES ((SELECT id FROM brand WHERE name = '오늘은꼭'),
        '오늘은꼭 소화 효소 30포 파인애플 역가수치 400만 효소제 곡물 발효',
        'P83829289695', '오늘은꼭 소화 효소 30포 파인애플 역가수치 400만 효소제 곡물 발효',
        '하루 1-2포를 식후에 섭취하세요.', '소화 효소, 파인애플',
        '과다섭취 시 부작용이 있을 수 있습니다.', '본 제품은 질병의 예방 및 치료를 위한 의약품이 아닙니다.',
        '2025-10-13 00:00:00', 30, 6, 1890, 4.3, 280, 26800);
INSERT INTO product_img (product_id, image_url, alt_text, sort_idx, is_primary)
VALUES ((SELECT id FROM product WHERE code = 'P83829289695' LIMIT 1),
        'https://shopping-phinf.pstatic.net/main_8382928/83829289695.1.jpg', '대표 이미지', 0, 1),
       ((SELECT id FROM product WHERE code = 'P83829289695' LIMIT 1),
        'https://shopping-phinf.pstatic.net/main_8382928/83829289695.2.jpg', '상품 상세', 1, 0),
       ((SELECT id FROM product WHERE code = 'P83829289695' LIMIT 1),
        'https://shopping-phinf.pstatic.net/main_8382928/83829289695.3.jpg', '성분 정보', 2, 0);
INSERT INTO product_variant (product_id, variant_name, list_price, sale_price, volume, upc_code, pill_size,
                             nutrition_facts, max_qty_per_order, restock_eta)
VALUES ((SELECT id FROM product WHERE code = 'P83829289695' LIMIT 1), '30포', 26800, 24800, 30, '600000000575', '포장',
        '오늘은꼭 소화효소', 6, NULL),
       ((SELECT id FROM product WHERE code = 'P83829289695' LIMIT 1), '15포', 15800, 13800, 15, '600000000576', '포장',
        '오늘은꼭 소화효소', 6, NULL);
INSERT IGNORE INTO stock (product_variant_id, amount, updated_at, restocked_at)
VALUES ((SELECT id
         FROM product_variant
         WHERE variant_name = '30포'
           AND product_id = (SELECT id FROM product WHERE code = 'P83829289695' LIMIT 1)
         LIMIT 1),
        60, '2025-09-29 12:00:00', '2025-08-20 12:00:00'),
       ((SELECT id
         FROM product_variant
         WHERE variant_name = '15포'
           AND product_id = (SELECT id FROM product WHERE code = 'P83829289695' LIMIT 1)
         LIMIT 1),
        40, '2025-09-29 12:00:00', '2025-08-20 12:00:00');
INSERT INTO product_category (product_id, category_id)
VALUES ((SELECT id FROM product WHERE code = 'P83829289695' LIMIT 1),
        (SELECT id FROM category WHERE name = '소화 효소' LIMIT 1));
INSERT IGNORE INTO product_rank (product_id, recent_sales, updated_at)
VALUES ((SELECT id FROM product WHERE code = 'P83829289695' LIMIT 1), 1890, '2025-09-29 12:00:00');


INSERT IGNORE INTO brand (name)
VALUES ('그레인온');
INSERT IGNORE INTO brand (name)
VALUES ('우고래빗');
INSERT IGNORE INTO brand (name)
VALUES ('헬스케어커머스 힐링팩토리');
INSERT IGNORE INTO brand (name)
VALUES ('소복효소');
INSERT IGNORE INTO brand (name)
VALUES ('소 복');
INSERT IGNORE INTO brand (name)
VALUES ('프레시네이처');
INSERT IGNORE INTO brand (name)
VALUES ('프레시네이처몰');
INSERT IGNORE INTO brand (name)
VALUES ('효소원 쇼핑몰');
INSERT IGNORE INTO brand (name)
VALUES ('에너바이브');
INSERT IGNORE INTO brand (name)
VALUES ('힐링포뮬라');


INSERT INTO product (brand_id, name, code, description, instruction, ingredients, cautions, disclaimer,
                     sale_start_date, expiration_date, max_qty_per_order, sales, avg_rating, review_count, min_price)
VALUES ((SELECT id FROM brand WHERE name = '뉴트리원'),
        '뉴트리원 카무트 효소 골드 3g x 30포, 6개',
        'P51929179620', '뉴트리원 카무트 효소 골드 3g x 30포, 6개',
        '하루 1-2포를 식후에 섭취하세요.', '카무트 효소, 소화 효소',
        '과다섭취 시 부작용이 있을 수 있습니다.', '본 제품은 질병의 예방 및 치료를 위한 의약품이 아닙니다.',
        '2025-10-14 00:00:00', 30, 6, 1890, 4.2, 280, 58080);
INSERT INTO product_img (product_id, image_url, alt_text, sort_idx, is_primary)
VALUES ((SELECT id FROM product WHERE code = 'P51929179620' LIMIT 1),
        'https://shopping-phinf.pstatic.net/main_5192917/51929179620.1.jpg', '대표 이미지', 0, 1),
       ((SELECT id FROM product WHERE code = 'P51929179620' LIMIT 1),
        'https://shopping-phinf.pstatic.net/main_5192917/51929179620.2.jpg', '상품 상세', 1, 0),
       ((SELECT id FROM product WHERE code = 'P51929179620' LIMIT 1),
        'https://shopping-phinf.pstatic.net/main_5192917/51929179620.3.jpg', '성분 정보', 2, 0);
INSERT INTO product_variant (product_id, variant_name, list_price, sale_price, volume, upc_code, pill_size,
                             nutrition_facts, max_qty_per_order, restock_eta)
VALUES ((SELECT id FROM product WHERE code = 'P51929179620' LIMIT 1), '6개', 58080, 56080, 6, '600000000577', '포장',
        '뉴트리원 카무트', 6, NULL),
       ((SELECT id FROM product WHERE code = 'P51929179620' LIMIT 1), '3개', 30080, 28080, 3, '600000000578', '포장',
        '뉴트리원 카무트', 6, NULL);
INSERT IGNORE INTO stock (product_variant_id, amount, updated_at, restocked_at)
VALUES ((SELECT id
         FROM product_variant
         WHERE variant_name = '6개'
           AND product_id = (SELECT id FROM product WHERE code = 'P51929179620' LIMIT 1)
         LIMIT 1),
        18, '2025-09-29 12:00:00', '2025-08-20 12:00:00'),
       ((SELECT id
         FROM product_variant
         WHERE variant_name = '3개'
           AND product_id = (SELECT id FROM product WHERE code = 'P51929179620' LIMIT 1)
         LIMIT 1),
        12, '2025-09-29 12:00:00', '2025-08-20 12:00:00');
INSERT INTO product_category (product_id, category_id)
VALUES ((SELECT id FROM product WHERE code = 'P51929179620' LIMIT 1),
        (SELECT id FROM category WHERE name = '소화 효소' LIMIT 1));
INSERT IGNORE INTO product_rank (product_id, recent_sales, updated_at)
VALUES ((SELECT id FROM product WHERE code = 'P51929179620' LIMIT 1), 1890, '2025-09-29 12:00:00');


INSERT INTO product (brand_id, name, code, description, instruction, ingredients, cautions, disclaimer,
                     sale_start_date, expiration_date, max_qty_per_order, sales, avg_rating, review_count, min_price)
VALUES ((SELECT id FROM brand WHERE name = '그레인온'),
        '그레인온 골드 카무트 효소 3g x 30포, 2개',
        'P51929486771', '그레인온 골드 카무트 효소 3g x 30포, 2개',
        '하루 1-2포를 식후에 섭취하세요.', '카무트 효소, 소화 효소',
        '과다섭취 시 부작용이 있을 수 있습니다.', '본 제품은 질병의 예방 및 치료를 위한 의약품이 아닙니다.',
        '2025-10-15 00:00:00', 30, 6, 1890, 4.1, 280, 28800);
INSERT INTO product_img (product_id, image_url, alt_text, sort_idx, is_primary)
VALUES ((SELECT id FROM product WHERE code = 'P51929486771' LIMIT 1),
        'https://shopping-phinf.pstatic.net/main_5192948/51929486771.1.jpg', '대표 이미지', 0, 1),
       ((SELECT id FROM product WHERE code = 'P51929486771' LIMIT 1),
        'https://shopping-phinf.pstatic.net/main_5192948/51929486771.2.jpg', '상품 상세', 1, 0),
       ((SELECT id FROM product WHERE code = 'P51929486771' LIMIT 1),
        'https://shopping-phinf.pstatic.net/main_5192948/51929486771.3.jpg', '성분 정보', 2, 0);
INSERT INTO product_variant (product_id, variant_name, list_price, sale_price, volume, upc_code, pill_size,
                             nutrition_facts, max_qty_per_order, restock_eta)
VALUES ((SELECT id FROM product WHERE code = 'P51929486771' LIMIT 1), '2개', 28800, 26800, 2, '600000000579', '포장',
        '그레인온 골드', 6, NULL),
       ((SELECT id FROM product WHERE code = 'P51929486771' LIMIT 1), '1개', 15800, 13800, 1, '600000000580', '포장',
        '그레인온 골드', 6, NULL);
INSERT IGNORE INTO stock (product_variant_id, amount, updated_at, restocked_at)
VALUES ((SELECT id
         FROM product_variant
         WHERE variant_name = '2개'
           AND product_id = (SELECT id FROM product WHERE code = 'P51929486771' LIMIT 1)
         LIMIT 1),
        35, '2025-09-29 12:00:00', '2025-08-20 12:00:00'),
       ((SELECT id
         FROM product_variant
         WHERE variant_name = '1개'
           AND product_id = (SELECT id FROM product WHERE code = 'P51929486771' LIMIT 1)
         LIMIT 1),
        22, '2025-09-29 12:00:00', '2025-08-20 12:00:00');
INSERT INTO product_category (product_id, category_id)
VALUES ((SELECT id FROM product WHERE code = 'P51929486771' LIMIT 1),
        (SELECT id FROM category WHERE name = '소화 효소' LIMIT 1));
INSERT IGNORE INTO product_rank (product_id, recent_sales, updated_at)
VALUES ((SELECT id FROM product WHERE code = 'P51929486771' LIMIT 1), 1890, '2025-09-29 12:00:00');


INSERT INTO product (brand_id, name, code, description, instruction, ingredients, cautions, disclaimer,
                     sale_start_date, expiration_date, max_qty_per_order, sales, avg_rating, review_count, min_price)
VALUES ((SELECT id FROM brand WHERE name = '우고래빗'),
        '[6+1] 우고래빗 쓱 효소 곡물 발효 유산균 소화효소 30포, 7개',
        'P89280422357', '[6+1] 우고래빗 쓱 효소 곡물 발효 유산균 소화효소 30포, 7개',
        '하루 1-2포를 식후에 섭취하세요.', '곡물 발효 효소, 유산균',
        '과다섭취 시 부작용이 있을 수 있습니다.', '본 제품은 질병의 예방 및 치료를 위한 의약품이 아닙니다.',
        '2025-10-16 00:00:00', 30, 6, 1890, 4.3, 280, 59800);
INSERT INTO product_img (product_id, image_url, alt_text, sort_idx, is_primary)
VALUES ((SELECT id FROM product WHERE code = 'P89280422357' LIMIT 1),
        'https://shopping-phinf.pstatic.net/main_8928042/89280422357.1.jpg', '대표 이미지', 0, 1),
       ((SELECT id FROM product WHERE code = 'P89280422357' LIMIT 1),
        'https://shopping-phinf.pstatic.net/main_8928042/89280422357.2.jpg', '상품 상세', 1, 0),
       ((SELECT id FROM product WHERE code = 'P89280422357' LIMIT 1),
        'https://shopping-phinf.pstatic.net/main_8928042/89280422357.3.jpg', '성분 정보', 2, 0);
INSERT INTO product_variant (product_id, variant_name, list_price, sale_price, volume, upc_code, pill_size,
                             nutrition_facts, max_qty_per_order, restock_eta)
VALUES ((SELECT id FROM product WHERE code = 'P89280422357' LIMIT 1), '7개', 59800, 57800, 7, '600000000581', '포장',
        '우고래빗 쓱효소', 6, NULL),
       ((SELECT id FROM product WHERE code = 'P89280422357' LIMIT 1), '3개', 30800, 28800, 3, '600000000582', '포장',
        '우고래빗 쓱효소', 6, NULL);
INSERT IGNORE INTO stock (product_variant_id, amount, updated_at, restocked_at)
VALUES ((SELECT id
         FROM product_variant
         WHERE variant_name = '7개'
           AND product_id = (SELECT id FROM product WHERE code = 'P89280422357' LIMIT 1)
         LIMIT 1),
        20, '2025-09-29 12:00:00', '2025-08-20 12:00:00'),
       ((SELECT id
         FROM product_variant
         WHERE variant_name = '3개'
           AND product_id = (SELECT id FROM product WHERE code = 'P89280422357' LIMIT 1)
         LIMIT 1),
        13, '2025-09-29 12:00:00', '2025-08-20 12:00:00');
INSERT INTO product_category (product_id, category_id)
VALUES ((SELECT id FROM product WHERE code = 'P89280422357' LIMIT 1),
        (SELECT id FROM category WHERE name = '소화 효소' LIMIT 1));
INSERT IGNORE INTO product_rank (product_id, recent_sales, updated_at)
VALUES ((SELECT id FROM product WHERE code = 'P89280422357' LIMIT 1), 1890, '2025-09-29 12:00:00');


INSERT INTO product (brand_id, name, code, description, instruction, ingredients, cautions, disclaimer,
                     sale_start_date, expiration_date, max_qty_per_order, sales, avg_rating, review_count, min_price)
VALUES ((SELECT id FROM brand WHERE name = '힐링포뮬라'),
        '힐링포뮬라 대용량 카뮤트효소 100회분 골드 카무드 가루 분말 곡물 소화 효소 300g, 1개',
        'P88246852395', '힐링포뮬라 대용량 카뮤트효소 100회분 골드 카무드 가루 분말 곡물 소화 효소 300g, 1개',
        '하루 1-2포를 식후에 섭취하세요.', '카뮤트효소, 곡물 효소',
        '과다섭취 시 부작용이 있을 수 있습니다.', '본 제품은 질병의 예방 및 치료를 위한 의약품이 아닙니다.',
        '2025-10-17 00:00:00', 30, 6, 1890, 4.0, 280, 14900);
INSERT INTO product_img (product_id, image_url, alt_text, sort_idx, is_primary)
VALUES ((SELECT id FROM product WHERE code = 'P88246852395' LIMIT 1),
        'https://shopping-phinf.pstatic.net/main_8824685/88246852395.1.jpg', '대표 이미지', 0, 1),
       ((SELECT id FROM product WHERE code = 'P88246852395' LIMIT 1),
        'https://shopping-phinf.pstatic.net/main_8824685/88246852395.2.jpg', '상품 상세', 1, 0),
       ((SELECT id FROM product WHERE code = 'P88246852395' LIMIT 1),
        'https://shopping-phinf.pstatic.net/main_8824685/88246852395.3.jpg', '성분 정보', 2, 0);
INSERT INTO product_variant (product_id, variant_name, list_price, sale_price, volume, upc_code, pill_size,
                             nutrition_facts, max_qty_per_order, restock_eta)
VALUES ((SELECT id FROM product WHERE code = 'P88246852395' LIMIT 1), '300g', 14900, 12900, 1, '600000000583', '포장',
        '힐링포뮬라 카뮤트', 6, NULL),
       ((SELECT id FROM product WHERE code = 'P88246852395' LIMIT 1), '150g', 8900, 6900, 1, '600000000584', '포장',
        '힐링포뮬라 카뮤트', 6, NULL);
INSERT IGNORE INTO stock (product_variant_id, amount, updated_at, restocked_at)
VALUES ((SELECT id
         FROM product_variant
         WHERE variant_name = '300g'
           AND product_id = (SELECT id FROM product WHERE code = 'P88246852395' LIMIT 1)
         LIMIT 1),
        65, '2025-09-29 12:00:00', '2025-08-20 12:00:00'),
       ((SELECT id
         FROM product_variant
         WHERE variant_name = '150g'
           AND product_id = (SELECT id FROM product WHERE code = 'P88246852395' LIMIT 1)
         LIMIT 1),
        42, '2025-09-29 12:00:00', '2025-08-20 12:00:00');
INSERT INTO product_category (product_id, category_id)
VALUES ((SELECT id FROM product WHERE code = 'P88246852395' LIMIT 1),
        (SELECT id FROM category WHERE name = '소화 효소' LIMIT 1));
INSERT IGNORE INTO product_rank (product_id, recent_sales, updated_at)
VALUES ((SELECT id FROM product WHERE code = 'P88246852395' LIMIT 1), 1890, '2025-09-29 12:00:00');


INSERT INTO product (brand_id, name, code, description, instruction, ingredients, cautions, disclaimer,
                     sale_start_date, expiration_date, max_qty_per_order, sales, avg_rating, review_count, min_price)
VALUES ((SELECT id FROM brand WHERE name = '소복효소'),
        '소복 효소 저분자 곡물 발효 유산균 소화 효소 식품 30포, 1개',
        'P84111895420', '소복 효소 저분자 곡물 발효 유산균 소화 효소 식품 30포, 1개',
        '하루 1-2포를 식후에 섭취하세요.', '저분자 효소, 유산균',
        '과다섭취 시 부작용이 있을 수 있습니다.', '본 제품은 질병의 예방 및 치료를 위한 의약품이 아닙니다.',
        '2025-10-18 00:00:00', 30, 6, 1890, 4.4, 280, 29800);
INSERT INTO product_img (product_id, image_url, alt_text, sort_idx, is_primary)
VALUES ((SELECT id FROM product WHERE code = 'P84111895420' LIMIT 1),
        'https://shopping-phinf.pstatic.net/main_8411189/84111895420.1.jpg', '대표 이미지', 0, 1),
       ((SELECT id FROM product WHERE code = 'P84111895420' LIMIT 1),
        'https://shopping-phinf.pstatic.net/main_8411189/84111895420.2.jpg', '상품 상세', 1, 0),
       ((SELECT id FROM product WHERE code = 'P84111895420' LIMIT 1),
        'https://shopping-phinf.pstatic.net/main_8411189/84111895420.3.jpg', '성분 정보', 2, 0);
INSERT INTO product_variant (product_id, variant_name, list_price, sale_price, volume, upc_code, pill_size,
                             nutrition_facts, max_qty_per_order, restock_eta)
VALUES ((SELECT id FROM product WHERE code = 'P84111895420' LIMIT 1), '30포', 29800, 27800, 30, '600000000585', '포장',
        '소복 저분자', 6, NULL),
       ((SELECT id FROM product WHERE code = 'P84111895420' LIMIT 1), '15포', 16800, 14800, 15, '600000000586', '포장',
        '소복 저분자', 6, NULL);
INSERT IGNORE INTO stock (product_variant_id, amount, updated_at, restocked_at)
VALUES ((SELECT id
         FROM product_variant
         WHERE variant_name = '30포'
           AND product_id = (SELECT id FROM product WHERE code = 'P84111895420' LIMIT 1)
         LIMIT 1),
        50, '2025-09-29 12:00:00', '2025-08-20 12:00:00'),
       ((SELECT id
         FROM product_variant
         WHERE variant_name = '15포'
           AND product_id = (SELECT id FROM product WHERE code = 'P84111895420' LIMIT 1)
         LIMIT 1),
        32, '2025-09-29 12:00:00', '2025-08-20 12:00:00');
INSERT INTO product_category (product_id, category_id)
VALUES ((SELECT id FROM product WHERE code = 'P84111895420' LIMIT 1),
        (SELECT id FROM category WHERE name = '소화 효소' LIMIT 1));
INSERT IGNORE INTO product_rank (product_id, recent_sales, updated_at)
VALUES ((SELECT id FROM product WHERE code = 'P84111895420' LIMIT 1), 1890, '2025-09-29 12:00:00');


INSERT INTO product (brand_id, name, code, description, instruction, ingredients, cautions, disclaimer,
                     sale_start_date, expiration_date, max_qty_per_order, sales, avg_rating, review_count, min_price)
VALUES ((SELECT id FROM brand WHERE name = '오늘은꼭'),
        '오늘은꼭 순수 카무트효소 1박스(30포) 소화효소 골드 효소제 카뮤트',
        'P87759078583', '오늘은꼭 순수 카무트효소 1박스(30포) 소화효소 골드 효소제 카뮤트',
        '하루 1-2포를 식후에 섭취하세요.', '카무트효소, 소화효소',
        '과다섭취 시 부작용이 있을 수 있습니다.', '본 제품은 질병의 예방 및 치료를 위한 의약품이 아닙니다.',
        '2025-10-19 00:00:00', 30, 6, 1890, 4.1, 280, 15900);
INSERT INTO product_img (product_id, image_url, alt_text, sort_idx, is_primary)
VALUES ((SELECT id FROM product WHERE code = 'P87759078583' LIMIT 1),
        'https://shopping-phinf.pstatic.net/main_8775907/87759078583.1.jpg', '대표 이미지', 0, 1),
       ((SELECT id FROM product WHERE code = 'P87759078583' LIMIT 1),
        'https://shopping-phinf.pstatic.net/main_8775907/87759078583.2.jpg', '상품 상세', 1, 0),
       ((SELECT id FROM product WHERE code = 'P87759078583' LIMIT 1),
        'https://shopping-phinf.pstatic.net/main_8775907/87759078583.3.jpg', '성분 정보', 2, 0);
INSERT INTO product_variant (product_id, variant_name, list_price, sale_price, volume, upc_code, pill_size,
                             nutrition_facts, max_qty_per_order, restock_eta)
VALUES ((SELECT id FROM product WHERE code = 'P87759078583' LIMIT 1), '30포', 15900, 13900, 30, '600000000587', '포장',
        '오늘은꼭 카무트', 6, NULL),
       ((SELECT id FROM product WHERE code = 'P87759078583' LIMIT 1), '15포', 9900, 7900, 15, '600000000588', '포장',
        '오늘은꼭 카무트', 6, NULL);
INSERT IGNORE INTO stock (product_variant_id, amount, updated_at, restocked_at)
VALUES ((SELECT id
         FROM product_variant
         WHERE variant_name = '30포'
           AND product_id = (SELECT id FROM product WHERE code = 'P87759078583' LIMIT 1)
         LIMIT 1),
        70, '2025-09-29 12:00:00', '2025-08-20 12:00:00'),
       ((SELECT id
         FROM product_variant
         WHERE variant_name = '15포'
           AND product_id = (SELECT id FROM product WHERE code = 'P87759078583' LIMIT 1)
         LIMIT 1),
        45, '2025-09-29 12:00:00', '2025-08-20 12:00:00');
INSERT INTO product_category (product_id, category_id)
VALUES ((SELECT id FROM product WHERE code = 'P87759078583' LIMIT 1),
        (SELECT id FROM category WHERE name = '소화 효소' LIMIT 1));
INSERT IGNORE INTO product_rank (product_id, recent_sales, updated_at)
VALUES ((SELECT id FROM product WHERE code = 'P87759078583' LIMIT 1), 1890, '2025-09-29 12:00:00');


INSERT INTO product (brand_id, name, code, description, instruction, ingredients, cautions, disclaimer,
                     sale_start_date, expiration_date, max_qty_per_order, sales, avg_rating, review_count, min_price)
VALUES ((SELECT id FROM brand WHERE name = '프레시네이처'),
        '프레시네이처 브로멜라인 소화 효소 파인애플 곡물 탄수화물 분해 30포, 1개',
        'P88615315723', '프레시네이처 브로멜라인 소화 효소 파인애플 곡물 탄수화물 분해 30포, 1개',
        '하루 1-2포를 식후에 섭취하세요.', '브로멜라인, 파인애플 효소',
        '과다섭취 시 부작용이 있을 수 있습니다.', '본 제품은 질병의 예방 및 치료를 위한 의약품이 아닙니다.',
        '2025-10-20 00:00:00', 30, 6, 1890, 4.0, 280, 11900);
INSERT INTO product_img (product_id, image_url, alt_text, sort_idx, is_primary)
VALUES ((SELECT id FROM product WHERE code = 'P88615315723' LIMIT 1),
        'https://shopping-phinf.pstatic.net/main_8861531/88615315723.1.jpg', '대표 이미지', 0, 1),
       ((SELECT id FROM product WHERE code = 'P88615315723' LIMIT 1),
        'https://shopping-phinf.pstatic.net/main_8861531/88615315723.2.jpg', '상품 상세', 1, 0),
       ((SELECT id FROM product WHERE code = 'P88615315723' LIMIT 1),
        'https://shopping-phinf.pstatic.net/main_8861531/88615315723.3.jpg', '성분 정보', 2, 0);
INSERT INTO product_variant (product_id, variant_name, list_price, sale_price, volume, upc_code, pill_size,
                             nutrition_facts, max_qty_per_order, restock_eta)
VALUES ((SELECT id FROM product WHERE code = 'P88615315723' LIMIT 1), '30포', 11900, 9900, 30, '600000000589', '포장',
        '프레시네이처 브로멜라인', 6, NULL),
       ((SELECT id FROM product WHERE code = 'P88615315723' LIMIT 1), '15포', 7900, 5900, 15, '600000000590', '포장',
        '프레시네이처 브로멜라인', 6, NULL);
INSERT IGNORE INTO stock (product_variant_id, amount, updated_at, restocked_at)
VALUES ((SELECT id
         FROM product_variant
         WHERE variant_name = '30포'
           AND product_id = (SELECT id FROM product WHERE code = 'P88615315723' LIMIT 1)
         LIMIT 1),
        80, '2025-09-29 12:00:00', '2025-08-20 12:00:00'),
       ((SELECT id
         FROM product_variant
         WHERE variant_name = '15포'
           AND product_id = (SELECT id FROM product WHERE code = 'P88615315723' LIMIT 1)
         LIMIT 1),
        52, '2025-09-29 12:00:00', '2025-08-20 12:00:00');
INSERT INTO product_category (product_id, category_id)
VALUES ((SELECT id FROM product WHERE code = 'P88615315723' LIMIT 1),
        (SELECT id FROM category WHERE name = '소화 효소' LIMIT 1));
INSERT IGNORE INTO product_rank (product_id, recent_sales, updated_at)
VALUES ((SELECT id FROM product WHERE code = 'P88615315723' LIMIT 1), 1890, '2025-09-29 12:00:00');


INSERT INTO product (brand_id, name, code, description, instruction, ingredients, cautions, disclaimer,
                     sale_start_date, expiration_date, max_qty_per_order, sales, avg_rating, review_count, min_price)
VALUES ((SELECT id FROM brand WHERE name = '그레인온'),
        '그레인온 카무트 브랜드밀 프리미엄 효소 90  3g x 30포, 3개',
        'P51929312297', '그레인온 카무트 브랜드밀 프리미엄 효소 90  3g x 30포, 3개',
        '하루 1-2포를 식후에 섭취하세요.', '카무트 효소, 브랜드밀',
        '과다섭취 시 부작용이 있을 수 있습니다.', '본 제품은 질병의 예방 및 치료를 위한 의약품이 아닙니다.',
        '2025-10-21 00:00:00', 30, 6, 1890, 4.2, 280, 47800);
INSERT INTO product_img (product_id, image_url, alt_text, sort_idx, is_primary)
VALUES ((SELECT id FROM product WHERE code = 'P51929312297' LIMIT 1),
        'https://shopping-phinf.pstatic.net/main_5192931/51929312297.1.jpg', '대표 이미지', 0, 1),
       ((SELECT id FROM product WHERE code = 'P51929312297' LIMIT 1),
        'https://shopping-phinf.pstatic.net/main_5192931/51929312297.2.jpg', '상품 상세', 1, 0),
       ((SELECT id FROM product WHERE code = 'P51929312297' LIMIT 1),
        'https://shopping-phinf.pstatic.net/main_5192931/51929312297.3.jpg', '성분 정보', 2, 0);
INSERT INTO product_variant (product_id, variant_name, list_price, sale_price, volume, upc_code, pill_size,
                             nutrition_facts, max_qty_per_order, restock_eta)
VALUES ((SELECT id FROM product WHERE code = 'P51929312297' LIMIT 1), '3개', 47800, 45800, 3, '600000000591', '포장',
        '그레인온 프리미엄', 6, NULL),
       ((SELECT id FROM product WHERE code = 'P51929312297' LIMIT 1), '1개', 19800, 17800, 1, '600000000592', '포장',
        '그레인온 프리미엄', 6, NULL);
INSERT IGNORE INTO stock (product_variant_id, amount, updated_at, restocked_at)
VALUES ((SELECT id
         FROM product_variant
         WHERE variant_name = '3개'
           AND product_id = (SELECT id FROM product WHERE code = 'P51929312297' LIMIT 1)
         LIMIT 1),
        28, '2025-09-29 12:00:00', '2025-08-20 12:00:00'),
       ((SELECT id
         FROM product_variant
         WHERE variant_name = '1개'
           AND product_id = (SELECT id FROM product WHERE code = 'P51929312297' LIMIT 1)
         LIMIT 1),
        18, '2025-09-29 12:00:00', '2025-08-20 12:00:00');
INSERT INTO product_category (product_id, category_id)
VALUES ((SELECT id FROM product WHERE code = 'P51929312297' LIMIT 1),
        (SELECT id FROM category WHERE name = '소화 효소' LIMIT 1));
INSERT IGNORE INTO product_rank (product_id, recent_sales, updated_at)
VALUES ((SELECT id FROM product WHERE code = 'P51929312297' LIMIT 1), 1890, '2025-09-29 12:00:00');


INSERT INTO product (brand_id, name, code, description, instruction, ingredients, cautions, disclaimer,
                     sale_start_date, expiration_date, max_qty_per_order, sales, avg_rating, review_count, min_price)
VALUES ((SELECT id FROM brand WHERE name = '효소원 쇼핑몰'),
        '효소원 N 저분자 발효 곡물 소화 효소 효소',
        'P80536628752', '효소원 N 저분자 발효 곡물 소화 효소 효소',
        '하루 1-2포를 식후에 섭취하세요.', '저분자 효소, 발효 곡물',
        '과다섭취 시 부작용이 있을 수 있습니다.', '본 제품은 질병의 예방 및 치료를 위한 의약품이 아닙니다.',
        '2025-10-22 00:00:00', 30, 6, 1890, 4.3, 280, 39800);
INSERT INTO product_img (product_id, image_url, alt_text, sort_idx, is_primary)
VALUES ((SELECT id FROM product WHERE code = 'P80536628752' LIMIT 1),
        'https://shopping-phinf.pstatic.net/main_8053662/80536628752.1.jpg', '대표 이미지', 0, 1),
       ((SELECT id FROM product WHERE code = 'P80536628752' LIMIT 1),
        'https://shopping-phinf.pstatic.net/main_8053662/80536628752.2.jpg', '상품 상세', 1, 0),
       ((SELECT id FROM product WHERE code = 'P80536628752' LIMIT 1),
        'https://shopping-phinf.pstatic.net/main_8053662/80536628752.3.jpg', '성분 정보', 2, 0);
INSERT INTO product_variant (product_id, variant_name, list_price, sale_price, volume, upc_code, pill_size,
                             nutrition_facts, max_qty_per_order, restock_eta)
VALUES ((SELECT id FROM product WHERE code = 'P80536628752' LIMIT 1), '30포', 39800, 37800, 30, '600000000593', '포장',
        '효소원 N', 6, NULL),
       ((SELECT id FROM product WHERE code = 'P80536628752' LIMIT 1), '15포', 22800, 20800, 15, '600000000594', '포장',
        '효소원 N', 6, NULL);
INSERT IGNORE INTO stock (product_variant_id, amount, updated_at, restocked_at)
VALUES ((SELECT id
         FROM product_variant
         WHERE variant_name = '30포'
           AND product_id = (SELECT id FROM product WHERE code = 'P80536628752' LIMIT 1)
         LIMIT 1),
        40, '2025-09-29 12:00:00', '2025-08-20 12:00:00'),
       ((SELECT id
         FROM product_variant
         WHERE variant_name = '15포'
           AND product_id = (SELECT id FROM product WHERE code = 'P80536628752' LIMIT 1)
         LIMIT 1),
        26, '2025-09-29 12:00:00', '2025-08-20 12:00:00');
INSERT INTO product_category (product_id, category_id)
VALUES ((SELECT id FROM product WHERE code = 'P80536628752' LIMIT 1),
        (SELECT id FROM category WHERE name = '소화 효소' LIMIT 1));
INSERT IGNORE INTO product_rank (product_id, recent_sales, updated_at)
VALUES ((SELECT id FROM product WHERE code = 'P80536628752' LIMIT 1), 1890, '2025-09-29 12:00:00');


INSERT INTO product (brand_id, name, code, description, instruction, ingredients, cautions, disclaimer,
                     sale_start_date, expiration_date, max_qty_per_order, sales, avg_rating, review_count, min_price)
VALUES ((SELECT id FROM brand WHERE name = '에너바이브'),
        '[3+1 옵션구매 시 적용] 아보카도 활성효소 활성도 검증효소 임산부 유산균 발효 곡물 소화 30포, 1개',
        'P87034279931', '[3+1 옵션구매 시 적용] 아보카도 활성효소 활성도 검증효소 임산부 유산균 발효 곡물 소화 30포, 1개',
        '하루 1-2포를 식후에 섭취하세요.', '아보카도 효소, 활성효소',
        '과다섭취 시 부작용이 있을 수 있습니다.', '본 제품은 질병의 예방 및 치료를 위한 의약품이 아닙니다.',
        '2025-10-23 00:00:00', 30, 6, 1890, 4.1, 280, 29800);
INSERT INTO product_img (product_id, image_url, alt_text, sort_idx, is_primary)
VALUES ((SELECT id FROM product WHERE code = 'P87034279931' LIMIT 1),
        'https://shopping-phinf.pstatic.net/main_8703427/87034279931.1.jpg', '대표 이미지', 0, 1),
       ((SELECT id FROM product WHERE code = 'P87034279931' LIMIT 1),
        'https://shopping-phinf.pstatic.net/main_8703427/87034279931.2.jpg', '상품 상세', 1, 0),
       ((SELECT id FROM product WHERE code = 'P87034279931' LIMIT 1),
        'https://shopping-phinf.pstatic.net/main_8703427/87034279931.3.jpg', '성분 정보', 2, 0);
INSERT INTO product_variant (product_id, variant_name, list_price, sale_price, volume, upc_code, pill_size,
                             nutrition_facts, max_qty_per_order, restock_eta)
VALUES ((SELECT id FROM product WHERE code = 'P87034279931' LIMIT 1), '30포', 29800, 27800, 30, '600000000595', '포장',
        '에너바이브 아보카도', 6, NULL),
       ((SELECT id FROM product WHERE code = 'P87034279931' LIMIT 1), '15포', 17800, 15800, 15, '600000000596', '포장',
        '에너바이브 아보카도', 6, NULL);
INSERT IGNORE INTO stock (product_variant_id, amount, updated_at, restocked_at)
VALUES ((SELECT id
         FROM product_variant
         WHERE variant_name = '30포'
           AND product_id = (SELECT id FROM product WHERE code = 'P87034279931' LIMIT 1)
         LIMIT 1),
        50, '2025-09-29 12:00:00', '2025-08-20 12:00:00'),
       ((SELECT id
         FROM product_variant
         WHERE variant_name = '15포'
           AND product_id = (SELECT id FROM product WHERE code = 'P87034279931' LIMIT 1)
         LIMIT 1),
        32, '2025-09-29 12:00:00', '2025-08-20 12:00:00');
INSERT INTO product_category (product_id, category_id)
VALUES ((SELECT id FROM product WHERE code = 'P87034279931' LIMIT 1),
        (SELECT id FROM category WHERE name = '소화 효소' LIMIT 1));
INSERT IGNORE INTO product_rank (product_id, recent_sales, updated_at)
VALUES ((SELECT id FROM product WHERE code = 'P87034279931' LIMIT 1), 1890, '2025-09-29 12:00:00');


INSERT IGNORE INTO brand (name)
VALUES ('올바른습관');
INSERT IGNORE INTO brand (name)
VALUES ('겟라이팅퍼블릭');
INSERT IGNORE INTO brand (name)
VALUES ('그리밀');
INSERT IGNORE INTO brand (name)
VALUES ('장쾌력');
INSERT IGNORE INTO brand (name)
VALUES ('마더 네이처');
INSERT IGNORE INTO brand (name)
VALUES ('좋은바디연구소');
INSERT IGNORE INTO brand (name)
VALUES ('에이슈');
INSERT IGNORE INTO brand (name)
VALUES ('캘리포니아골드뉴트리션');

INSERT INTO product (brand_id, name, code, description, instruction, ingredients, cautions, disclaimer,
                     sale_start_date, expiration_date, max_qty_per_order, sales, avg_rating, review_count, min_price)
VALUES ((SELECT id FROM brand WHERE name = '올바른습관'),
        '100만역가수치 파로 효소 곡물 소화효소 4개월분 420g(210g X2개)',
        'P88855990677', '100만역가수치 파로 효소 곡물 소화효소 4개월분 420g(210g X2개)',
        '하루 1-2포를 식후에 섭취하세요.', '파로 효소, 곡물 효소',
        '과다섭취 시 부작용이 있을 수 있습니다.', '본 제품은 질병의 예방 및 치료를 위한 의약품이 아닙니다.',
        '2025-10-24 00:00:00', 30, 6, 1890, 4.2, 280, 38900);
INSERT INTO product_img (product_id, image_url, alt_text, sort_idx, is_primary)
VALUES ((SELECT id FROM product WHERE code = 'P88855990677' LIMIT 1),
        'https://shopping-phinf.pstatic.net/main_8885599/88855990677.1.jpg', '대표 이미지', 0, 1),
       ((SELECT id FROM product WHERE code = 'P88855990677' LIMIT 1),
        'https://shopping-phinf.pstatic.net/main_8885599/88855990677.2.jpg', '상품 상세', 1, 0),
       ((SELECT id FROM product WHERE code = 'P88855990677' LIMIT 1),
        'https://shopping-phinf.pstatic.net/main_8885599/88855990677.3.jpg', '성분 정보', 2, 0);
INSERT INTO product_variant (product_id, variant_name, list_price, sale_price, volume, upc_code, pill_size,
                             nutrition_facts, max_qty_per_order, restock_eta)
VALUES ((SELECT id FROM product WHERE code = 'P88855990677' LIMIT 1), '420g', 38900, 36900, 420, '600000000597', '포장',
        '올바른습관 파로', 6, NULL),
       ((SELECT id FROM product WHERE code = 'P88855990677' LIMIT 1), '210g', 21900, 19900, 210, '600000000598', '포장',
        '올바른습관 파로', 6, NULL);
INSERT IGNORE INTO stock (product_variant_id, amount, updated_at, restocked_at)
VALUES ((SELECT id
         FROM product_variant
         WHERE variant_name = '420g'
           AND product_id = (SELECT id FROM product WHERE code = 'P88855990677' LIMIT 1)
         LIMIT 1),
        25, '2025-09-29 12:00:00', '2025-08-20 12:00:00'),
       ((SELECT id
         FROM product_variant
         WHERE variant_name = '210g'
           AND product_id = (SELECT id FROM product WHERE code = 'P88855990677' LIMIT 1)
         LIMIT 1),
        16, '2025-09-29 12:00:00', '2025-08-20 12:00:00');
INSERT INTO product_category (product_id, category_id)
VALUES ((SELECT id FROM product WHERE code = 'P88855990677' LIMIT 1),
        (SELECT id FROM category WHERE name = '소화 효소' LIMIT 1));
INSERT IGNORE INTO product_rank (product_id, recent_sales, updated_at)
VALUES ((SELECT id FROM product WHERE code = 'P88855990677' LIMIT 1), 1890, '2025-09-29 12:00:00');


INSERT INTO product (brand_id, name, code, description, instruction, ingredients, cautions, disclaimer,
                     sale_start_date, expiration_date, max_qty_per_order, sales, avg_rating, review_count, min_price)
VALUES ((SELECT id FROM brand WHERE name = '겟라이팅퍼블릭'),
        '카뮤트효소 효능 가루 분말1통 호라산밀골드 탄수화물 글루텐분해효소 카므트 소화효소 효소제',
        'P86675168775', '카뮤트효소 효능 가루 분말1통 호라산밀골드 탄수화물 글루텐분해효소 카므트 소화효소 효소제',
        '하루 1-2포를 식후에 섭취하세요.', '카뮤트효소, 호라산밀',
        '과다섭취 시 부작용이 있을 수 있습니다.', '본 제품은 질병의 예방 및 치료를 위한 의약품이 아닙니다.',
        '2025-10-25 00:00:00', 30, 6, 1890, 4.0, 280, 9800);
INSERT INTO product_img (product_id, image_url, alt_text, sort_idx, is_primary)
VALUES ((SELECT id FROM product WHERE code = 'P86675168775' LIMIT 1),
        'https://shopping-phinf.pstatic.net/main_8667516/86675168775.1.jpg', '대표 이미지', 0, 1),
       ((SELECT id FROM product WHERE code = 'P86675168775' LIMIT 1),
        'https://shopping-phinf.pstatic.net/main_8667516/86675168775.2.jpg', '상품 상세', 1, 0),
       ((SELECT id FROM product WHERE code = 'P86675168775' LIMIT 1),
        'https://shopping-phinf.pstatic.net/main_8667516/86675168775.3.jpg', '성분 정보', 2, 0);
INSERT INTO product_variant (product_id, variant_name, list_price, sale_price, volume, upc_code, pill_size,
                             nutrition_facts, max_qty_per_order, restock_eta)
VALUES ((SELECT id FROM product WHERE code = 'P86675168775' LIMIT 1), '1통', 9800, 7800, 1, '600000000599', '포장',
        '겟라이팅 카뮤트', 6, NULL),
       ((SELECT id FROM product WHERE code = 'P86675168775' LIMIT 1), '2통', 18800, 16800, 2, '600000000600', '포장',
        '겟라이팅 카뮤트', 6, NULL);
INSERT IGNORE INTO stock (product_variant_id, amount, updated_at, restocked_at)
VALUES ((SELECT id
         FROM product_variant
         WHERE variant_name = '1통'
           AND product_id = (SELECT id FROM product WHERE code = 'P86675168775' LIMIT 1)
         LIMIT 1),
        85, '2025-09-29 12:00:00', '2025-08-20 12:00:00'),
       ((SELECT id
         FROM product_variant
         WHERE variant_name = '2통'
           AND product_id = (SELECT id FROM product WHERE code = 'P86675168775' LIMIT 1)
         LIMIT 1),
        55, '2025-09-29 12:00:00', '2025-08-20 12:00:00');
INSERT INTO product_category (product_id, category_id)
VALUES ((SELECT id FROM product WHERE code = 'P86675168775' LIMIT 1),
        (SELECT id FROM category WHERE name = '소화 효소' LIMIT 1));
INSERT IGNORE INTO product_rank (product_id, recent_sales, updated_at)
VALUES ((SELECT id FROM product WHERE code = 'P86675168775' LIMIT 1), 1890, '2025-09-29 12:00:00');


INSERT INTO product (brand_id, name, code, description, instruction, ingredients, cautions, disclaimer,
                     sale_start_date, expiration_date, max_qty_per_order, sales, avg_rating, review_count, min_price)
VALUES ((SELECT id FROM brand WHERE name = '나우푸드'),
        '나우푸드 슈퍼 엔자임 소화효소 90캡슐',
        'P35368852618', '나우푸드 슈퍼 엔자임 소화효소 90캡슐',
        '하루 1-2캡슐을 식후에 섭취하세요.', '슈퍼 엔자임, 소화효소',
        '과다섭취 시 부작용이 있을 수 있습니다.', '본 제품은 질병의 예방 및 치료를 위한 의약품이 아닙니다.',
        '2025-10-26 00:00:00', 30, 6, 1890, 4.1, 280, 16380);
INSERT INTO product_img (product_id, image_url, alt_text, sort_idx, is_primary)
VALUES ((SELECT id FROM product WHERE code = 'P35368852618' LIMIT 1),
        'https://shopping-phinf.pstatic.net/main_3536885/35368852618.1.jpg', '대표 이미지', 0, 1),
       ((SELECT id FROM product WHERE code = 'P35368852618' LIMIT 1),
        'https://shopping-phinf.pstatic.net/main_3536885/35368852618.2.jpg', '상품 상세', 1, 0),
       ((SELECT id FROM product WHERE code = 'P35368852618' LIMIT 1),
        'https://shopping-phinf.pstatic.net/main_3536885/35368852618.3.jpg', '성분 정보', 2, 0);
INSERT INTO product_variant (product_id, variant_name, list_price, sale_price, volume, upc_code, pill_size,
                             nutrition_facts, max_qty_per_order, restock_eta)
VALUES ((SELECT id FROM product WHERE code = 'P35368852618' LIMIT 1), '90캡슐', 16380, 14380, 90, '600000000601',
        '10x10x5mm', '나우푸드 슈퍼엔자임', 6, NULL),
       ((SELECT id FROM product WHERE code = 'P35368852618' LIMIT 1), '45캡슐', 9380, 7380, 45, '600000000602',
        '10x10x5mm', '나우푸드 슈퍼엔자임', 6, NULL);
INSERT IGNORE INTO stock (product_variant_id, amount, updated_at, restocked_at)
VALUES ((SELECT id
         FROM product_variant
         WHERE variant_name = '90캡슐'
           AND product_id = (SELECT id FROM product WHERE code = 'P35368852618' LIMIT 1)
         LIMIT 1),
        60, '2025-09-29 12:00:00', '2025-08-20 12:00:00'),
       ((SELECT id
         FROM product_variant
         WHERE variant_name = '45캡슐'
           AND product_id = (SELECT id FROM product WHERE code = 'P35368852618' LIMIT 1)
         LIMIT 1),
        38, '2025-09-29 12:00:00', '2025-08-20 12:00:00');
INSERT INTO product_category (product_id, category_id)
VALUES ((SELECT id FROM product WHERE code = 'P35368852618' LIMIT 1),
        (SELECT id FROM category WHERE name = '소화 효소' LIMIT 1));
INSERT IGNORE INTO product_rank (product_id, recent_sales, updated_at)
VALUES ((SELECT id FROM product WHERE code = 'P35368852618' LIMIT 1), 1890, '2025-09-29 12:00:00');


INSERT INTO product (brand_id, name, code, description, instruction, ingredients, cautions, disclaimer,
                     sale_start_date, expiration_date, max_qty_per_order, sales, avg_rating, review_count, min_price)
VALUES ((SELECT id FROM brand WHERE name = '그리밀'),
        '그리밀 차전자피 식이섬유 환 쾌변 배변활동 잔변감 변 비움 차전피 섬유소 차전자 화이바',
        'P85752943692', '그리밀 차전자피 식이섬유 환 쾌변 배변활동 잔변감 변 비움 차전피 섬유소 차전자 화이바',
        '하루 1-2환을 식후에 섭취하세요.', '차전자피, 식이섬유',
        '과다섭취 시 부작용이 있을 수 있습니다.', '본 제품은 질병의 예방 및 치료를 위한 의약품이 아닙니다.',
        '2025-10-27 00:00:00', 30, 6, 1890, 4.3, 280, 24900);
INSERT INTO product_img (product_id, image_url, alt_text, sort_idx, is_primary)
VALUES ((SELECT id FROM product WHERE code = 'P85752943692' LIMIT 1),
        'https://shopping-phinf.pstatic.net/main_8575294/85752943692.1.jpg', '대표 이미지', 0, 1),
       ((SELECT id FROM product WHERE code = 'P85752943692' LIMIT 1),
        'https://shopping-phinf.pstatic.net/main_8575294/85752943692.2.jpg', '상품 상세', 1, 0),
       ((SELECT id FROM product WHERE code = 'P85752943692' LIMIT 1),
        'https://shopping-phinf.pstatic.net/main_8575294/85752943692.3.jpg', '성분 정보', 2, 0);
INSERT INTO product_variant (product_id, variant_name, list_price, sale_price, volume, upc_code, pill_size,
                             nutrition_facts, max_qty_per_order, restock_eta)
VALUES ((SELECT id FROM product WHERE code = 'P85752943692' LIMIT 1), '60환', 24900, 22900, 60, '600000000603',
        '10x10x5mm', '그리밀 차전자피', 6, NULL),
       ((SELECT id FROM product WHERE code = 'P85752943692' LIMIT 1), '30환', 14900, 12900, 30, '600000000604',
        '10x10x5mm', '그리밀 차전자피', 6, NULL);
INSERT IGNORE INTO stock (product_variant_id, amount, updated_at, restocked_at)
VALUES ((SELECT id
         FROM product_variant
         WHERE variant_name = '60환'
           AND product_id = (SELECT id FROM product WHERE code = 'P85752943692' LIMIT 1)
         LIMIT 1),
        45, '2025-09-29 12:00:00', '2025-08-20 12:00:00'),
       ((SELECT id
         FROM product_variant
         WHERE variant_name = '30환'
           AND product_id = (SELECT id FROM product WHERE code = 'P85752943692' LIMIT 1)
         LIMIT 1),
        28, '2025-09-29 12:00:00', '2025-08-20 12:00:00');
INSERT INTO product_category (product_id, category_id)
VALUES ((SELECT id FROM product WHERE code = 'P85752943692' LIMIT 1),
        (SELECT id FROM category WHERE name = '섬유소' LIMIT 1));
INSERT IGNORE INTO product_rank (product_id, recent_sales, updated_at)
VALUES ((SELECT id FROM product WHERE code = 'P85752943692' LIMIT 1), 1890, '2025-09-29 12:00:00');


INSERT INTO product (brand_id, name, code, description, instruction, ingredients, cautions, disclaimer,
                     sale_start_date, expiration_date, max_qty_per_order, sales, avg_rating, review_count, min_price)
VALUES ((SELECT id FROM brand WHERE name = '장쾌력'),
        '장쾌력 수용성 식이섬유 영양제 차전자피 가루 장비움 섬유소보충제 다이어트 30포, 1개',
        'P12262120751', '장쾌력 수용성 식이섬유 영양제 차전자피 가루 장비움 섬유소보충제 다이어트 30포, 1개',
        '하루 1-2포를 식후에 섭취하세요.', '수용성 식이섬유, 차전자피',
        '과다섭취 시 부작용이 있을 수 있습니다.', '본 제품은 질병의 예방 및 치료를 위한 의약품이 아닙니다.',
        '2025-10-28 00:00:00', 30, 6, 1890, 4.2, 280, 32900);
INSERT INTO product_img (product_id, image_url, alt_text, sort_idx, is_primary)
VALUES ((SELECT id FROM product WHERE code = 'P12262120751' LIMIT 1),
        'https://shopping-phinf.pstatic.net/main_1226212/12262120751.1.jpg', '대표 이미지', 0, 1),
       ((SELECT id FROM product WHERE code = 'P12262120751' LIMIT 1),
        'https://shopping-phinf.pstatic.net/main_1226212/12262120751.2.jpg', '상품 상세', 1, 0),
       ((SELECT id FROM product WHERE code = 'P12262120751' LIMIT 1),
        'https://shopping-phinf.pstatic.net/main_1226212/12262120751.3.jpg', '성분 정보', 2, 0);
INSERT INTO product_variant (product_id, variant_name, list_price, sale_price, volume, upc_code, pill_size,
                             nutrition_facts, max_qty_per_order, restock_eta)
VALUES ((SELECT id FROM product WHERE code = 'P12262120751' LIMIT 1), '30포', 32900, 30900, 30, '600000000605', '포장',
        '장쾌력 수용성', 6, NULL),
       ((SELECT id FROM product WHERE code = 'P12262120751' LIMIT 1), '15포', 18900, 16900, 15, '600000000606', '포장',
        '장쾌력 수용성', 6, NULL);
INSERT IGNORE INTO stock (product_variant_id, amount, updated_at, restocked_at)
VALUES ((SELECT id
         FROM product_variant
         WHERE variant_name = '30포'
           AND product_id = (SELECT id FROM product WHERE code = 'P12262120751' LIMIT 1)
         LIMIT 1),
        38, '2025-09-29 12:00:00', '2025-08-20 12:00:00'),
       ((SELECT id
         FROM product_variant
         WHERE variant_name = '15포'
           AND product_id = (SELECT id FROM product WHERE code = 'P12262120751' LIMIT 1)
         LIMIT 1),
        24, '2025-09-29 12:00:00', '2025-08-20 12:00:00');
INSERT INTO product_category (product_id, category_id)
VALUES ((SELECT id FROM product WHERE code = 'P12262120751' LIMIT 1),
        (SELECT id FROM category WHERE name = '섬유소' LIMIT 1));
INSERT IGNORE INTO product_rank (product_id, recent_sales, updated_at)
VALUES ((SELECT id FROM product WHERE code = 'P12262120751' LIMIT 1), 1890, '2025-09-29 12:00:00');


INSERT INTO product (brand_id, name, code, description, instruction, ingredients, cautions, disclaimer,
                     sale_start_date, expiration_date, max_qty_per_order, sales, avg_rating, review_count, min_price)
VALUES ((SELECT id FROM brand WHERE name = '장쾌력'),
        '장쾌력 슬림 차전자피 식이섬유 가루 수용성 섬유소 장비움 다이어트 30포, 2개',
        'P82601579984', '장쾌력 슬림 차전자피 식이섬유 가루 수용성 섬유소 장비움 다이어트 30포, 2개',
        '하루 1-2포를 식후에 섭취하세요.', '차전자피, 식이섬유',
        '과다섭취 시 부작용이 있을 수 있습니다.', '본 제품은 질병의 예방 및 치료를 위한 의약품이 아닙니다.',
        '2025-10-29 00:00:00', 30, 6, 1890, 4.1, 280, 62700);
INSERT INTO product_img (product_id, image_url, alt_text, sort_idx, is_primary)
VALUES ((SELECT id FROM product WHERE code = 'P82601579984' LIMIT 1),
        'https://shopping-phinf.pstatic.net/main_8260157/82601579984.1.jpg', '대표 이미지', 0, 1),
       ((SELECT id FROM product WHERE code = 'P82601579984' LIMIT 1),
        'https://shopping-phinf.pstatic.net/main_8260157/82601579984.2.jpg', '상품 상세', 1, 0),
       ((SELECT id FROM product WHERE code = 'P82601579984' LIMIT 1),
        'https://shopping-phinf.pstatic.net/main_8260157/82601579984.3.jpg', '성분 정보', 2, 0);
INSERT INTO product_variant (product_id, variant_name, list_price, sale_price, volume, upc_code, pill_size,
                             nutrition_facts, max_qty_per_order, restock_eta)
VALUES ((SELECT id FROM product WHERE code = 'P82601579984' LIMIT 1), '2개', 62700, 60700, 2, '600000000607', '포장',
        '장쾌력 슬림', 6, NULL),
       ((SELECT id FROM product WHERE code = 'P82601579984' LIMIT 1), '1개', 32700, 30700, 1, '600000000608', '포장',
        '장쾌력 슬림', 6, NULL);
INSERT IGNORE INTO stock (product_variant_id, amount, updated_at, restocked_at)
VALUES ((SELECT id
         FROM product_variant
         WHERE variant_name = '2개'
           AND product_id = (SELECT id FROM product WHERE code = 'P82601579984' LIMIT 1)
         LIMIT 1),
        20, '2025-09-29 12:00:00', '2025-08-20 12:00:00'),
       ((SELECT id
         FROM product_variant
         WHERE variant_name = '1개'
           AND product_id = (SELECT id FROM product WHERE code = 'P82601579984' LIMIT 1)
         LIMIT 1),
        13, '2025-09-29 12:00:00', '2025-08-20 12:00:00');
INSERT INTO product_category (product_id, category_id)
VALUES ((SELECT id FROM product WHERE code = 'P82601579984' LIMIT 1),
        (SELECT id FROM category WHERE name = '섬유소' LIMIT 1));
INSERT IGNORE INTO product_rank (product_id, recent_sales, updated_at)
VALUES ((SELECT id FROM product WHERE code = 'P82601579984' LIMIT 1), 1890, '2025-09-29 12:00:00');


INSERT INTO product (brand_id, name, code, description, instruction, ingredients, cautions, disclaimer,
                     sale_start_date, expiration_date, max_qty_per_order, sales, avg_rating, review_count, min_price)
VALUES ((SELECT id FROM brand WHERE name = '좋은바디연구소'),
        '다이어트 상쾌한변화 플러스 섬유소 난소화성말토덱스트린 5포',
        'P83751248140', '다이어트 상쾌한변화 플러스 섬유소 난소화성말토덱스트린 5포',
        '하루 1-2포를 식후에 섭취하세요.', '섬유소, 말토덱스트린',
        '과다섭취 시 부작용이 있을 수 있습니다.', '본 제품은 질병의 예방 및 치료를 위한 의약품이 아닙니다.',
        '2025-10-30 00:00:00', 30, 6, 1890, 4.0, 280, 20000);
INSERT INTO product_img (product_id, image_url, alt_text, sort_idx, is_primary)
VALUES ((SELECT id FROM product WHERE code = 'P83751248140' LIMIT 1),
        'https://shopping-phinf.pstatic.net/main_8375124/83751248140.1.jpg', '대표 이미지', 0, 1),
       ((SELECT id FROM product WHERE code = 'P83751248140' LIMIT 1),
        'https://shopping-phinf.pstatic.net/main_8375124/83751248140.2.jpg', '상품 상세', 1, 0),
       ((SELECT id FROM product WHERE code = 'P83751248140' LIMIT 1),
        'https://shopping-phinf.pstatic.net/main_8375124/83751248140.3.jpg', '성분 정보', 2, 0);
INSERT INTO product_variant (product_id, variant_name, list_price, sale_price, volume, upc_code, pill_size,
                             nutrition_facts, max_qty_per_order, restock_eta)
VALUES ((SELECT id FROM product WHERE code = 'P83751248140' LIMIT 1), '5포', 20000, 18000, 5, '600000000609', '포장',
        '좋은바디 상쾌한변화', 6, NULL),
       ((SELECT id FROM product WHERE code = 'P83751248140' LIMIT 1), '10포', 38000, 36000, 10, '600000000610', '포장',
        '좋은바디 상쾌한변화', 6, NULL);
INSERT IGNORE INTO stock (product_variant_id, amount, updated_at, restocked_at)
VALUES ((SELECT id
         FROM product_variant
         WHERE variant_name = '5포'
           AND product_id = (SELECT id FROM product WHERE code = 'P83751248140' LIMIT 1)
         LIMIT 1),
        55, '2025-09-29 12:00:00', '2025-08-20 12:00:00'),
       ((SELECT id
         FROM product_variant
         WHERE variant_name = '10포'
           AND product_id = (SELECT id FROM product WHERE code = 'P83751248140' LIMIT 1)
         LIMIT 1),
        35, '2025-09-29 12:00:00', '2025-08-20 12:00:00');
INSERT INTO product_category (product_id, category_id)
VALUES ((SELECT id FROM product WHERE code = 'P83751248140' LIMIT 1),
        (SELECT id FROM category WHERE name = '섬유소' LIMIT 1));
INSERT IGNORE INTO product_rank (product_id, recent_sales, updated_at)
VALUES ((SELECT id FROM product WHERE code = 'P83751248140' LIMIT 1), 1890, '2025-09-29 12:00:00');


INSERT INTO product (brand_id, name, code, description, instruction, ingredients, cautions, disclaimer,
                     sale_start_date, expiration_date, max_qty_per_order, sales, avg_rating, review_count, min_price)
VALUES ((SELECT id FROM brand WHERE name = '에이슈'),
        '알칼리성섬유소 닥터민스 식이섬유정 양배추환 500mg x 60정',
        'P88733605998', '알칼리성섬유소 닥터민스 식이섬유정 양배추환 500mg x 60정',
        '하루 1-2정을 식후에 섭취하세요.', '알칼리성섬유소, 양배추',
        '과다섭취 시 부작용이 있을 수 있습니다.', '본 제품은 질병의 예방 및 치료를 위한 의약품이 아닙니다.',
        '2025-10-31 00:00:00', 30, 6, 1890, 4.1, 280, 20200);
INSERT INTO product_img (product_id, image_url, alt_text, sort_idx, is_primary)
VALUES ((SELECT id FROM product WHERE code = 'P88733605998' LIMIT 1),
        'https://shopping-phinf.pstatic.net/main_8873360/88733605998.1.jpg', '대표 이미지', 0, 1),
       ((SELECT id FROM product WHERE code = 'P88733605998' LIMIT 1),
        'https://shopping-phinf.pstatic.net/main_8873360/88733605998.2.jpg', '상품 상세', 1, 0),
       ((SELECT id FROM product WHERE code = 'P88733605998' LIMIT 1),
        'https://shopping-phinf.pstatic.net/main_8873360/88733605998.3.jpg', '성분 정보', 2, 0);
INSERT INTO product_variant (product_id, variant_name, list_price, sale_price, volume, upc_code, pill_size,
                             nutrition_facts, max_qty_per_order, restock_eta)
VALUES ((SELECT id FROM product WHERE code = 'P88733605998' LIMIT 1), '60정', 20200, 18200, 60, '600000000611',
        '10x10x5mm', '닥터민스 양배추', 6, NULL),
       ((SELECT id FROM product WHERE code = 'P88733605998' LIMIT 1), '30정', 12200, 10200, 30, '600000000612',
        '10x10x5mm', '닥터민스 양배추', 6, NULL);
INSERT IGNORE INTO stock (product_variant_id, amount, updated_at, restocked_at)
VALUES ((SELECT id
         FROM product_variant
         WHERE variant_name = '60정'
           AND product_id = (SELECT id FROM product WHERE code = 'P88733605998' LIMIT 1)
         LIMIT 1),
        48, '2025-09-29 12:00:00', '2025-08-20 12:00:00'),
       ((SELECT id
         FROM product_variant
         WHERE variant_name = '30정'
           AND product_id = (SELECT id FROM product WHERE code = 'P88733605998' LIMIT 1)
         LIMIT 1),
        30, '2025-09-29 12:00:00', '2025-08-20 12:00:00');
INSERT INTO product_category (product_id, category_id)
VALUES ((SELECT id FROM product WHERE code = 'P88733605998' LIMIT 1),
        (SELECT id FROM category WHERE name = '섬유소' LIMIT 1));
INSERT IGNORE INTO product_rank (product_id, recent_sales, updated_at)
VALUES ((SELECT id FROM product WHERE code = 'P88733605998' LIMIT 1), 1890, '2025-09-29 12:00:00');


INSERT INTO product (brand_id, name, code, description, instruction, ingredients, cautions, disclaimer,
                     sale_start_date, expiration_date, max_qty_per_order, sales, avg_rating, review_count, min_price)
VALUES ((SELECT id FROM brand WHERE name = '캘리포니아골드뉴트리션'),
        '캘리포니아골드뉴트리션 프리바이오틱 섬유소 189g',
        'P56668481649', '캘리포니아골드뉴트리션 프리바이오틱 섬유소 189g',
        '하루 1-2포를 식후에 섭취하세요.', '프리바이오틱 섬유소',
        '과다섭취 시 부작용이 있을 수 있습니다.', '본 제품은 질병의 예방 및 치료를 위한 의약품이 아닙니다.',
        '2025-11-01 00:00:00', 30, 6, 1890, 4.2, 280, 45860);
INSERT INTO product_img (product_id, image_url, alt_text, sort_idx, is_primary)
VALUES ((SELECT id FROM product WHERE code = 'P56668481649' LIMIT 1),
        'https://shopping-phinf.pstatic.net/main_5666848/56668481649.1.jpg', '대표 이미지', 0, 1),
       ((SELECT id FROM product WHERE code = 'P56668481649' LIMIT 1),
        'https://shopping-phinf.pstatic.net/main_5666848/56668481649.2.jpg', '상품 상세', 1, 0),
       ((SELECT id FROM product WHERE code = 'P56668481649' LIMIT 1),
        'https://shopping-phinf.pstatic.net/main_5666848/56668481649.3.jpg', '성분 정보', 2, 0);
INSERT INTO product_variant (product_id, variant_name, list_price, sale_price, volume, upc_code, pill_size,
                             nutrition_facts, max_qty_per_order, restock_eta)
VALUES ((SELECT id FROM product WHERE code = 'P56668481649' LIMIT 1), '189g', 45860, 43860, 189, '600000000613', '포장',
        '캘리포니아골드 프리바이오틱', 6, NULL),
       ((SELECT id FROM product WHERE code = 'P56668481649' LIMIT 1), '95g', 25860, 23860, 95, '600000000614', '포장',
        '캘리포니아골드 프리바이오틱', 6, NULL);
INSERT IGNORE INTO stock (product_variant_id, amount, updated_at, restocked_at)
VALUES ((SELECT id
         FROM product_variant
         WHERE variant_name = '189g'
           AND product_id = (SELECT id FROM product WHERE code = 'P56668481649' LIMIT 1)
         LIMIT 1),
        22, '2025-09-29 12:00:00', '2025-08-20 12:00:00'),
       ((SELECT id
         FROM product_variant
         WHERE variant_name = '95g'
           AND product_id = (SELECT id FROM product WHERE code = 'P56668481649' LIMIT 1)
         LIMIT 1),
        14, '2025-09-29 12:00:00', '2025-08-20 12:00:00');
INSERT INTO product_category (product_id, category_id)
VALUES ((SELECT id FROM product WHERE code = 'P56668481649' LIMIT 1),
        (SELECT id FROM category WHERE name = '섬유소' LIMIT 1));
INSERT IGNORE INTO product_rank (product_id, recent_sales, updated_at)
VALUES ((SELECT id FROM product WHERE code = 'P56668481649' LIMIT 1), 1890, '2025-09-29 12:00:00');


INSERT INTO product (brand_id, name, code, description, instruction, ingredients, cautions, disclaimer,
                     sale_start_date, expiration_date, max_qty_per_order, sales, avg_rating, review_count, min_price)
VALUES ((SELECT id FROM brand WHERE name = '캘리포니아골드뉴트리션'),
        '캘리포니아골드뉴트리션 프리바이오틱 섬유소 6.3g x 3포',
        'P56668485020', '캘리포니아골드뉴트리션 프리바이오틱 섬유소 6.3g x 3포',
        '하루 1-2포를 식후에 섭취하세요.', '프리바이오틱 섬유소',
        '과다섭취 시 부작용이 있을 수 있습니다.', '본 제품은 질병의 예방 및 치료를 위한 의약품이 아닙니다.',
        '2025-11-02 00:00:00', 30, 6, 1890, 4.0, 280, 8300);
INSERT INTO product_img (product_id, image_url, alt_text, sort_idx, is_primary)
VALUES ((SELECT id FROM product WHERE code = 'P56668485020' LIMIT 1),
        'https://shopping-phinf.pstatic.net/main_5666848/56668485020.1.jpg', '대표 이미지', 0, 1),
       ((SELECT id FROM product WHERE code = 'P56668485020' LIMIT 1),
        'https://shopping-phinf.pstatic.net/main_5666848/56668485020.2.jpg', '상품 상세', 1, 0),
       ((SELECT id FROM product WHERE code = 'P56668485020' LIMIT 1),
        'https://shopping-phinf.pstatic.net/main_5666848/56668485020.3.jpg', '성분 정보', 2, 0);
INSERT INTO product_variant (product_id, variant_name, list_price, sale_price, volume, upc_code, pill_size,
                             nutrition_facts, max_qty_per_order, restock_eta)
VALUES ((SELECT id FROM product WHERE code = 'P56668485020' LIMIT 1), '3포', 8300, 6300, 3, '600000000615', '포장',
        '캘리포니아골드 프리바이오틱', 6, NULL),
       ((SELECT id FROM product WHERE code = 'P56668485020' LIMIT 1), '6포', 15600, 13600, 6, '600000000616', '포장',
        '캘리포니아골드 프리바이오틱', 6, NULL);
INSERT IGNORE INTO stock (product_variant_id, amount, updated_at, restocked_at)
VALUES ((SELECT id
         FROM product_variant
         WHERE variant_name = '3포'
           AND product_id = (SELECT id FROM product WHERE code = 'P56668485020' LIMIT 1)
         LIMIT 1),
        75, '2025-09-29 12:00:00', '2025-08-20 12:00:00'),
       ((SELECT id
         FROM product_variant
         WHERE variant_name = '6포'
           AND product_id = (SELECT id FROM product WHERE code = 'P56668485020' LIMIT 1)
         LIMIT 1),
        48, '2025-09-29 12:00:00', '2025-08-20 12:00:00');
INSERT INTO product_category (product_id, category_id)
VALUES ((SELECT id FROM product WHERE code = 'P56668485020' LIMIT 1),
        (SELECT id FROM category WHERE name = '섬유소' LIMIT 1));
INSERT IGNORE INTO product_rank (product_id, recent_sales, updated_at)
VALUES ((SELECT id FROM product WHERE code = 'P56668485020' LIMIT 1), 1890, '2025-09-29 12:00:00');


INSERT IGNORE INTO brand (name)
VALUES ('자유장터');
INSERT IGNORE INTO brand (name)
VALUES ('일양약품');
INSERT IGNORE INTO brand (name)
VALUES ('에드힐');
INSERT IGNORE INTO brand (name)
VALUES ('올그래');
INSERT IGNORE INTO brand (name)
VALUES ('웰화이버');
INSERT IGNORE INTO brand (name)
VALUES ('비타민아삭');
INSERT IGNORE INTO brand (name)
VALUES ('가든오브라이프');
INSERT IGNORE INTO brand (name)
VALUES ('비타글로벌');
INSERT IGNORE INTO brand (name)
VALUES ('오킵');
INSERT IGNORE INTO brand (name)
VALUES ('빅코스트몰');
INSERT IGNORE INTO brand (name)
VALUES ('네이처그랜드');
INSERT IGNORE INTO brand (name)
VALUES ('NK골드');
INSERT IGNORE INTO brand (name)
VALUES ('DHC');
INSERT IGNORE INTO brand (name)
VALUES ('아이우에오몰');
INSERT IGNORE INTO brand (name)
VALUES ('빈티지이즈마인');

INSERT INTO product (brand_id, name, code, description, instruction, ingredients, cautions, disclaimer,
                     sale_start_date, expiration_date, max_qty_per_order, sales, avg_rating, review_count, min_price)
VALUES ((SELECT id FROM brand WHERE name = '자유장터'),
        '차전자피 분말 식이섬유 가루 차전차피 섬유질 섬유소 효능 먹는법 2kg',
        'P85016099934', '차전자피 분말 식이섬유 가루 차전차피 섬유질 섬유소 효능 먹는법 2kg',
        '하루 1-2포를 식후에 섭취하세요.', '차전자피, 식이섬유',
        '과다섭취 시 부작용이 있을 수 있습니다.', '본 제품은 질병의 예방 및 치료를 위한 의약품이 아닙니다.',
        '2025-11-03 00:00:00', 30, 6, 1890, 4.1, 280, 40610);
INSERT INTO product_img (product_id, image_url, alt_text, sort_idx, is_primary)
VALUES ((SELECT id FROM product WHERE code = 'P85016099934' LIMIT 1),
        'https://shopping-phinf.pstatic.net/main_8501609/85016099934.1.jpg', '대표 이미지', 0, 1),
       ((SELECT id FROM product WHERE code = 'P85016099934' LIMIT 1),
        'https://shopping-phinf.pstatic.net/main_8501609/85016099934.2.jpg', '상품 상세', 1, 0),
       ((SELECT id FROM product WHERE code = 'P85016099934' LIMIT 1),
        'https://shopping-phinf.pstatic.net/main_8501609/85016099934.3.jpg', '성분 정보', 2, 0);
INSERT INTO product_variant (product_id, variant_name, list_price, sale_price, volume, upc_code, pill_size,
                             nutrition_facts, max_qty_per_order, restock_eta)
VALUES ((SELECT id FROM product WHERE code = 'P85016099934' LIMIT 1), '2kg', 40610, 38610, 2000, '600000000617', '포장',
        '자유장터 차전자피', 6, NULL),
       ((SELECT id FROM product WHERE code = 'P85016099934' LIMIT 1), '1kg', 22610, 20610, 1000, '600000000618', '포장',
        '자유장터 차전자피', 6, NULL);
INSERT IGNORE INTO stock (product_variant_id, amount, updated_at, restocked_at)
VALUES ((SELECT id
         FROM product_variant
         WHERE variant_name = '2kg'
           AND product_id = (SELECT id FROM product WHERE code = 'P85016099934' LIMIT 1)
         LIMIT 1),
        18, '2025-09-29 12:00:00', '2025-08-20 12:00:00'),
       ((SELECT id
         FROM product_variant
         WHERE variant_name = '1kg'
           AND product_id = (SELECT id FROM product WHERE code = 'P85016099934' LIMIT 1)
         LIMIT 1),
        12, '2025-09-29 12:00:00', '2025-08-20 12:00:00');
INSERT INTO product_category (product_id, category_id)
VALUES ((SELECT id FROM product WHERE code = 'P85016099934' LIMIT 1),
        (SELECT id FROM category WHERE name = '섬유소' LIMIT 1));
INSERT IGNORE INTO product_rank (product_id, recent_sales, updated_at)
VALUES ((SELECT id FROM product WHERE code = 'P85016099934' LIMIT 1), 1890, '2025-09-29 12:00:00');


INSERT INTO product (brand_id, name, code, description, instruction, ingredients, cautions, disclaimer,
                     sale_start_date, expiration_date, max_qty_per_order, sales, avg_rating, review_count, min_price)
VALUES ((SELECT id FROM brand WHERE name = '일양약품'),
        '차전자피 환 수용성 식이섬유 보충제 차전차피 쾌변 장비움 섬유소 30포',
        'P89073203876', '차전자피 환 수용성 식이섬유 보충제 차전차피 쾌변 장비움 섬유소 30포',
        '하루 1-2환을 식후에 섭취하세요.', '차전자피, 수용성 식이섬유',
        '과다섭취 시 부작용이 있을 수 있습니다.', '본 제품은 질병의 예방 및 치료를 위한 의약품이 아닙니다.',
        '2025-11-04 00:00:00', 30, 6, 1890, 4.2, 280, 18700);
INSERT INTO product_img (product_id, image_url, alt_text, sort_idx, is_primary)
VALUES ((SELECT id FROM product WHERE code = 'P89073203876' LIMIT 1),
        'https://shopping-phinf.pstatic.net/main_8907320/89073203876.1.jpg', '대표 이미지', 0, 1),
       ((SELECT id FROM product WHERE code = 'P89073203876' LIMIT 1),
        'https://shopping-phinf.pstatic.net/main_8907320/89073203876.2.jpg', '상품 상세', 1, 0),
       ((SELECT id FROM product WHERE code = 'P89073203876' LIMIT 1),
        'https://shopping-phinf.pstatic.net/main_8907320/89073203876.3.jpg', '성분 정보', 2, 0);
INSERT INTO product_variant (product_id, variant_name, list_price, sale_price, volume, upc_code, pill_size,
                             nutrition_facts, max_qty_per_order, restock_eta)
VALUES ((SELECT id FROM product WHERE code = 'P89073203876' LIMIT 1), '30포', 18700, 16700, 30, '600000000619', '포장',
        '일양약품 차전자피', 6, NULL),
       ((SELECT id FROM product WHERE code = 'P89073203876' LIMIT 1), '15포', 10700, 8700, 15, '600000000620', '포장',
        '일양약품 차전자피', 6, NULL);
INSERT IGNORE INTO stock (product_variant_id, amount, updated_at, restocked_at)
VALUES ((SELECT id
         FROM product_variant
         WHERE variant_name = '30포'
           AND product_id = (SELECT id FROM product WHERE code = 'P89073203876' LIMIT 1)
         LIMIT 1),
        55, '2025-09-29 12:00:00', '2025-08-20 12:00:00'),
       ((SELECT id
         FROM product_variant
         WHERE variant_name = '15포'
           AND product_id = (SELECT id FROM product WHERE code = 'P89073203876' LIMIT 1)
         LIMIT 1),
        35, '2025-09-29 12:00:00', '2025-08-20 12:00:00');
INSERT INTO product_category (product_id, category_id)
VALUES ((SELECT id FROM product WHERE code = 'P89073203876' LIMIT 1),
        (SELECT id FROM category WHERE name = '섬유소' LIMIT 1));
INSERT IGNORE INTO product_rank (product_id, recent_sales, updated_at)
VALUES ((SELECT id FROM product WHERE code = 'P89073203876' LIMIT 1), 1890, '2025-09-29 12:00:00');


INSERT INTO product (brand_id, name, code, description, instruction, ingredients, cautions, disclaimer,
                     sale_start_date, expiration_date, max_qty_per_order, sales, avg_rating, review_count, min_price)
VALUES ((SELECT id FROM brand WHERE name = '올그래'),
        '올그래 차전자피환 식이섬유영양제 차전차피 가루 섬유소 5000mgx28포',
        'P88654938518', '올그래 차전자피환 식이섬유영양제 차전차피 가루 섬유소 5000mgx28포',
        '하루 1-2환을 식후에 섭취하세요.', '차전자피, 식이섬유',
        '과다섭취 시 부작용이 있을 수 있습니다.', '본 제품은 질병의 예방 및 치료를 위한 의약품이 아닙니다.',
        '2025-11-05 00:00:00', 30, 6, 1890, 4.0, 280, 22800);
INSERT INTO product_img (product_id, image_url, alt_text, sort_idx, is_primary)
VALUES ((SELECT id FROM product WHERE code = 'P88654938518' LIMIT 1),
        'https://shopping-phinf.pstatic.net/main_8865493/88654938518.1.jpg', '대표 이미지', 0, 1),
       ((SELECT id FROM product WHERE code = 'P88654938518' LIMIT 1),
        'https://shopping-phinf.pstatic.net/main_8865493/88654938518.2.jpg', '상품 상세', 1, 0),
       ((SELECT id FROM product WHERE code = 'P88654938518' LIMIT 1),
        'https://shopping-phinf.pstatic.net/main_8865493/88654938518.3.jpg', '성분 정보', 2, 0);
INSERT INTO product_variant (product_id, variant_name, list_price, sale_price, volume, upc_code, pill_size,
                             nutrition_facts, max_qty_per_order, restock_eta)
VALUES ((SELECT id FROM product WHERE code = 'P88654938518' LIMIT 1), '28포', 22800, 20800, 28, '600000000621', '포장',
        '올그래 차전자피', 6, NULL),
       ((SELECT id FROM product WHERE code = 'P88654938518' LIMIT 1), '14포', 13800, 11800, 14, '600000000622', '포장',
        '올그래 차전자피', 6, NULL);
INSERT IGNORE INTO stock (product_variant_id, amount, updated_at, restocked_at)
VALUES ((SELECT id
         FROM product_variant
         WHERE variant_name = '28포'
           AND product_id = (SELECT id FROM product WHERE code = 'P88654938518' LIMIT 1)
         LIMIT 1),
        45, '2025-09-29 12:00:00', '2025-08-20 12:00:00'),
       ((SELECT id
         FROM product_variant
         WHERE variant_name = '14포'
           AND product_id = (SELECT id FROM product WHERE code = 'P88654938518' LIMIT 1)
         LIMIT 1),
        28, '2025-09-29 12:00:00', '2025-08-20 12:00:00');
INSERT INTO product_category (product_id, category_id)
VALUES ((SELECT id FROM product WHERE code = 'P88654938518' LIMIT 1),
        (SELECT id FROM category WHERE name = '섬유소' LIMIT 1));
INSERT IGNORE INTO product_rank (product_id, recent_sales, updated_at)
VALUES ((SELECT id FROM product WHERE code = 'P88654938518' LIMIT 1), 1890, '2025-09-29 12:00:00');


INSERT INTO product (brand_id, name, code, description, instruction, ingredients, cautions, disclaimer,
                     sale_start_date, expiration_date, max_qty_per_order, sales, avg_rating, review_count, min_price)
VALUES ((SELECT id FROM brand WHERE name = '웰화이버'),
        '웰화이버 포르테 차전자피 식이섬유소 장에 좋은 쾌변 가루 1개월분',
        'P83284705816', '웰화이버 포르테 차전자피 식이섬유소 장에 좋은 쾌변 가루 1개월분',
        '하루 1-2포를 식후에 섭취하세요.', '차전자피, 식이섬유소',
        '과다섭취 시 부작용이 있을 수 있습니다.', '본 제품은 질병의 예방 및 치료를 위한 의약품이 아닙니다.',
        '2025-11-06 00:00:00', 30, 6, 1890, 4.3, 280, 39900);
INSERT INTO product_img (product_id, image_url, alt_text, sort_idx, is_primary)
VALUES ((SELECT id FROM product WHERE code = 'P83284705816' LIMIT 1),
        'https://shopping-phinf.pstatic.net/main_8328470/83284705816.1.jpg', '대표 이미지', 0, 1),
       ((SELECT id FROM product WHERE code = 'P83284705816' LIMIT 1),
        'https://shopping-phinf.pstatic.net/main_8328470/83284705816.2.jpg', '상품 상세', 1, 0),
       ((SELECT id FROM product WHERE code = 'P83284705816' LIMIT 1),
        'https://shopping-phinf.pstatic.net/main_8328470/83284705816.3.jpg', '성분 정보', 2, 0);
INSERT INTO product_variant (product_id, variant_name, list_price, sale_price, volume, upc_code, pill_size,
                             nutrition_facts, max_qty_per_order, restock_eta)
VALUES ((SELECT id FROM product WHERE code = 'P83284705816' LIMIT 1), '1개월분', 39900, 37900, 30, '600000000623', '포장',
        '웰화이버 포르테', 6, NULL),
       ((SELECT id FROM product WHERE code = 'P83284705816' LIMIT 1), '15일분', 22900, 20900, 15, '600000000624', '포장',
        '웰화이버 포르테', 6, NULL);
INSERT IGNORE INTO stock (product_variant_id, amount, updated_at, restocked_at)
VALUES ((SELECT id
         FROM product_variant
         WHERE variant_name = '1개월분'
           AND product_id = (SELECT id FROM product WHERE code = 'P83284705816' LIMIT 1)
         LIMIT 1),
        32, '2025-09-29 12:00:00', '2025-08-20 12:00:00'),
       ((SELECT id
         FROM product_variant
         WHERE variant_name = '15일분'
           AND product_id = (SELECT id FROM product WHERE code = 'P83284705816' LIMIT 1)
         LIMIT 1),
        20, '2025-09-29 12:00:00', '2025-08-20 12:00:00');
INSERT INTO product_category (product_id, category_id)
VALUES ((SELECT id FROM product WHERE code = 'P83284705816' LIMIT 1),
        (SELECT id FROM category WHERE name = '섬유소' LIMIT 1));
INSERT IGNORE INTO product_rank (product_id, recent_sales, updated_at)
VALUES ((SELECT id FROM product WHERE code = 'P83284705816' LIMIT 1), 1890, '2025-09-29 12:00:00');


INSERT INTO product (brand_id, name, code, description, instruction, ingredients, cautions, disclaimer,
                     sale_start_date, expiration_date, max_qty_per_order, sales, avg_rating, review_count, min_price)
VALUES ((SELECT id FROM brand WHERE name = '가든오브라이프'),
        '1+1 가든오브라이프 로우 오가닉 화이버 파우더 803g 2통 섬유소',
        'P88490891064', '1+1 가든오브라이프 로우 오가닉 화이버 파우더 803g 2통 섬유소',
        '하루 1-2포를 식후에 섭취하세요.', '오가닉 화이버, 섬유소',
        '과다섭취 시 부작용이 있을 수 있습니다.', '본 제품은 질병의 예방 및 치료를 위한 의약품이 아닙니다.',
        '2025-11-07 00:00:00', 30, 6, 1890, 4.4, 280, 63900);
INSERT INTO product_img (product_id, image_url, alt_text, sort_idx, is_primary)
VALUES ((SELECT id FROM product WHERE code = 'P88490891064' LIMIT 1),
        'https://shopping-phinf.pstatic.net/main_8849089/88490891064.1.jpg', '대표 이미지', 0, 1),
       ((SELECT id FROM product WHERE code = 'P88490891064' LIMIT 1),
        'https://shopping-phinf.pstatic.net/main_8849089/88490891064.2.jpg', '상품 상세', 1, 0),
       ((SELECT id FROM product WHERE code = 'P88490891064' LIMIT 1),
        'https://shopping-phinf.pstatic.net/main_8849089/88490891064.3.jpg', '성분 정보', 2, 0);
INSERT INTO product_variant (product_id, variant_name, list_price, sale_price, volume, upc_code, pill_size,
                             nutrition_facts, max_qty_per_order, restock_eta)
VALUES ((SELECT id FROM product WHERE code = 'P88490891064' LIMIT 1), '2통', 63900, 61900, 2, '600000000625', '포장',
        '가든오브라이프 오가닉', 6, NULL),
       ((SELECT id FROM product WHERE code = 'P88490891064' LIMIT 1), '1통', 33900, 31900, 1, '600000000626', '포장',
        '가든오브라이프 오가닉', 6, NULL);
INSERT IGNORE INTO stock (product_variant_id, amount, updated_at, restocked_at)
VALUES ((SELECT id
         FROM product_variant
         WHERE variant_name = '2통'
           AND product_id = (SELECT id FROM product WHERE code = 'P88490891064' LIMIT 1)
         LIMIT 1),
        15, '2025-09-29 12:00:00', '2025-08-20 12:00:00'),
       ((SELECT id
         FROM product_variant
         WHERE variant_name = '1통'
           AND product_id = (SELECT id FROM product WHERE code = 'P88490891064' LIMIT 1)
         LIMIT 1),
        10, '2025-09-29 12:00:00', '2025-08-20 12:00:00');
INSERT INTO product_category (product_id, category_id)
VALUES ((SELECT id FROM product WHERE code = 'P88490891064' LIMIT 1),
        (SELECT id FROM category WHERE name = '섬유소' LIMIT 1));
INSERT IGNORE INTO product_rank (product_id, recent_sales, updated_at)
VALUES ((SELECT id FROM product WHERE code = 'P88490891064' LIMIT 1), 1890, '2025-09-29 12:00:00');


INSERT INTO product (brand_id, name, code, description, instruction, ingredients, cautions, disclaimer,
                     sale_start_date, expiration_date, max_qty_per_order, sales, avg_rating, review_count, min_price)
VALUES ((SELECT id FROM brand WHERE name = '오킵'),
        '알파사이클로덱스트린 난소화성말토덱스트린 화이바솔-2 수용성 식이섬유 섬유소 섬유질 3통',
        'P89111520131', '알파사이클로덱스트린 난소화성말토덱스트린 화이바솔-2 수용성 식이섬유 섬유소 섬유질 3통',
        '하루 1-2포를 식후에 섭취하세요.', '알파사이클로덱스트린, 난소화성말토덱스트린',
        '과다섭취 시 부작용이 있을 수 있습니다.', '본 제품은 질병의 예방 및 치료를 위한 의약품이 아닙니다.',
        '2025-11-08 00:00:00', 30, 6, 1890, 4.1, 280, 40610);
INSERT INTO product_img (product_id, image_url, alt_text, sort_idx, is_primary)
VALUES ((SELECT id FROM product WHERE code = 'P89111520131' LIMIT 1),
        'https://shopping-phinf.pstatic.net/main_8911152/89111520131.1.jpg', '대표 이미지', 0, 1),
       ((SELECT id FROM product WHERE code = 'P89111520131' LIMIT 1),
        'https://shopping-phinf.pstatic.net/main_8911152/89111520131.2.jpg', '상품 상세', 1, 0),
       ((SELECT id FROM product WHERE code = 'P89111520131' LIMIT 1),
        'https://shopping-phinf.pstatic.net/main_8911152/89111520131.3.jpg', '성분 정보', 2, 0);
INSERT INTO product_variant (product_id, variant_name, list_price, sale_price, volume, upc_code, pill_size,
                             nutrition_facts, max_qty_per_order, restock_eta)
VALUES ((SELECT id FROM product WHERE code = 'P89111520131' LIMIT 1), '3통', 40610, 38610, 3, '600000000627', '포장',
        '오킵 알파사이클로덱스트린', 6, NULL),
       ((SELECT id FROM product WHERE code = 'P89111520131' LIMIT 1), '1통', 15610, 13610, 1, '600000000628', '포장',
        '오킵 알파사이클로덱스트린', 6, NULL);
INSERT IGNORE INTO stock (product_variant_id, amount, updated_at, restocked_at)
VALUES ((SELECT id
         FROM product_variant
         WHERE variant_name = '3통'
           AND product_id = (SELECT id FROM product WHERE code = 'P89111520131' LIMIT 1)
         LIMIT 1),
        18, '2025-09-29 12:00:00', '2025-08-20 12:00:00'),
       ((SELECT id
         FROM product_variant
         WHERE variant_name = '1통'
           AND product_id = (SELECT id FROM product WHERE code = 'P89111520131' LIMIT 1)
         LIMIT 1),
        12, '2025-09-29 12:00:00', '2025-08-20 12:00:00');
INSERT INTO product_category (product_id, category_id)
VALUES ((SELECT id FROM product WHERE code = 'P89111520131' LIMIT 1),
        (SELECT id FROM category WHERE name = '섬유소' LIMIT 1));
INSERT IGNORE INTO product_rank (product_id, recent_sales, updated_at)
VALUES ((SELECT id FROM product WHERE code = 'P89111520131' LIMIT 1), 1890, '2025-09-29 12:00:00');


INSERT INTO product (brand_id, name, code, description, instruction, ingredients, cautions, disclaimer,
                     sale_start_date, expiration_date, max_qty_per_order, sales, avg_rating, review_count, min_price)
VALUES ((SELECT id FROM brand WHERE name = '빅코스트몰'),
        '알칼리성섬유소 닥터민스 양배추환 60정 식유섬유정',
        'P88800349671', '알칼리성섬유소 닥터민스 양배추환 60정 식유섬유정',
        '하루 1-2정을 식후에 섭취하세요.', '알칼리성섬유소, 양배추',
        '과다섭취 시 부작용이 있을 수 있습니다.', '본 제품은 질병의 예방 및 치료를 위한 의약품이 아닙니다.',
        '2025-11-09 00:00:00', 30, 6, 1890, 4.2, 280, 23500);
INSERT INTO product_img (product_id, image_url, alt_text, sort_idx, is_primary)
VALUES ((SELECT id FROM product WHERE code = 'P88800349671' LIMIT 1),
        'https://shopping-phinf.pstatic.net/main_8880034/88800349671.1.jpg', '대표 이미지', 0, 1),
       ((SELECT id FROM product WHERE code = 'P88800349671' LIMIT 1),
        'https://shopping-phinf.pstatic.net/main_8880034/88800349671.2.jpg', '상품 상세', 1, 0),
       ((SELECT id FROM product WHERE code = 'P88800349671' LIMIT 1),
        'https://shopping-phinf.pstatic.net/main_8880034/88800349671.3.jpg', '성분 정보', 2, 0);
INSERT INTO product_variant (product_id, variant_name, list_price, sale_price, volume, upc_code, pill_size,
                             nutrition_facts, max_qty_per_order, restock_eta)
VALUES ((SELECT id FROM product WHERE code = 'P88800349671' LIMIT 1), '60정', 23500, 21500, 60, '600000000629',
        '10x10x5mm', '닥터민스 양배추', 6, NULL),
       ((SELECT id FROM product WHERE code = 'P88800349671' LIMIT 1), '30정', 13500, 11500, 30, '600000000630',
        '10x10x5mm', '닥터민스 양배추', 6, NULL);
INSERT IGNORE INTO stock (product_variant_id, amount, updated_at, restocked_at)
VALUES ((SELECT id
         FROM product_variant
         WHERE variant_name = '60정'
           AND product_id = (SELECT id FROM product WHERE code = 'P88800349671' LIMIT 1)
         LIMIT 1),
        42, '2025-09-29 12:00:00', '2025-08-20 12:00:00'),
       ((SELECT id
         FROM product_variant
         WHERE variant_name = '30정'
           AND product_id = (SELECT id FROM product WHERE code = 'P88800349671' LIMIT 1)
         LIMIT 1),
        26, '2025-09-29 12:00:00', '2025-08-20 12:00:00');
INSERT INTO product_category (product_id, category_id)
VALUES ((SELECT id FROM product WHERE code = 'P88800349671' LIMIT 1),
        (SELECT id FROM category WHERE name = '섬유소' LIMIT 1));
INSERT IGNORE INTO product_rank (product_id, recent_sales, updated_at)
VALUES ((SELECT id FROM product WHERE code = 'P88800349671' LIMIT 1), 1890, '2025-09-29 12:00:00');


INSERT INTO product (brand_id, name, code, description, instruction, ingredients, cautions, disclaimer,
                     sale_start_date, expiration_date, max_qty_per_order, sales, avg_rating, review_count, min_price)
VALUES ((SELECT id FROM brand WHERE name = '네이처그랜드'),
        '차전자피효능 자전차피 식이습관 올인원차전자피 섬유질 섬유소 차전차피효능',
        'P88512877074', '차전자피효능 자전차피 식이습관 올인원차전자피 섬유질 섬유소 차전차피효능',
        '하루 1-2포를 식후에 섭취하세요.', '차전자피, 섬유질',
        '과다섭취 시 부작용이 있을 수 있습니다.', '본 제품은 질병의 예방 및 치료를 위한 의약품이 아닙니다.',
        '2025-11-10 00:00:00', 30, 6, 1890, 4.0, 280, 13800);
INSERT INTO product_img (product_id, image_url, alt_text, sort_idx, is_primary)
VALUES ((SELECT id FROM product WHERE code = 'P88512877074' LIMIT 1),
        'https://shopping-phinf.pstatic.net/main_8851287/88512877074.1.jpg', '대표 이미지', 0, 1),
       ((SELECT id FROM product WHERE code = 'P88512877074' LIMIT 1),
        'https://shopping-phinf.pstatic.net/main_8851287/88512877074.2.jpg', '상품 상세', 1, 0),
       ((SELECT id FROM product WHERE code = 'P88512877074' LIMIT 1),
        'https://shopping-phinf.pstatic.net/main_8851287/88512877074.3.jpg', '성분 정보', 2, 0);
INSERT INTO product_variant (product_id, variant_name, list_price, sale_price, volume, upc_code, pill_size,
                             nutrition_facts, max_qty_per_order, restock_eta)
VALUES ((SELECT id FROM product WHERE code = 'P88512877074' LIMIT 1), '30포', 13800, 11800, 30, '600000000631', '포장',
        '네이처그랜드 차전자피', 6, NULL),
       ((SELECT id FROM product WHERE code = 'P88512877074' LIMIT 1), '15포', 8800, 6800, 15, '600000000632', '포장',
        '네이처그랜드 차전자피', 6, NULL);
INSERT IGNORE INTO stock (product_variant_id, amount, updated_at, restocked_at)
VALUES ((SELECT id
         FROM product_variant
         WHERE variant_name = '30포'
           AND product_id = (SELECT id FROM product WHERE code = 'P88512877074' LIMIT 1)
         LIMIT 1),
        65, '2025-09-29 12:00:00', '2025-08-20 12:00:00'),
       ((SELECT id
         FROM product_variant
         WHERE variant_name = '15포'
           AND product_id = (SELECT id FROM product WHERE code = 'P88512877074' LIMIT 1)
         LIMIT 1),
        42, '2025-09-29 12:00:00', '2025-08-20 12:00:00');
INSERT INTO product_category (product_id, category_id)
VALUES ((SELECT id FROM product WHERE code = 'P88512877074' LIMIT 1),
        (SELECT id FROM category WHERE name = '섬유소' LIMIT 1));
INSERT IGNORE INTO product_rank (product_id, recent_sales, updated_at)
VALUES ((SELECT id FROM product WHERE code = 'P88512877074' LIMIT 1), 1890, '2025-09-29 12:00:00');


INSERT INTO product (brand_id, name, code, description, instruction, ingredients, cautions, disclaimer,
                     sale_start_date, expiration_date, max_qty_per_order, sales, avg_rating, review_count, min_price)
VALUES ((SELECT id FROM brand WHERE name = 'DHC'),
        'DHC 콜라겐 보충제 서플리먼트 540정 90일분 x 2개',
        'P84370344102', 'DHC 콜라겐 보충제 서플리먼트 540정 90일분 x 2개',
        '하루 1-2정을 식후에 섭취하세요.', '콜라겐, 보충제',
        '과다섭취 시 부작용이 있을 수 있습니다.', '본 제품은 질병의 예방 및 치료를 위한 의약품이 아닙니다.',
        '2025-11-11 00:00:00', 30, 6, 1890, 4.3, 280, 37000);
INSERT INTO product_img (product_id, image_url, alt_text, sort_idx, is_primary)
VALUES ((SELECT id FROM product WHERE code = 'P84370344102' LIMIT 1),
        'https://shopping-phinf.pstatic.net/main_8437034/84370344102.1.jpg', '대표 이미지', 0, 1),
       ((SELECT id FROM product WHERE code = 'P84370344102' LIMIT 1),
        'https://shopping-phinf.pstatic.net/main_8437034/84370344102.2.jpg', '상품 상세', 1, 0),
       ((SELECT id FROM product WHERE code = 'P84370344102' LIMIT 1),
        'https://shopping-phinf.pstatic.net/main_8437034/84370344102.3.jpg', '성분 정보', 2, 0);
INSERT INTO product_variant (product_id, variant_name, list_price, sale_price, volume, upc_code, pill_size,
                             nutrition_facts, max_qty_per_order, restock_eta)
VALUES ((SELECT id FROM product WHERE code = 'P84370344102' LIMIT 1), '2개', 37000, 35000, 2, '600000000633',
        '10x10x5mm', 'DHC 콜라겐', 6, NULL),
       ((SELECT id FROM product WHERE code = 'P84370344102' LIMIT 1), '1개', 20000, 18000, 1, '600000000634',
        '10x10x5mm', 'DHC 콜라겐', 6, NULL);
INSERT IGNORE INTO stock (product_variant_id, amount, updated_at, restocked_at)
VALUES ((SELECT id
         FROM product_variant
         WHERE variant_name = '2개'
           AND product_id = (SELECT id FROM product WHERE code = 'P84370344102' LIMIT 1)
         LIMIT 1),
        25, '2025-09-29 12:00:00', '2025-08-20 12:00:00'),
       ((SELECT id
         FROM product_variant
         WHERE variant_name = '1개'
           AND product_id = (SELECT id FROM product WHERE code = 'P84370344102' LIMIT 1)
         LIMIT 1),
        16, '2025-09-29 12:00:00', '2025-08-20 12:00:00');
INSERT INTO product_category (product_id, category_id)
VALUES ((SELECT id FROM product WHERE code = 'P84370344102' LIMIT 1),
        (SELECT id FROM category WHERE name = '콜라겐 보충제' LIMIT 1));
INSERT IGNORE INTO product_rank (product_id, recent_sales, updated_at)
VALUES ((SELECT id FROM product WHERE code = 'P84370344102' LIMIT 1), 1890, '2025-09-29 12:00:00');


INSERT INTO product (brand_id, name, code, description, instruction, ingredients, cautions, disclaimer,
                     sale_start_date, expiration_date, max_qty_per_order, sales, avg_rating, review_count, min_price)
VALUES ((SELECT id FROM brand WHERE name = '빈티지이즈마인'),
        '젤리형 콜라겐 보충제 포도맛 60개',
        'P89962278144', '젤리형 콜라겐 보충제 포도맛 60개',
        '하루 1-2개를 식후에 섭취하세요.', '콜라겐, 젤리형',
        '과다섭취 시 부작용이 있을 수 있습니다.', '본 제품은 질병의 예방 및 치료를 위한 의약품이 아닙니다.',
        '2025-11-12 00:00:00', 30, 6, 1890, 4.1, 280, 37900);
INSERT INTO product_img (product_id, image_url, alt_text, sort_idx, is_primary)
VALUES ((SELECT id FROM product WHERE code = 'P89962278144' LIMIT 1),
        'https://shopping-phinf.pstatic.net/main_8996227/89962278144.1.jpg', '대표 이미지', 0, 1),
       ((SELECT id FROM product WHERE code = 'P89962278144' LIMIT 1),
        'https://shopping-phinf.pstatic.net/main_8996227/89962278144.2.jpg', '상품 상세', 1, 0),
       ((SELECT id FROM product WHERE code = 'P89962278144' LIMIT 1),
        'https://shopping-phinf.pstatic.net/main_8996227/89962278144.3.jpg', '성분 정보', 2, 0);
INSERT INTO product_variant (product_id, variant_name, list_price, sale_price, volume, upc_code, pill_size,
                             nutrition_facts, max_qty_per_order, restock_eta)
VALUES ((SELECT id FROM product WHERE code = 'P89962278144' LIMIT 1), '60개', 37900, 35900, 60, '600000000635', '젤리',
        '빈티지이즈마인 젤리', 6, NULL),
       ((SELECT id FROM product WHERE code = 'P89962278144' LIMIT 1), '30개', 20900, 18900, 30, '600000000636', '젤리',
        '빈티지이즈마인 젤리', 6, NULL);
INSERT IGNORE INTO stock (product_variant_id, amount, updated_at, restocked_at)
VALUES ((SELECT id
         FROM product_variant
         WHERE variant_name = '60개'
           AND product_id = (SELECT id FROM product WHERE code = 'P89962278144' LIMIT 1)
         LIMIT 1),
        35, '2025-09-29 12:00:00', '2025-08-20 12:00:00'),
       ((SELECT id
         FROM product_variant
         WHERE variant_name = '30개'
           AND product_id = (SELECT id FROM product WHERE code = 'P89962278144' LIMIT 1)
         LIMIT 1),
        22, '2025-09-29 12:00:00', '2025-08-20 12:00:00');
INSERT INTO product_category (product_id, category_id)
VALUES ((SELECT id FROM product WHERE code = 'P89962278144' LIMIT 1),
        (SELECT id FROM category WHERE name = '콜라겐 보충제' LIMIT 1));
INSERT IGNORE INTO product_rank (product_id, recent_sales, updated_at)
VALUES ((SELECT id FROM product WHERE code = 'P89962278144' LIMIT 1), 1890, '2025-09-29 12:00:00');


INSERT IGNORE INTO brand (name)
VALUES ('바잉닷컴');
INSERT IGNORE INTO brand (name)
VALUES ('시파워');
INSERT IGNORE INTO brand (name)
VALUES ('롯데ON');
INSERT IGNORE INTO brand (name)
VALUES ('하나마이');
INSERT IGNORE INTO brand (name)
VALUES ('네이처컴퍼니');
INSERT IGNORE INTO brand (name)
VALUES ('11번가');
INSERT IGNORE INTO brand (name)
VALUES ('챙겨바');
INSERT IGNORE INTO brand (name)
VALUES ('허벌라이프');
INSERT IGNORE INTO brand (name)
VALUES ('준바디');
INSERT IGNORE INTO brand (name)
VALUES ('닥터스베스트');
INSERT IGNORE INTO brand (name)
VALUES ('직구이지');
INSERT IGNORE INTO brand (name)
VALUES ('제이에이치샵앤몰');

INSERT INTO product (brand_id, name, code, description, instruction, ingredients, cautions, disclaimer,
                     sale_start_date, expiration_date, max_qty_per_order, sales, avg_rating, review_count, min_price)
VALUES ((SELECT id FROM brand WHERE name = 'DHC'),
        'DHC 콜라겐 보충제 서플리먼트 60일(360정)',
        'P82646080380', 'DHC 콜라겐 보충제 서플리먼트 60일(360정)',
        '하루 1-2정을 식후에 섭취하세요.', '콜라겐, 보충제',
        '과다섭취 시 부작용이 있을 수 있습니다.', '본 제품은 질병의 예방 및 치료를 위한 의약품이 아닙니다.',
        '2025-11-13 00:00:00', 30, 6, 1890, 4.2, 280, 14980);
INSERT INTO product_img (product_id, image_url, alt_text, sort_idx, is_primary)
VALUES ((SELECT id FROM product WHERE code = 'P82646080380' LIMIT 1),
        'https://shopping-phinf.pstatic.net/main_8264608/82646080380.1.jpg', '대표 이미지', 0, 1),
       ((SELECT id FROM product WHERE code = 'P82646080380' LIMIT 1),
        'https://shopping-phinf.pstatic.net/main_8264608/82646080380.2.jpg', '상품 상세', 1, 0),
       ((SELECT id FROM product WHERE code = 'P82646080380' LIMIT 1),
        'https://shopping-phinf.pstatic.net/main_8264608/82646080380.3.jpg', '성분 정보', 2, 0);
INSERT INTO product_variant (product_id, variant_name, list_price, sale_price, volume, upc_code, pill_size,
                             nutrition_facts, max_qty_per_order, restock_eta)
VALUES ((SELECT id FROM product WHERE code = 'P82646080380' LIMIT 1), '360정', 14980, 12980, 360, '600000000637',
        '10x10x5mm', 'DHC 콜라겐', 6, NULL),
       ((SELECT id FROM product WHERE code = 'P82646080380' LIMIT 1), '180정', 8980, 6980, 180, '600000000638',
        '10x10x5mm', 'DHC 콜라겐', 6, NULL);
INSERT IGNORE INTO stock (product_variant_id, amount, updated_at, restocked_at)
VALUES ((SELECT id
         FROM product_variant
         WHERE variant_name = '360정'
           AND product_id = (SELECT id FROM product WHERE code = 'P82646080380' LIMIT 1)
         LIMIT 1),
        45, '2025-09-29 12:00:00', '2025-08-20 12:00:00'),
       ((SELECT id
         FROM product_variant
         WHERE variant_name = '180정'
           AND product_id = (SELECT id FROM product WHERE code = 'P82646080380' LIMIT 1)
         LIMIT 1),
        28, '2025-09-29 12:00:00', '2025-08-20 12:00:00');
INSERT INTO product_category (product_id, category_id)
VALUES ((SELECT id FROM product WHERE code = 'P82646080380' LIMIT 1),
        (SELECT id FROM category WHERE name = '콜라겐 보충제' LIMIT 1));
INSERT IGNORE INTO product_rank (product_id, recent_sales, updated_at)
VALUES ((SELECT id FROM product WHERE code = 'P82646080380' LIMIT 1), 1890, '2025-09-29 12:00:00');


INSERT INTO product (brand_id, name, code, description, instruction, ingredients, cautions, disclaimer,
                     sale_start_date, expiration_date, max_qty_per_order, sales, avg_rating, review_count, min_price)
VALUES ((SELECT id FROM brand WHERE name = '시파워'),
        '시파워 실리카 비건 콜라겐 보충제 드롭액체 113.4g',
        'P89931264228', '시파워 실리카 비건 콜라겐 보충제 드롭액체 113.4g',
        '하루 1-2방울을 식후에 섭취하세요.', '실리카, 비건 콜라겐',
        '과다섭취 시 부작용이 있을 수 있습니다.', '본 제품은 질병의 예방 및 치료를 위한 의약품이 아닙니다.',
        '2025-11-14 00:00:00', 30, 6, 1890, 4.4, 280, 69300);
INSERT INTO product_img (product_id, image_url, alt_text, sort_idx, is_primary)
VALUES ((SELECT id FROM product WHERE code = 'P89931264228' LIMIT 1),
        'https://shopping-phinf.pstatic.net/main_8993126/89931264228.1.jpg', '대표 이미지', 0, 1),
       ((SELECT id FROM product WHERE code = 'P89931264228' LIMIT 1),
        'https://shopping-phinf.pstatic.net/main_8993126/89931264228.2.jpg', '상품 상세', 1, 0),
       ((SELECT id FROM product WHERE code = 'P89931264228' LIMIT 1),
        'https://shopping-phinf.pstatic.net/main_8993126/89931264228.3.jpg', '성분 정보', 2, 0);
INSERT INTO product_variant (product_id, variant_name, list_price, sale_price, volume, upc_code, pill_size,
                             nutrition_facts, max_qty_per_order, restock_eta)
VALUES ((SELECT id FROM product WHERE code = 'P89931264228' LIMIT 1), '113.4g', 69300, 67300, 113, '600000000639', '드롭',
        '시파워 실리카', 6, NULL),
       ((SELECT id FROM product WHERE code = 'P89931264228' LIMIT 1), '56.7g', 39300, 37300, 57, '600000000640', '드롭',
        '시파워 실리카', 6, NULL);
INSERT IGNORE INTO stock (product_variant_id, amount, updated_at, restocked_at)
VALUES ((SELECT id
         FROM product_variant
         WHERE variant_name = '113.4g'
           AND product_id = (SELECT id FROM product WHERE code = 'P89931264228' LIMIT 1)
         LIMIT 1),
        12, '2025-09-29 12:00:00', '2025-08-20 12:00:00'),
       ((SELECT id
         FROM product_variant
         WHERE variant_name = '56.7g'
           AND product_id = (SELECT id FROM product WHERE code = 'P89931264228' LIMIT 1)
         LIMIT 1),
        8, '2025-09-29 12:00:00', '2025-08-20 12:00:00');
INSERT INTO product_category (product_id, category_id)
VALUES ((SELECT id FROM product WHERE code = 'P89931264228' LIMIT 1),
        (SELECT id FROM category WHERE name = '콜라겐 보충제' LIMIT 1));
INSERT IGNORE INTO product_rank (product_id, recent_sales, updated_at)
VALUES ((SELECT id FROM product WHERE code = 'P89931264228' LIMIT 1), 1890, '2025-09-29 12:00:00');


INSERT INTO product (brand_id, name, code, description, instruction, ingredients, cautions, disclaimer,
                     sale_start_date, expiration_date, max_qty_per_order, sales, avg_rating, review_count, min_price)
VALUES ((SELECT id FROM brand WHERE name = '롯데ON'),
        '연어콜라겐 800mg x 60정 피지조절제 콜라겐보충제',
        'P56674548962', '연어콜라겐 800mg x 60정 피지조절제 콜라겐보충제',
        '하루 1-2정을 식후에 섭취하세요.', '연어콜라겐, 피지조절제',
        '과다섭취 시 부작용이 있을 수 있습니다.', '본 제품은 질병의 예방 및 치료를 위한 의약품이 아닙니다.',
        '2025-11-15 00:00:00', 30, 6, 1890, 4.1, 280, 32060);
INSERT INTO product_img (product_id, image_url, alt_text, sort_idx, is_primary)
VALUES ((SELECT id FROM product WHERE code = 'P56674548962' LIMIT 1),
        'https://shopping-phinf.pstatic.net/main_5667454/56674548962.1.jpg', '대표 이미지', 0, 1),
       ((SELECT id FROM product WHERE code = 'P56674548962' LIMIT 1),
        'https://shopping-phinf.pstatic.net/main_5667454/56674548962.2.jpg', '상품 상세', 1, 0),
       ((SELECT id FROM product WHERE code = 'P56674548962' LIMIT 1),
        'https://shopping-phinf.pstatic.net/main_5667454/56674548962.3.jpg', '성분 정보', 2, 0);
INSERT INTO product_variant (product_id, variant_name, list_price, sale_price, volume, upc_code, pill_size,
                             nutrition_facts, max_qty_per_order, restock_eta)
VALUES ((SELECT id FROM product WHERE code = 'P56674548962' LIMIT 1), '60정', 32060, 30060, 60, '600000000641',
        '10x10x5mm', '롯데ON 연어콜라겐', 6, NULL),
       ((SELECT id FROM product WHERE code = 'P56674548962' LIMIT 1), '30정', 18060, 16060, 30, '600000000642',
        '10x10x5mm', '롯데ON 연어콜라겐', 6, NULL);
INSERT IGNORE INTO stock (product_variant_id, amount, updated_at, restocked_at)
VALUES ((SELECT id
         FROM product_variant
         WHERE variant_name = '60정'
           AND product_id = (SELECT id FROM product WHERE code = 'P56674548962' LIMIT 1)
         LIMIT 1),
        38, '2025-09-29 12:00:00', '2025-08-20 12:00:00'),
       ((SELECT id
         FROM product_variant
         WHERE variant_name = '30정'
           AND product_id = (SELECT id FROM product WHERE code = 'P56674548962' LIMIT 1)
         LIMIT 1),
        24, '2025-09-29 12:00:00', '2025-08-20 12:00:00');
INSERT INTO product_category (product_id, category_id)
VALUES ((SELECT id FROM product WHERE code = 'P56674548962' LIMIT 1),
        (SELECT id FROM category WHERE name = '콜라겐 보충제' LIMIT 1));
INSERT IGNORE INTO product_rank (product_id, recent_sales, updated_at)
VALUES ((SELECT id FROM product WHERE code = 'P56674548962' LIMIT 1), 1890, '2025-09-29 12:00:00');


INSERT INTO product (brand_id, name, code, description, instruction, ingredients, cautions, disclaimer,
                     sale_start_date, expiration_date, max_qty_per_order, sales, avg_rating, review_count, min_price)
VALUES ((SELECT id FROM brand WHERE name = '하나마이'),
        '네이처컴퍼니 콜라겐 보충제',
        'P89885507421', '네이처컴퍼니 콜라겐 보충제',
        '하루 1-2정을 식후에 섭취하세요.', '콜라겐, 보충제',
        '과다섭취 시 부작용이 있을 수 있습니다.', '본 제품은 질병의 예방 및 치료를 위한 의약품이 아닙니다.',
        '2025-11-16 00:00:00', 30, 6, 1890, 4.0, 280, 20810);
INSERT INTO product_img (product_id, image_url, alt_text, sort_idx, is_primary)
VALUES ((SELECT id FROM product WHERE code = 'P89885507421' LIMIT 1),
        'https://shopping-phinf.pstatic.net/main_8988550/89885507421.1.jpg', '대표 이미지', 0, 1),
       ((SELECT id FROM product WHERE code = 'P89885507421' LIMIT 1),
        'https://shopping-phinf.pstatic.net/main_8988550/89885507421.2.jpg', '상품 상세', 1, 0),
       ((SELECT id FROM product WHERE code = 'P89885507421' LIMIT 1),
        'https://shopping-phinf.pstatic.net/main_8988550/89885507421.3.jpg', '성분 정보', 2, 0);
INSERT INTO product_variant (product_id, variant_name, list_price, sale_price, volume, upc_code, pill_size,
                             nutrition_facts, max_qty_per_order, restock_eta)
VALUES ((SELECT id FROM product WHERE code = 'P89885507421' LIMIT 1), '60정', 20810, 18810, 60, '600000000643',
        '10x10x5mm', '네이처컴퍼니 콜라겐', 6, NULL),
       ((SELECT id FROM product WHERE code = 'P89885507421' LIMIT 1), '30정', 12810, 10810, 30, '600000000644',
        '10x10x5mm', '네이처컴퍼니 콜라겐', 6, NULL);
INSERT IGNORE INTO stock (product_variant_id, amount, updated_at, restocked_at)
VALUES ((SELECT id
         FROM product_variant
         WHERE variant_name = '60정'
           AND product_id = (SELECT id FROM product WHERE code = 'P89885507421' LIMIT 1)
         LIMIT 1),
        52, '2025-09-29 12:00:00', '2025-08-20 12:00:00'),
       ((SELECT id
         FROM product_variant
         WHERE variant_name = '30정'
           AND product_id = (SELECT id FROM product WHERE code = 'P89885507421' LIMIT 1)
         LIMIT 1),
        33, '2025-09-29 12:00:00', '2025-08-20 12:00:00');
INSERT INTO product_category (product_id, category_id)
VALUES ((SELECT id FROM product WHERE code = 'P89885507421' LIMIT 1),
        (SELECT id FROM category WHERE name = '콜라겐 보충제' LIMIT 1));
INSERT IGNORE INTO product_rank (product_id, recent_sales, updated_at)
VALUES ((SELECT id FROM product WHERE code = 'P89885507421' LIMIT 1), 1890, '2025-09-29 12:00:00');


INSERT INTO product (brand_id, name, code, description, instruction, ingredients, cautions, disclaimer,
                     sale_start_date, expiration_date, max_qty_per_order, sales, avg_rating, review_count, min_price)
VALUES ((SELECT id FROM brand WHERE name = '11번가'),
        '연어콜라겐 800mg x 60정 콜라겐보충제 선물 피부',
        'P55348600442', '연어콜라겐 800mg x 60정 콜라겐보충제 선물 피부',
        '하루 1-2정을 식후에 섭취하세요.', '연어콜라겐, 피부',
        '과다섭취 시 부작용이 있을 수 있습니다.', '본 제품은 질병의 예방 및 치료를 위한 의약품이 아닙니다.',
        '2025-11-17 00:00:00', 30, 6, 1890, 4.2, 280, 32800);
INSERT INTO product_img (product_id, image_url, alt_text, sort_idx, is_primary)
VALUES ((SELECT id FROM product WHERE code = 'P55348600442' LIMIT 1),
        'https://shopping-phinf.pstatic.net/main_5534860/55348600442.1.jpg', '대표 이미지', 0, 1),
       ((SELECT id FROM product WHERE code = 'P55348600442' LIMIT 1),
        'https://shopping-phinf.pstatic.net/main_5534860/55348600442.2.jpg', '상품 상세', 1, 0),
       ((SELECT id FROM product WHERE code = 'P55348600442' LIMIT 1),
        'https://shopping-phinf.pstatic.net/main_5534860/55348600442.3.jpg', '성분 정보', 2, 0);
INSERT INTO product_variant (product_id, variant_name, list_price, sale_price, volume, upc_code, pill_size,
                             nutrition_facts, max_qty_per_order, restock_eta)
VALUES ((SELECT id FROM product WHERE code = 'P55348600442' LIMIT 1), '60정', 32800, 30800, 60, '600000000645',
        '10x10x5mm', '11번가 연어콜라겐', 6, NULL),
       ((SELECT id FROM product WHERE code = 'P55348600442' LIMIT 1), '30정', 18800, 16800, 30, '600000000646',
        '10x10x5mm', '11번가 연어콜라겐', 6, NULL);
INSERT IGNORE INTO stock (product_variant_id, amount, updated_at, restocked_at)
VALUES ((SELECT id
         FROM product_variant
         WHERE variant_name = '60정'
           AND product_id = (SELECT id FROM product WHERE code = 'P55348600442' LIMIT 1)
         LIMIT 1),
        40, '2025-09-29 12:00:00', '2025-08-20 12:00:00'),
       ((SELECT id
         FROM product_variant
         WHERE variant_name = '30정'
           AND product_id = (SELECT id FROM product WHERE code = 'P55348600442' LIMIT 1)
         LIMIT 1),
        25, '2025-09-29 12:00:00', '2025-08-20 12:00:00');
INSERT INTO product_category (product_id, category_id)
VALUES ((SELECT id FROM product WHERE code = 'P55348600442' LIMIT 1),
        (SELECT id FROM category WHERE name = '콜라겐 보충제' LIMIT 1));
INSERT IGNORE INTO product_rank (product_id, recent_sales, updated_at)
VALUES ((SELECT id FROM product WHERE code = 'P55348600442' LIMIT 1), 1890, '2025-09-29 12:00:00');


INSERT INTO product (brand_id, name, code, description, instruction, ingredients, cautions, disclaimer,
                     sale_start_date, expiration_date, max_qty_per_order, sales, avg_rating, review_count, min_price)
VALUES ((SELECT id FROM brand WHERE name = '챙겨바'),
        '저분자 피쉬콜라겐 150g 피부건조 먹는콜라겐 콜라겐보충제 선물',
        'P89512250485', '저분자 피쉬콜라겐 150g 피부건조 먹는콜라겐 콜라겐보충제 선물',
        '하루 1-2포를 식후에 섭취하세요.', '저분자 피쉬콜라겐, 피부건조',
        '과다섭취 시 부작용이 있을 수 있습니다.', '본 제품은 질병의 예방 및 치료를 위한 의약품이 아닙니다.',
        '2025-11-18 00:00:00', 30, 6, 1890, 4.1, 280, 22220);
INSERT INTO product_img (product_id, image_url, alt_text, sort_idx, is_primary)
VALUES ((SELECT id FROM product WHERE code = 'P89512250485' LIMIT 1),
        'https://shopping-phinf.pstatic.net/main_8951225/89512250485.1.jpg', '대표 이미지', 0, 1),
       ((SELECT id FROM product WHERE code = 'P89512250485' LIMIT 1),
        'https://shopping-phinf.pstatic.net/main_8951225/89512250485.2.jpg', '상품 상세', 1, 0),
       ((SELECT id FROM product WHERE code = 'P89512250485' LIMIT 1),
        'https://shopping-phinf.pstatic.net/main_8951225/89512250485.3.jpg', '성분 정보', 2, 0);
INSERT INTO product_variant (product_id, variant_name, list_price, sale_price, volume, upc_code, pill_size,
                             nutrition_facts, max_qty_per_order, restock_eta)
VALUES ((SELECT id FROM product WHERE code = 'P89512250485' LIMIT 1), '150g', 22220, 20220, 150, '600000000647', '포장',
        '챙겨바 피쉬콜라겐', 6, NULL),
       ((SELECT id FROM product WHERE code = 'P89512250485' LIMIT 1), '75g', 13220, 11220, 75, '600000000648', '포장',
        '챙겨바 피쉬콜라겐', 6, NULL);
INSERT IGNORE INTO stock (product_variant_id, amount, updated_at, restocked_at)
VALUES ((SELECT id
         FROM product_variant
         WHERE variant_name = '150g'
           AND product_id = (SELECT id FROM product WHERE code = 'P89512250485' LIMIT 1)
         LIMIT 1),
        48, '2025-09-29 12:00:00', '2025-08-20 12:00:00'),
       ((SELECT id
         FROM product_variant
         WHERE variant_name = '75g'
           AND product_id = (SELECT id FROM product WHERE code = 'P89512250485' LIMIT 1)
         LIMIT 1),
        30, '2025-09-29 12:00:00', '2025-08-20 12:00:00');
INSERT INTO product_category (product_id, category_id)
VALUES ((SELECT id FROM product WHERE code = 'P89512250485' LIMIT 1),
        (SELECT id FROM category WHERE name = '콜라겐 보충제' LIMIT 1));
INSERT IGNORE INTO product_rank (product_id, recent_sales, updated_at)
VALUES ((SELECT id FROM product WHERE code = 'P89512250485' LIMIT 1), 1890, '2025-09-29 12:00:00');


INSERT INTO product (brand_id, name, code, description, instruction, ingredients, cautions, disclaimer,
                     sale_start_date, expiration_date, max_qty_per_order, sales, avg_rating, review_count, min_price)
VALUES ((SELECT id FROM brand WHERE name = '챙겨바'),
        '샤이닝 어린 콜라겐 엘라스틴 30포 콜라겐보충제 피부건조 피부',
        'P89512248880', '샤이닝 어린 콜라겐 엘라스틴 30포 콜라겐보충제 피부건조 피부',
        '하루 1-2포를 식후에 섭취하세요.', '콜라겐, 엘라스틴',
        '과다섭취 시 부작용이 있을 수 있습니다.', '본 제품은 질병의 예방 및 치료를 위한 의약품이 아닙니다.',
        '2025-11-19 00:00:00', 30, 6, 1890, 4.3, 280, 30220);
INSERT INTO product_img (product_id, image_url, alt_text, sort_idx, is_primary)
VALUES ((SELECT id FROM product WHERE code = 'P89512248880' LIMIT 1),
        'https://shopping-phinf.pstatic.net/main_8951224/89512248880.1.jpg', '대표 이미지', 0, 1),
       ((SELECT id FROM product WHERE code = 'P89512248880' LIMIT 1),
        'https://shopping-phinf.pstatic.net/main_8951224/89512248880.2.jpg', '상품 상세', 1, 0),
       ((SELECT id FROM product WHERE code = 'P89512248880' LIMIT 1),
        'https://shopping-phinf.pstatic.net/main_8951224/89512248880.3.jpg', '성분 정보', 2, 0);
INSERT INTO product_variant (product_id, variant_name, list_price, sale_price, volume, upc_code, pill_size,
                             nutrition_facts, max_qty_per_order, restock_eta)
VALUES ((SELECT id FROM product WHERE code = 'P89512248880' LIMIT 1), '30포', 30220, 28220, 30, '600000000649', '포장',
        '챙겨바 샤이닝', 6, NULL),
       ((SELECT id FROM product WHERE code = 'P89512248880' LIMIT 1), '15포', 17220, 15220, 15, '600000000650', '포장',
        '챙겨바 샤이닝', 6, NULL);
INSERT IGNORE INTO stock (product_variant_id, amount, updated_at, restocked_at)
VALUES ((SELECT id
         FROM product_variant
         WHERE variant_name = '30포'
           AND product_id = (SELECT id FROM product WHERE code = 'P89512248880' LIMIT 1)
         LIMIT 1),
        42, '2025-09-29 12:00:00', '2025-08-20 12:00:00'),
       ((SELECT id
         FROM product_variant
         WHERE variant_name = '15포'
           AND product_id = (SELECT id FROM product WHERE code = 'P89512248880' LIMIT 1)
         LIMIT 1),
        26, '2025-09-29 12:00:00', '2025-08-20 12:00:00');
INSERT INTO product_category (product_id, category_id)
VALUES ((SELECT id FROM product WHERE code = 'P89512248880' LIMIT 1),
        (SELECT id FROM category WHERE name = '콜라겐 보충제' LIMIT 1));
INSERT IGNORE INTO product_rank (product_id, recent_sales, updated_at)
VALUES ((SELECT id FROM product WHERE code = 'P89512248880' LIMIT 1), 1890, '2025-09-29 12:00:00');


INSERT INTO product (brand_id, name, code, description, instruction, ingredients, cautions, disclaimer,
                     sale_start_date, expiration_date, max_qty_per_order, sales, avg_rating, review_count, min_price)
VALUES ((SELECT id FROM brand WHERE name = '허벌라이프'),
        '허벌라이프 허바플렉스 클루코사민',
        'P81189728828', '허벌라이프 허바플렉스 클루코사민',
        '하루 1-2정을 식후에 섭취하세요.', '클루코사민, 허바플렉스',
        '과다섭취 시 부작용이 있을 수 있습니다.', '본 제품은 질병의 예방 및 치료를 위한 의약품이 아닙니다.',
        '2025-11-20 00:00:00', 30, 6, 1890, 4.4, 280, 78000);
INSERT INTO product_img (product_id, image_url, alt_text, sort_idx, is_primary)
VALUES ((SELECT id FROM product WHERE code = 'P81189728828' LIMIT 1),
        'https://shopping-phinf.pstatic.net/main_8118972/81189728828.1.jpg', '대표 이미지', 0, 1),
       ((SELECT id FROM product WHERE code = 'P81189728828' LIMIT 1),
        'https://shopping-phinf.pstatic.net/main_8118972/81189728828.2.jpg', '상품 상세', 1, 0),
       ((SELECT id FROM product WHERE code = 'P81189728828' LIMIT 1),
        'https://shopping-phinf.pstatic.net/main_8118972/81189728828.3.jpg', '성분 정보', 2, 0);
INSERT INTO product_variant (product_id, variant_name, list_price, sale_price, volume, upc_code, pill_size,
                             nutrition_facts, max_qty_per_order, restock_eta)
VALUES ((SELECT id FROM product WHERE code = 'P81189728828' LIMIT 1), '60정', 78000, 76000, 60, '600000000651',
        '10x10x5mm', '허벌라이프 허바플렉스', 6, NULL),
       ((SELECT id FROM product WHERE code = 'P81189728828' LIMIT 1), '30정', 42000, 40000, 30, '600000000652',
        '10x10x5mm', '허벌라이프 허바플렉스', 6, NULL);
INSERT IGNORE INTO stock (product_variant_id, amount, updated_at, restocked_at)
VALUES ((SELECT id
         FROM product_variant
         WHERE variant_name = '60정'
           AND product_id = (SELECT id FROM product WHERE code = 'P81189728828' LIMIT 1)
         LIMIT 1),
        15, '2025-09-29 12:00:00', '2025-08-20 12:00:00'),
       ((SELECT id
         FROM product_variant
         WHERE variant_name = '30정'
           AND product_id = (SELECT id FROM product WHERE code = 'P81189728828' LIMIT 1)
         LIMIT 1),
        10, '2025-09-29 12:00:00', '2025-08-20 12:00:00');
INSERT INTO product_category (product_id, category_id)
VALUES ((SELECT id FROM product WHERE code = 'P81189728828' LIMIT 1),
        (SELECT id FROM category WHERE name = '클루코사민' LIMIT 1));
INSERT IGNORE INTO product_rank (product_id, recent_sales, updated_at)
VALUES ((SELECT id FROM product WHERE code = 'P81189728828' LIMIT 1), 1890, '2025-09-29 12:00:00');


INSERT INTO product (brand_id, name, code, description, instruction, ingredients, cautions, disclaimer,
                     sale_start_date, expiration_date, max_qty_per_order, sales, avg_rating, review_count, min_price)
VALUES ((SELECT id FROM brand WHERE name = '닥터스베스트'),
        '닥터스베스트 클루코사민 MSM 360정 X 1개',
        'P84450711236', '닥터스베스트 클루코사민 MSM 360정 X 1개',
        '하루 1-2정을 식후에 섭취하세요.', '클루코사민, MSM',
        '과다섭취 시 부작용이 있을 수 있습니다.', '본 제품은 질병의 예방 및 치료를 위한 의약품이 아닙니다.',
        '2025-11-21 00:00:00', 30, 6, 1890, 4.2, 280, 59900);
INSERT INTO product_img (product_id, image_url, alt_text, sort_idx, is_primary)
VALUES ((SELECT id FROM product WHERE code = 'P84450711236' LIMIT 1),
        'https://shopping-phinf.pstatic.net/main_8445071/84450711236.1.jpg', '대표 이미지', 0, 1),
       ((SELECT id FROM product WHERE code = 'P84450711236' LIMIT 1),
        'https://shopping-phinf.pstatic.net/main_8445071/84450711236.2.jpg', '상품 상세', 1, 0),
       ((SELECT id FROM product WHERE code = 'P84450711236' LIMIT 1),
        'https://shopping-phinf.pstatic.net/main_8445071/84450711236.3.jpg', '성분 정보', 2, 0);
INSERT INTO product_variant (product_id, variant_name, list_price, sale_price, volume, upc_code, pill_size,
                             nutrition_facts, max_qty_per_order, restock_eta)
VALUES ((SELECT id FROM product WHERE code = 'P84450711236' LIMIT 1), '360정', 59900, 57900, 360, '600000000653',
        '10x10x5mm', '닥터스베스트 MSM', 6, NULL),
       ((SELECT id FROM product WHERE code = 'P84450711236' LIMIT 1), '180정', 32900, 30900, 180, '600000000654',
        '10x10x5mm', '닥터스베스트 MSM', 6, NULL);
INSERT IGNORE INTO stock (product_variant_id, amount, updated_at, restocked_at)
VALUES ((SELECT id
         FROM product_variant
         WHERE variant_name = '360정'
           AND product_id = (SELECT id FROM product WHERE code = 'P84450711236' LIMIT 1)
         LIMIT 1),
        18, '2025-09-29 12:00:00', '2025-08-20 12:00:00'),
       ((SELECT id
         FROM product_variant
         WHERE variant_name = '180정'
           AND product_id = (SELECT id FROM product WHERE code = 'P84450711236' LIMIT 1)
         LIMIT 1),
        12, '2025-09-29 12:00:00', '2025-08-20 12:00:00');
INSERT INTO product_category (product_id, category_id)
VALUES ((SELECT id FROM product WHERE code = 'P84450711236' LIMIT 1),
        (SELECT id FROM category WHERE name = '클루코사민' LIMIT 1));
INSERT IGNORE INTO product_rank (product_id, recent_sales, updated_at)
VALUES ((SELECT id FROM product WHERE code = 'P84450711236' LIMIT 1), 1890, '2025-09-29 12:00:00');


INSERT INTO product (brand_id, name, code, description, instruction, ingredients, cautions, disclaimer,
                     sale_start_date, expiration_date, max_qty_per_order, sales, avg_rating, review_count, min_price)
VALUES ((SELECT id FROM brand WHERE name = '제이에이치샵앤몰'),
        '코스트코 글루코사민 염산염 관절 도움 군대 px 영양제 클루코사민 글로코사민 구루코사민',
        'P87731264311', '코스트코 글루코사민 염산염 관절 도움 군대 px 영양제 클루코사민 글로코사민 구루코사민',
        '하루 1-2정을 식후에 섭취하세요.', '글루코사민, 관절',
        '과다섭취 시 부작용이 있을 수 있습니다.', '본 제품은 질병의 예방 및 치료를 위한 의약품이 아닙니다.',
        '2025-11-22 00:00:00', 30, 6, 1890, 4.1, 280, 25500);
INSERT INTO product_img (product_id, image_url, alt_text, sort_idx, is_primary)
VALUES ((SELECT id FROM product WHERE code = 'P87731264311' LIMIT 1),
        'https://shopping-phinf.pstatic.net/main_8773126/87731264311.1.jpg', '대표 이미지', 0, 1),
       ((SELECT id FROM product WHERE code = 'P87731264311' LIMIT 1),
        'https://shopping-phinf.pstatic.net/main_8773126/87731264311.2.jpg', '상품 상세', 1, 0),
       ((SELECT id FROM product WHERE code = 'P87731264311' LIMIT 1),
        'https://shopping-phinf.pstatic.net/main_8773126/87731264311.3.jpg', '성분 정보', 2, 0);
INSERT INTO product_variant (product_id, variant_name, list_price, sale_price, volume, upc_code, pill_size,
                             nutrition_facts, max_qty_per_order, restock_eta)
VALUES ((SELECT id FROM product WHERE code = 'P87731264311' LIMIT 1), '180정', 25500, 23500, 180, '600000000655',
        '10x10x5mm', '코스트코 글루코사민', 6, NULL),
       ((SELECT id FROM product WHERE code = 'P87731264311' LIMIT 1), '90정', 14500, 12500, 90, '600000000656',
        '10x10x5mm', '코스트코 글루코사민', 6, NULL);
INSERT IGNORE INTO stock (product_variant_id, amount, updated_at, restocked_at)
VALUES ((SELECT id
         FROM product_variant
         WHERE variant_name = '180정'
           AND product_id = (SELECT id FROM product WHERE code = 'P87731264311' LIMIT 1)
         LIMIT 1),
        35, '2025-09-29 12:00:00', '2025-08-20 12:00:00'),
       ((SELECT id
         FROM product_variant
         WHERE variant_name = '90정'
           AND product_id = (SELECT id FROM product WHERE code = 'P87731264311' LIMIT 1)
         LIMIT 1),
        22, '2025-09-29 12:00:00', '2025-08-20 12:00:00');
INSERT INTO product_category (product_id, category_id)
VALUES ((SELECT id FROM product WHERE code = 'P87731264311' LIMIT 1),
        (SELECT id FROM category WHERE name = '클루코사민' LIMIT 1));
INSERT IGNORE INTO product_rank (product_id, recent_sales, updated_at)
VALUES ((SELECT id FROM product WHERE code = 'P87731264311' LIMIT 1), 1890, '2025-09-29 12:00:00');


INSERT IGNORE INTO brand (name)
VALUES ('옥션');
INSERT IGNORE INTO brand (name)
VALUES ('G마켓');
INSERT IGNORE INTO brand (name)
VALUES ('젠어필');
INSERT IGNORE INTO brand (name)
VALUES ('롱제비티 패러독스');
INSERT IGNORE INTO brand (name)
VALUES ('11번가');
INSERT IGNORE INTO brand (name)
VALUES ('내츄럴플러스');
INSERT IGNORE INTO brand (name)
VALUES ('킵유어핏');
INSERT IGNORE INTO brand (name)
VALUES ('메디라움코리아');

INSERT INTO product (brand_id, name, code, description, instruction, ingredients, cautions, disclaimer,
                     sale_start_date, expiration_date, max_qty_per_order, sales, avg_rating, review_count, min_price)
VALUES ((SELECT id FROM brand WHERE name = '옥션'),
        'NAG N아세틸글루코사민 글루코사민 클루코사민 구루코사민 메가 조인트 서포트 1통',
        'P56765958265', 'NAG N아세틸글루코사민 글루코사민 클루코사민 구루코사민 메가 조인트 서포트 1통',
        '하루 1-2정을 식후에 섭취하세요.', 'NAG, 글루코사민',
        '과다섭취 시 부작용이 있을 수 있습니다.', '본 제품은 질병의 예방 및 치료를 위한 의약품이 아닙니다.',
        '2025-11-23 00:00:00', 30, 6, 1890, 4.2, 280, 25020);
INSERT INTO product_img (product_id, image_url, alt_text, sort_idx, is_primary)
VALUES ((SELECT id FROM product WHERE code = 'P56765958265' LIMIT 1),
        'https://shopping-phinf.pstatic.net/main_5676595/56765958265.1.jpg', '대표 이미지', 0, 1),
       ((SELECT id FROM product WHERE code = 'P56765958265' LIMIT 1),
        'https://shopping-phinf.pstatic.net/main_5676595/56765958265.2.jpg', '상품 상세', 1, 0),
       ((SELECT id FROM product WHERE code = 'P56765958265' LIMIT 1),
        'https://shopping-phinf.pstatic.net/main_5676595/56765958265.3.jpg', '성분 정보', 2, 0);
INSERT INTO product_variant (product_id, variant_name, list_price, sale_price, volume, upc_code, pill_size,
                             nutrition_facts, max_qty_per_order, restock_eta)
VALUES ((SELECT id FROM product WHERE code = 'P56765958265' LIMIT 1), '1통', 25020, 23020, 1, '600000000657',
        '10x10x5mm', '옥션 NAG', 6, NULL),
       ((SELECT id FROM product WHERE code = 'P56765958265' LIMIT 1), '2통', 48020, 46020, 2, '600000000658',
        '10x10x5mm', '옥션 NAG', 6, NULL);
INSERT IGNORE INTO stock (product_variant_id, amount, updated_at, restocked_at)
VALUES ((SELECT id
         FROM product_variant
         WHERE variant_name = '1통'
           AND product_id = (SELECT id FROM product WHERE code = 'P56765958265' LIMIT 1)
         LIMIT 1),
        42, '2025-09-29 12:00:00', '2025-08-20 12:00:00'),
       ((SELECT id
         FROM product_variant
         WHERE variant_name = '2통'
           AND product_id = (SELECT id FROM product WHERE code = 'P56765958265' LIMIT 1)
         LIMIT 1),
        26, '2025-09-29 12:00:00', '2025-08-20 12:00:00');
INSERT INTO product_category (product_id, category_id)
VALUES ((SELECT id FROM product WHERE code = 'P56765958265' LIMIT 1),
        (SELECT id FROM category WHERE name = '클루코사민' LIMIT 1));
INSERT IGNORE INTO product_rank (product_id, recent_sales, updated_at)
VALUES ((SELECT id FROM product WHERE code = 'P56765958265' LIMIT 1), 1890, '2025-09-29 12:00:00');


INSERT INTO product (brand_id, name, code, description, instruction, ingredients, cautions, disclaimer,
                     sale_start_date, expiration_date, max_qty_per_order, sales, avg_rating, review_count, min_price)
VALUES ((SELECT id FROM brand WHERE name = 'G마켓'),
        '종근당 글루코사민 연골 관절 건강 180정 연골건강 관절건강 클루코사민',
        'P56661028051', '종근당 글루코사민 연골 관절 건강 180정 연골건강 관절건강 클루코사민',
        '하루 1-2정을 식후에 섭취하세요.', '글루코사민, 연골',
        '과다섭취 시 부작용이 있을 수 있습니다.', '본 제품은 질병의 예방 및 치료를 위한 의약품이 아닙니다.',
        '2025-11-24 00:00:00', 30, 6, 1890, 4.3, 280, 41820);
INSERT INTO product_img (product_id, image_url, alt_text, sort_idx, is_primary)
VALUES ((SELECT id FROM product WHERE code = 'P56661028051' LIMIT 1),
        'https://shopping-phinf.pstatic.net/main_5666102/56661028051.1.jpg', '대표 이미지', 0, 1),
       ((SELECT id FROM product WHERE code = 'P56661028051' LIMIT 1),
        'https://shopping-phinf.pstatic.net/main_5666102/56661028051.2.jpg', '상품 상세', 1, 0),
       ((SELECT id FROM product WHERE code = 'P56661028051' LIMIT 1),
        'https://shopping-phinf.pstatic.net/main_5666102/56661028051.3.jpg', '성분 정보', 2, 0);
INSERT INTO product_variant (product_id, variant_name, list_price, sale_price, volume, upc_code, pill_size,
                             nutrition_facts, max_qty_per_order, restock_eta)
VALUES ((SELECT id FROM product WHERE code = 'P56661028051' LIMIT 1), '180정', 41820, 39820, 180, '600000000659',
        '10x10x5mm', '종근당 글루코사민', 6, NULL),
       ((SELECT id FROM product WHERE code = 'P56661028051' LIMIT 1), '90정', 22820, 20820, 90, '600000000660',
        '10x10x5mm', '종근당 글루코사민', 6, NULL);
INSERT IGNORE INTO stock (product_variant_id, amount, updated_at, restocked_at)
VALUES ((SELECT id
         FROM product_variant
         WHERE variant_name = '180정'
           AND product_id = (SELECT id FROM product WHERE code = 'P56661028051' LIMIT 1)
         LIMIT 1),
        28, '2025-09-29 12:00:00', '2025-08-20 12:00:00'),
       ((SELECT id
         FROM product_variant
         WHERE variant_name = '90정'
           AND product_id = (SELECT id FROM product WHERE code = 'P56661028051' LIMIT 1)
         LIMIT 1),
        18, '2025-09-29 12:00:00', '2025-08-20 12:00:00');
INSERT INTO product_category (product_id, category_id)
VALUES ((SELECT id FROM product WHERE code = 'P56661028051' LIMIT 1),
        (SELECT id FROM category WHERE name = '클루코사민' LIMIT 1));
INSERT IGNORE INTO product_rank (product_id, recent_sales, updated_at)
VALUES ((SELECT id FROM product WHERE code = 'P56661028051' LIMIT 1), 1890, '2025-09-29 12:00:00');


INSERT INTO product (brand_id, name, code, description, instruction, ingredients, cautions, disclaimer,
                     sale_start_date, expiration_date, max_qty_per_order, sales, avg_rating, review_count, min_price)
VALUES ((SELECT id FROM brand WHERE name = '젠어필'),
        '건강한 관절뼈건강 클루코사민 연골건강 스포츠영양제 과격한운동 헬스 보호',
        'P89745472143', '건강한 관절뼈건강 클루코사민 연골건강 스포츠영양제 과격한운동 헬스 보호',
        '하루 1-2정을 식후에 섭취하세요.', '클루코사민, 연골건강',
        '과다섭취 시 부작용이 있을 수 있습니다.', '본 제품은 질병의 예방 및 치료를 위한 의약품이 아닙니다.',
        '2025-11-25 00:00:00', 30, 6, 1890, 4.1, 280, 30480);
INSERT INTO product_img (product_id, image_url, alt_text, sort_idx, is_primary)
VALUES ((SELECT id FROM product WHERE code = 'P89745472143' LIMIT 1),
        'https://shopping-phinf.pstatic.net/main_8974547/89745472143.1.jpg', '대표 이미지', 0, 1),
       ((SELECT id FROM product WHERE code = 'P89745472143' LIMIT 1),
        'https://shopping-phinf.pstatic.net/main_8974547/89745472143.2.jpg', '상품 상세', 1, 0),
       ((SELECT id FROM product WHERE code = 'P89745472143' LIMIT 1),
        'https://shopping-phinf.pstatic.net/main_8974547/89745472143.3.jpg', '성분 정보', 2, 0);
INSERT INTO product_variant (product_id, variant_name, list_price, sale_price, volume, upc_code, pill_size,
                             nutrition_facts, max_qty_per_order, restock_eta)
VALUES ((SELECT id FROM product WHERE code = 'P89745472143' LIMIT 1), '60정', 30480, 28480, 60, '600000000661',
        '10x10x5mm', '젠어필 클루코사민', 6, NULL),
       ((SELECT id FROM product WHERE code = 'P89745472143' LIMIT 1), '30정', 17480, 15480, 30, '600000000662',
        '10x10x5mm', '젠어필 클루코사민', 6, NULL);
INSERT IGNORE INTO stock (product_variant_id, amount, updated_at, restocked_at)
VALUES ((SELECT id
         FROM product_variant
         WHERE variant_name = '60정'
           AND product_id = (SELECT id FROM product WHERE code = 'P89745472143' LIMIT 1)
         LIMIT 1),
        38, '2025-09-29 12:00:00', '2025-08-20 12:00:00'),
       ((SELECT id
         FROM product_variant
         WHERE variant_name = '30정'
           AND product_id = (SELECT id FROM product WHERE code = 'P89745472143' LIMIT 1)
         LIMIT 1),
        24, '2025-09-29 12:00:00', '2025-08-20 12:00:00');
INSERT INTO product_category (product_id, category_id)
VALUES ((SELECT id FROM product WHERE code = 'P89745472143' LIMIT 1),
        (SELECT id FROM category WHERE name = '클루코사민' LIMIT 1));
INSERT IGNORE INTO product_rank (product_id, recent_sales, updated_at)
VALUES ((SELECT id FROM product WHERE code = 'P89745472143' LIMIT 1), 1890, '2025-09-29 12:00:00');


INSERT INTO product (brand_id, name, code, description, instruction, ingredients, cautions, disclaimer,
                     sale_start_date, expiration_date, max_qty_per_order, sales, avg_rating, review_count, min_price)
VALUES ((SELECT id FROM brand WHERE name = 'G마켓'),
        '클루코사민 구루코사민 NAG N아세틸 글루코사민 염산염 무릎 관절 약2개월분',
        'P54220670261', '클루코사민 구루코사민 NAG N아세틸 글루코사민 염산염 무릎 관절 약2개월분',
        '하루 1-2정을 식후에 섭취하세요.', 'NAG, 글루코사민 염산염',
        '과다섭취 시 부작용이 있을 수 있습니다.', '본 제품은 질병의 예방 및 치료를 위한 의약품이 아닙니다.',
        '2025-11-26 00:00:00', 30, 6, 1890, 4.0, 280, 33800);
INSERT INTO product_img (product_id, image_url, alt_text, sort_idx, is_primary)
VALUES ((SELECT id FROM product WHERE code = 'P54220670261' LIMIT 1),
        'https://shopping-phinf.pstatic.net/main_5422067/54220670261.1.jpg', '대표 이미지', 0, 1),
       ((SELECT id FROM product WHERE code = 'P54220670261' LIMIT 1),
        'https://shopping-phinf.pstatic.net/main_5422067/54220670261.2.jpg', '상품 상세', 1, 0),
       ((SELECT id FROM product WHERE code = 'P54220670261' LIMIT 1),
        'https://shopping-phinf.pstatic.net/main_5422067/54220670261.3.jpg', '성분 정보', 2, 0);
INSERT INTO product_variant (product_id, variant_name, list_price, sale_price, volume, upc_code, pill_size,
                             nutrition_facts, max_qty_per_order, restock_eta)
VALUES ((SELECT id FROM product WHERE code = 'P54220670261' LIMIT 1), '60정', 33800, 31800, 60, '600000000663',
        '10x10x5mm', 'G마켓 NAG', 6, NULL),
       ((SELECT id FROM product WHERE code = 'P54220670261' LIMIT 1), '30정', 19800, 17800, 30, '600000000664',
        '10x10x5mm', 'G마켓 NAG', 6, NULL);
INSERT IGNORE INTO stock (product_variant_id, amount, updated_at, restocked_at)
VALUES ((SELECT id
         FROM product_variant
         WHERE variant_name = '60정'
           AND product_id = (SELECT id FROM product WHERE code = 'P54220670261' LIMIT 1)
         LIMIT 1),
        35, '2025-09-29 12:00:00', '2025-08-20 12:00:00'),
       ((SELECT id
         FROM product_variant
         WHERE variant_name = '30정'
           AND product_id = (SELECT id FROM product WHERE code = 'P54220670261' LIMIT 1)
         LIMIT 1),
        22, '2025-09-29 12:00:00', '2025-08-20 12:00:00');
INSERT INTO product_category (product_id, category_id)
VALUES ((SELECT id FROM product WHERE code = 'P54220670261' LIMIT 1),
        (SELECT id FROM category WHERE name = '클루코사민' LIMIT 1));
INSERT IGNORE INTO product_rank (product_id, recent_sales, updated_at)
VALUES ((SELECT id FROM product WHERE code = 'P54220670261' LIMIT 1), 1890, '2025-09-29 12:00:00');


INSERT INTO product (brand_id, name, code, description, instruction, ingredients, cautions, disclaimer,
                     sale_start_date, expiration_date, max_qty_per_order, sales, avg_rating, review_count, min_price)
VALUES ((SELECT id FROM brand WHERE name = 'G마켓'),
        '글루코사민 조인트 엠에스엠 60정 X 3개 클루코사민 마그네슘 무릎',
        'P56661321104', '글루코사민 조인트 엠에스엠 60정 X 3개 클루코사민 마그네슘 무릎',
        '하루 1-2정을 식후에 섭취하세요.', '글루코사민, MSM',
        '과다섭취 시 부작용이 있을 수 있습니다.', '본 제품은 질병의 예방 및 치료를 위한 의약품이 아닙니다.',
        '2025-11-27 00:00:00', 30, 6, 1890, 4.4, 280, 65690);
INSERT INTO product_img (product_id, image_url, alt_text, sort_idx, is_primary)
VALUES ((SELECT id FROM product WHERE code = 'P56661321104' LIMIT 1),
        'https://shopping-phinf.pstatic.net/main_5666132/56661321104.1.jpg', '대표 이미지', 0, 1),
       ((SELECT id FROM product WHERE code = 'P56661321104' LIMIT 1),
        'https://shopping-phinf.pstatic.net/main_5666132/56661321104.2.jpg', '상품 상세', 1, 0),
       ((SELECT id FROM product WHERE code = 'P56661321104' LIMIT 1),
        'https://shopping-phinf.pstatic.net/main_5666132/56661321104.3.jpg', '성분 정보', 2, 0);
INSERT INTO product_variant (product_id, variant_name, list_price, sale_price, volume, upc_code, pill_size,
                             nutrition_facts, max_qty_per_order, restock_eta)
VALUES ((SELECT id FROM product WHERE code = 'P56661321104' LIMIT 1), '3개', 65690, 63690, 3, '600000000665',
        '10x10x5mm', 'G마켓 조인트', 6, NULL),
       ((SELECT id FROM product WHERE code = 'P56661321104' LIMIT 1), '1개', 23690, 21690, 1, '600000000666',
        '10x10x5mm', 'G마켓 조인트', 6, NULL);
INSERT IGNORE INTO stock (product_variant_id, amount, updated_at, restocked_at)
VALUES ((SELECT id
         FROM product_variant
         WHERE variant_name = '3개'
           AND product_id = (SELECT id FROM product WHERE code = 'P56661321104' LIMIT 1)
         LIMIT 1),
        18, '2025-09-29 12:00:00', '2025-08-20 12:00:00'),
       ((SELECT id
         FROM product_variant
         WHERE variant_name = '1개'
           AND product_id = (SELECT id FROM product WHERE code = 'P56661321104' LIMIT 1)
         LIMIT 1),
        12, '2025-09-29 12:00:00', '2025-08-20 12:00:00');
INSERT INTO product_category (product_id, category_id)
VALUES ((SELECT id FROM product WHERE code = 'P56661321104' LIMIT 1),
        (SELECT id FROM category WHERE name = '클루코사민' LIMIT 1));
INSERT IGNORE INTO product_rank (product_id, recent_sales, updated_at)
VALUES ((SELECT id FROM product WHERE code = 'P56661321104' LIMIT 1), 1890, '2025-09-29 12:00:00');


INSERT INTO product (brand_id, name, code, description, instruction, ingredients, cautions, disclaimer,
                     sale_start_date, expiration_date, max_qty_per_order, sales, avg_rating, review_count, min_price)
VALUES ((SELECT id FROM brand WHERE name = '롱제비티 패러독스'),
        '글로코사민 우슬등복합물 글루코사민 클루코사민 2통',
        'P86483239216', '글로코사민 우슬등복합물 글루코사민 클루코사민 2통',
        '하루 1-2정을 식후에 섭취하세요.', '글루코사민, 우슬등',
        '과다섭취 시 부작용이 있을 수 있습니다.', '본 제품은 질병의 예방 및 치료를 위한 의약품이 아닙니다.',
        '2025-11-28 00:00:00', 30, 6, 1890, 4.2, 280, 70000);
INSERT INTO product_img (product_id, image_url, alt_text, sort_idx, is_primary)
VALUES ((SELECT id FROM product WHERE code = 'P86483239216' LIMIT 1),
        'https://shopping-phinf.pstatic.net/main_8648323/86483239216.1.jpg', '대표 이미지', 0, 1),
       ((SELECT id FROM product WHERE code = 'P86483239216' LIMIT 1),
        'https://shopping-phinf.pstatic.net/main_8648323/86483239216.2.jpg', '상품 상세', 1, 0),
       ((SELECT id FROM product WHERE code = 'P86483239216' LIMIT 1),
        'https://shopping-phinf.pstatic.net/main_8648323/86483239216.3.jpg', '성분 정보', 2, 0);
INSERT INTO product_variant (product_id, variant_name, list_price, sale_price, volume, upc_code, pill_size,
                             nutrition_facts, max_qty_per_order, restock_eta)
VALUES ((SELECT id FROM product WHERE code = 'P86483239216' LIMIT 1), '2통', 70000, 68000, 2, '600000000667',
        '10x10x5mm', '롱제비티 우슬등', 6, NULL),
       ((SELECT id FROM product WHERE code = 'P86483239216' LIMIT 1), '1통', 38000, 36000, 1, '600000000668',
        '10x10x5mm', '롱제비티 우슬등', 6, NULL);
INSERT IGNORE INTO stock (product_variant_id, amount, updated_at, restocked_at)
VALUES ((SELECT id
         FROM product_variant
         WHERE variant_name = '2통'
           AND product_id = (SELECT id FROM product WHERE code = 'P86483239216' LIMIT 1)
         LIMIT 1),
        15, '2025-09-29 12:00:00', '2025-08-20 12:00:00'),
       ((SELECT id
         FROM product_variant
         WHERE variant_name = '1통'
           AND product_id = (SELECT id FROM product WHERE code = 'P86483239216' LIMIT 1)
         LIMIT 1),
        10, '2025-09-29 12:00:00', '2025-08-20 12:00:00');
INSERT INTO product_category (product_id, category_id)
VALUES ((SELECT id FROM product WHERE code = 'P86483239216' LIMIT 1),
        (SELECT id FROM category WHERE name = '클루코사민' LIMIT 1));
INSERT IGNORE INTO product_rank (product_id, recent_sales, updated_at)
VALUES ((SELECT id FROM product WHERE code = 'P86483239216' LIMIT 1), 1890, '2025-09-29 12:00:00');


INSERT INTO product (brand_id, name, code, description, instruction, ingredients, cautions, disclaimer,
                     sale_start_date, expiration_date, max_qty_per_order, sales, avg_rating, review_count, min_price)
VALUES ((SELECT id FROM brand WHERE name = '11번가'),
        '한미 글루코사민 90정 X 3병 3개월분 굴루코사민 관절건강 클루코사민',
        'P56896443315', '한미 글루코사민 90정 X 3병 3개월분 굴루코사민 관절건강 클루코사민',
        '하루 1-2정을 식후에 섭취하세요.', '글루코사민, 관절건강',
        '과다섭취 시 부작용이 있을 수 있습니다.', '본 제품은 질병의 예방 및 치료를 위한 의약품이 아닙니다.',
        '2025-11-29 00:00:00', 30, 6, 1890, 4.1, 280, 29780);
INSERT INTO product_img (product_id, image_url, alt_text, sort_idx, is_primary)
VALUES ((SELECT id FROM product WHERE code = 'P56896443315' LIMIT 1),
        'https://shopping-phinf.pstatic.net/main_5689644/56896443315.1.jpg', '대표 이미지', 0, 1),
       ((SELECT id FROM product WHERE code = 'P56896443315' LIMIT 1),
        'https://shopping-phinf.pstatic.net/main_5689644/56896443315.2.jpg', '상품 상세', 1, 0),
       ((SELECT id FROM product WHERE code = 'P56896443315' LIMIT 1),
        'https://shopping-phinf.pstatic.net/main_5689644/56896443315.3.jpg', '성분 정보', 2, 0);
INSERT INTO product_variant (product_id, variant_name, list_price, sale_price, volume, upc_code, pill_size,
                             nutrition_facts, max_qty_per_order, restock_eta)
VALUES ((SELECT id FROM product WHERE code = 'P56896443315' LIMIT 1), '3병', 29780, 27780, 3, '600000000669',
        '10x10x5mm', '11번가 한미', 6, NULL),
       ((SELECT id FROM product WHERE code = 'P56896443315' LIMIT 1), '1병', 11780, 9780, 1, '600000000670', '10x10x5mm',
        '11번가 한미', 6, NULL);
INSERT IGNORE INTO stock (product_variant_id, amount, updated_at, restocked_at)
VALUES ((SELECT id
         FROM product_variant
         WHERE variant_name = '3병'
           AND product_id = (SELECT id FROM product WHERE code = 'P56896443315' LIMIT 1)
         LIMIT 1),
        35, '2025-09-29 12:00:00', '2025-08-20 12:00:00'),
       ((SELECT id
         FROM product_variant
         WHERE variant_name = '1병'
           AND product_id = (SELECT id FROM product WHERE code = 'P56896443315' LIMIT 1)
         LIMIT 1),
        22, '2025-09-29 12:00:00', '2025-08-20 12:00:00');
INSERT INTO product_category (product_id, category_id)
VALUES ((SELECT id FROM product WHERE code = 'P56896443315' LIMIT 1),
        (SELECT id FROM category WHERE name = '클루코사민' LIMIT 1));
INSERT IGNORE INTO product_rank (product_id, recent_sales, updated_at)
VALUES ((SELECT id FROM product WHERE code = 'P56896443315' LIMIT 1), 1890, '2025-09-29 12:00:00');


INSERT INTO product (brand_id, name, code, description, instruction, ingredients, cautions, disclaimer,
                     sale_start_date, expiration_date, max_qty_per_order, sales, avg_rating, review_count, min_price)
VALUES ((SELECT id FROM brand WHERE name = 'G마켓'),
        '내츄럴플러스 관절연골 글루코사민 비타민D 120정 X 2개 클루코사민 상어연골 무릅',
        'P56661491583', '내츄럴플러스 관절연골 글루코사민 비타민D 120정 X 2개 클루코사민 상어연골 무릅',
        '하루 1-2정을 식후에 섭취하세요.', '글루코사민, 비타민D',
        '과다섭취 시 부작용이 있을 수 있습니다.', '본 제품은 질병의 예방 및 치료를 위한 의약품이 아닙니다.',
        '2025-11-30 00:00:00', 30, 6, 1890, 4.3, 280, 46070);
INSERT INTO product_img (product_id, image_url, alt_text, sort_idx, is_primary)
VALUES ((SELECT id FROM product WHERE code = 'P56661491583' LIMIT 1),
        'https://shopping-phinf.pstatic.net/main_5666149/56661491583.1.jpg', '대표 이미지', 0, 1),
       ((SELECT id FROM product WHERE code = 'P56661491583' LIMIT 1),
        'https://shopping-phinf.pstatic.net/main_5666149/56661491583.2.jpg', '상품 상세', 1, 0),
       ((SELECT id FROM product WHERE code = 'P56661491583' LIMIT 1),
        'https://shopping-phinf.pstatic.net/main_5666149/56661491583.3.jpg', '성분 정보', 2, 0);
INSERT INTO product_variant (product_id, variant_name, list_price, sale_price, volume, upc_code, pill_size,
                             nutrition_facts, max_qty_per_order, restock_eta)
VALUES ((SELECT id FROM product WHERE code = 'P56661491583' LIMIT 1), '2개', 46070, 44070, 2, '600000000671',
        '10x10x5mm', '내츄럴플러스 관절연골', 6, NULL),
       ((SELECT id FROM product WHERE code = 'P56661491583' LIMIT 1), '1개', 26070, 24070, 1, '600000000672',
        '10x10x5mm', '내츄럴플러스 관절연골', 6, NULL);
INSERT IGNORE INTO stock (product_variant_id, amount, updated_at, restocked_at)
VALUES ((SELECT id
         FROM product_variant
         WHERE variant_name = '2개'
           AND product_id = (SELECT id FROM product WHERE code = 'P56661491583' LIMIT 1)
         LIMIT 1),
        25, '2025-09-29 12:00:00', '2025-08-20 12:00:00'),
       ((SELECT id
         FROM product_variant
         WHERE variant_name = '1개'
           AND product_id = (SELECT id FROM product WHERE code = 'P56661491583' LIMIT 1)
         LIMIT 1),
        16, '2025-09-29 12:00:00', '2025-08-20 12:00:00');
INSERT INTO product_category (product_id, category_id)
VALUES ((SELECT id FROM product WHERE code = 'P56661491583' LIMIT 1),
        (SELECT id FROM category WHERE name = '클루코사민' LIMIT 1));
INSERT IGNORE INTO product_rank (product_id, recent_sales, updated_at)
VALUES ((SELECT id FROM product WHERE code = 'P56661491583' LIMIT 1), 1890, '2025-09-29 12:00:00');


INSERT INTO product (brand_id, name, code, description, instruction, ingredients, cautions, disclaimer,
                     sale_start_date, expiration_date, max_qty_per_order, sales, avg_rating, review_count, min_price)
VALUES ((SELECT id FROM brand WHERE name = '킵유어핏'),
        '저분자 상어연골 콘드로이친 1200 맥스 mbp 콘드로이친 콘드로이틴 콘트로이친 1200',
        'P86015761699', '저분자 상어연골 콘드로이친 1200 맥스 mbp 콘드로이친 콘드로이틴 콘트로이친 1200',
        '하루 1-2정을 식후에 섭취하세요.', '콘드로이친, 상어연골',
        '과다섭취 시 부작용이 있을 수 있습니다.', '본 제품은 질병의 예방 및 치료를 위한 의약품이 아닙니다.',
        '2025-12-01 00:00:00', 30, 6, 1890, 4.2, 280, 21900);
INSERT INTO product_img (product_id, image_url, alt_text, sort_idx, is_primary)
VALUES ((SELECT id FROM product WHERE code = 'P86015761699' LIMIT 1),
        'https://shopping-phinf.pstatic.net/main_8601576/86015761699.1.jpg', '대표 이미지', 0, 1),
       ((SELECT id FROM product WHERE code = 'P86015761699' LIMIT 1),
        'https://shopping-phinf.pstatic.net/main_8601576/86015761699.2.jpg', '상품 상세', 1, 0),
       ((SELECT id FROM product WHERE code = 'P86015761699' LIMIT 1),
        'https://shopping-phinf.pstatic.net/main_8601576/86015761699.3.jpg', '성분 정보', 2, 0);
INSERT INTO product_variant (product_id, variant_name, list_price, sale_price, volume, upc_code, pill_size,
                             nutrition_facts, max_qty_per_order, restock_eta)
VALUES ((SELECT id FROM product WHERE code = 'P86015761699' LIMIT 1), '60정', 21900, 19900, 60, '600000000673',
        '10x10x5mm', '킵유어핏 콘드로이친', 6, NULL),
       ((SELECT id FROM product WHERE code = 'P86015761699' LIMIT 1), '30정', 12900, 10900, 30, '600000000674',
        '10x10x5mm', '킵유어핏 콘드로이친', 6, NULL);
INSERT IGNORE INTO stock (product_variant_id, amount, updated_at, restocked_at)
VALUES ((SELECT id
         FROM product_variant
         WHERE variant_name = '60정'
           AND product_id = (SELECT id FROM product WHERE code = 'P86015761699' LIMIT 1)
         LIMIT 1),
        48, '2025-09-29 12:00:00', '2025-08-20 12:00:00'),
       ((SELECT id
         FROM product_variant
         WHERE variant_name = '30정'
           AND product_id = (SELECT id FROM product WHERE code = 'P86015761699' LIMIT 1)
         LIMIT 1),
        30, '2025-09-29 12:00:00', '2025-08-20 12:00:00');
INSERT INTO product_category (product_id, category_id)
VALUES ((SELECT id FROM product WHERE code = 'P86015761699' LIMIT 1),
        (SELECT id FROM category WHERE name = '콘드로이틴' LIMIT 1));
INSERT IGNORE INTO product_rank (product_id, recent_sales, updated_at)
VALUES ((SELECT id FROM product WHERE code = 'P86015761699' LIMIT 1), 1890, '2025-09-29 12:00:00');


INSERT INTO product (brand_id, name, code, description, instruction, ingredients, cautions, disclaimer,
                     sale_start_date, expiration_date, max_qty_per_order, sales, avg_rating, review_count, min_price)
VALUES ((SELECT id FROM brand WHERE name = '메디라움코리아'),
        '맥스콘드로이틴1200 콘드로이친MBP 콘트로이친 소상어 콘드로이친 상어연골소연골 트리플업',
        'P88893573060', '맥스콘드로이틴1200 콘드로이친MBP 콘트로이친 소상어 콘드로이친 상어연골소연골 트리플업',
        '하루 1-2정을 식후에 섭취하세요.', '콘드로이친, 상어연골',
        '과다섭취 시 부작용이 있을 수 있습니다.', '본 제품은 질병의 예방 및 치료를 위한 의약품이 아닙니다.',
        '2025-12-02 00:00:00', 30, 6, 1890, 4.1, 280, 35700);
INSERT INTO product_img (product_id, image_url, alt_text, sort_idx, is_primary)
VALUES ((SELECT id FROM product WHERE code = 'P88893573060' LIMIT 1),
        'https://shopping-phinf.pstatic.net/main_8889357/88893573060.1.jpg', '대표 이미지', 0, 1),
       ((SELECT id FROM product WHERE code = 'P88893573060' LIMIT 1),
        'https://shopping-phinf.pstatic.net/main_8889357/88893573060.2.jpg', '상품 상세', 1, 0),
       ((SELECT id FROM product WHERE code = 'P88893573060' LIMIT 1),
        'https://shopping-phinf.pstatic.net/main_8889357/88893573060.3.jpg', '성분 정보', 2, 0);
INSERT INTO product_variant (product_id, variant_name, list_price, sale_price, volume, upc_code, pill_size,
                             nutrition_facts, max_qty_per_order, restock_eta)
VALUES ((SELECT id FROM product WHERE code = 'P88893573060' LIMIT 1), '60정', 35700, 33700, 60, '600000000675',
        '10x10x5mm', '메디라움 맥스콘드로이틴', 6, NULL),
       ((SELECT id FROM product WHERE code = 'P88893573060' LIMIT 1), '30정', 20700, 18700, 30, '600000000676',
        '10x10x5mm', '메디라움 맥스콘드로이틴', 6, NULL);
INSERT IGNORE INTO stock (product_variant_id, amount, updated_at, restocked_at)
VALUES ((SELECT id
         FROM product_variant
         WHERE variant_name = '60정'
           AND product_id = (SELECT id FROM product WHERE code = 'P88893573060' LIMIT 1)
         LIMIT 1),
        32, '2025-09-29 12:00:00', '2025-08-20 12:00:00'),
       ((SELECT id
         FROM product_variant
         WHERE variant_name = '30정'
           AND product_id = (SELECT id FROM product WHERE code = 'P88893573060' LIMIT 1)
         LIMIT 1),
        20, '2025-09-29 12:00:00', '2025-08-20 12:00:00');
INSERT INTO product_category (product_id, category_id)
VALUES ((SELECT id FROM product WHERE code = 'P88893573060' LIMIT 1),
        (SELECT id FROM category WHERE name = '콘드로이틴' LIMIT 1));
INSERT IGNORE INTO product_rank (product_id, recent_sales, updated_at)
VALUES ((SELECT id FROM product WHERE code = 'P88893573060' LIMIT 1), 1890, '2025-09-29 12:00:00');


INSERT IGNORE INTO brand (name)
VALUES ('건강톡톡');
INSERT IGNORE INTO brand (name)
VALUES ('주영엔에스');
INSERT IGNORE INTO brand (name)
VALUES ('현 가든');
INSERT IGNORE INTO brand (name)
VALUES ('셀스');
INSERT IGNORE INTO brand (name)
VALUES ('잇리빙 헬스케어');
INSERT IGNORE INTO brand (name)
VALUES ('챙길케어');
INSERT IGNORE INTO brand (name)
VALUES ('유키메리');
INSERT IGNORE INTO brand (name)
VALUES ('LifeFit');
INSERT IGNORE INTO brand (name)
VALUES ('민쓰네 가게');
INSERT IGNORE INTO brand (name)
VALUES ('프롬바이오');

INSERT INTO product (brand_id, name, code, description, instruction, ingredients, cautions, disclaimer,
                     sale_start_date, expiration_date, max_qty_per_order, sales, avg_rating, review_count, min_price)
VALUES ((SELECT id FROM brand WHERE name = '종근당'),
        '종근당 콘도로이친1200 콘드리친 콘드레이친 1200 콘드로친 콘드로이틴 3개월분',
        'P88011262120', '종근당 콘도로이친1200 콘드리친 콘드레이친 1200 콘드로친 콘드로이틴 3개월분',
        '하루 1-2정을 식후에 섭취하세요.', '콘드로이친, 콘드로이틴',
        '과다섭취 시 부작용이 있을 수 있습니다.', '본 제품은 질병의 예방 및 치료를 위한 의약품이 아닙니다.',
        '2025-12-03 00:00:00', 30, 6, 1890, 4.3, 280, 63800);
INSERT INTO product_img (product_id, image_url, alt_text, sort_idx, is_primary)
VALUES ((SELECT id FROM product WHERE code = 'P88011262120' LIMIT 1),
        'https://shopping-phinf.pstatic.net/main_8801126/88011262120.1.jpg', '대표 이미지', 0, 1),
       ((SELECT id FROM product WHERE code = 'P88011262120' LIMIT 1),
        'https://shopping-phinf.pstatic.net/main_8801126/88011262120.2.jpg', '상품 상세', 1, 0),
       ((SELECT id FROM product WHERE code = 'P88011262120' LIMIT 1),
        'https://shopping-phinf.pstatic.net/main_8801126/88011262120.3.jpg', '성분 정보', 2, 0);
INSERT INTO product_variant (product_id, variant_name, list_price, sale_price, volume, upc_code, pill_size,
                             nutrition_facts, max_qty_per_order, restock_eta)
VALUES ((SELECT id FROM product WHERE code = 'P88011262120' LIMIT 1), '3개월분', 63800, 61800, 90, '600000000677',
        '10x10x5mm', '종근당 콘드로이친', 6, NULL),
       ((SELECT id FROM product WHERE code = 'P88011262120' LIMIT 1), '1개월분', 23800, 21800, 30, '600000000678',
        '10x10x5mm', '종근당 콘드로이친', 6, NULL);
INSERT IGNORE INTO stock (product_variant_id, amount, updated_at, restocked_at)
VALUES ((SELECT id
         FROM product_variant
         WHERE variant_name = '3개월분'
           AND product_id = (SELECT id FROM product WHERE code = 'P88011262120' LIMIT 1)
         LIMIT 1),
        20, '2025-09-29 12:00:00', '2025-08-20 12:00:00'),
       ((SELECT id
         FROM product_variant
         WHERE variant_name = '1개월분'
           AND product_id = (SELECT id FROM product WHERE code = 'P88011262120' LIMIT 1)
         LIMIT 1),
        13, '2025-09-29 12:00:00', '2025-08-20 12:00:00');
INSERT INTO product_category (product_id, category_id)
VALUES ((SELECT id FROM product WHERE code = 'P88011262120' LIMIT 1),
        (SELECT id FROM category WHERE name = '콘드로이틴' LIMIT 1));
INSERT IGNORE INTO product_rank (product_id, recent_sales, updated_at)
VALUES ((SELECT id FROM product WHERE code = 'P88011262120' LIMIT 1), 1890, '2025-09-29 12:00:00');


INSERT INTO product (brand_id, name, code, description, instruction, ingredients, cautions, disclaimer,
                     sale_start_date, expiration_date, max_qty_per_order, sales, avg_rating, review_count, min_price)
VALUES ((SELECT id FROM brand WHERE name = '주영엔에스'),
        '지성 콘드로이친 1200 소연골 콘도로이친 주영엔에스 관절엔 2개월 홈쇼핑 콘드로이틴',
        'P86049397037', '지성 콘드로이친 1200 소연골 콘도로이친 주영엔에스 관절엔 2개월 홈쇼핑 콘드로이틴',
        '하루 1-2정을 식후에 섭취하세요.', '콘드로이친, 소연골',
        '과다섭취 시 부작용이 있을 수 있습니다.', '본 제품은 질병의 예방 및 치료를 위한 의약품이 아닙니다.',
        '2025-12-04 00:00:00', 30, 6, 1890, 4.4, 280, 116500);
INSERT INTO product_img (product_id, image_url, alt_text, sort_idx, is_primary)
VALUES ((SELECT id FROM product WHERE code = 'P86049397037' LIMIT 1),
        'https://shopping-phinf.pstatic.net/main_8604939/86049397037.1.jpg', '대표 이미지', 0, 1),
       ((SELECT id FROM product WHERE code = 'P86049397037' LIMIT 1),
        'https://shopping-phinf.pstatic.net/main_8604939/86049397037.2.jpg', '상품 상세', 1, 0),
       ((SELECT id FROM product WHERE code = 'P86049397037' LIMIT 1),
        'https://shopping-phinf.pstatic.net/main_8604939/86049397037.3.jpg', '성분 정보', 2, 0);
INSERT INTO product_variant (product_id, variant_name, list_price, sale_price, volume, upc_code, pill_size,
                             nutrition_facts, max_qty_per_order, restock_eta)
VALUES ((SELECT id FROM product WHERE code = 'P86049397037' LIMIT 1), '2개월분', 116500, 114500, 60, '600000000679',
        '10x10x5mm', '주영엔에스 지성', 6, NULL),
       ((SELECT id FROM product WHERE code = 'P86049397037' LIMIT 1), '1개월분', 66500, 64500, 30, '600000000680',
        '10x10x5mm', '주영엔에스 지성', 6, NULL);
INSERT IGNORE INTO stock (product_variant_id, amount, updated_at, restocked_at)
VALUES ((SELECT id
         FROM product_variant
         WHERE variant_name = '2개월분'
           AND product_id = (SELECT id FROM product WHERE code = 'P86049397037' LIMIT 1)
         LIMIT 1),
        8, '2025-09-29 12:00:00', '2025-08-20 12:00:00'),
       ((SELECT id
         FROM product_variant
         WHERE variant_name = '1개월분'
           AND product_id = (SELECT id FROM product WHERE code = 'P86049397037' LIMIT 1)
         LIMIT 1),
        5, '2025-09-29 12:00:00', '2025-08-20 12:00:00');
INSERT INTO product_category (product_id, category_id)
VALUES ((SELECT id FROM product WHERE code = 'P86049397037' LIMIT 1),
        (SELECT id FROM category WHERE name = '콘드로이틴' LIMIT 1));
INSERT IGNORE INTO product_rank (product_id, recent_sales, updated_at)
VALUES ((SELECT id FROM product WHERE code = 'P86049397037' LIMIT 1), 1890, '2025-09-29 12:00:00');


INSERT INTO product (brand_id, name, code, description, instruction, ingredients, cautions, disclaimer,
                     sale_start_date, expiration_date, max_qty_per_order, sales, avg_rating, review_count, min_price)
VALUES ((SELECT id FROM brand WHERE name = '셀스'),
        '콘드로이친 맥스 콘드로이틴 1200 콘트로이친 콘도로이친 효능 3개월분',
        'P89083644618', '콘드로이친 맥스 콘드로이틴 1200 콘트로이친 콘도로이친 효능 3개월분',
        '하루 1-2정을 식후에 섭취하세요.', '콘드로이친, 콘드로이틴',
        '과다섭취 시 부작용이 있을 수 있습니다.', '본 제품은 질병의 예방 및 치료를 위한 의약품이 아닙니다.',
        '2025-12-05 00:00:00', 30, 6, 1890, 4.1, 280, 34800);
INSERT INTO product_img (product_id, image_url, alt_text, sort_idx, is_primary)
VALUES ((SELECT id FROM product WHERE code = 'P89083644618' LIMIT 1),
        'https://shopping-phinf.pstatic.net/main_8908364/89083644618.1.jpg', '대표 이미지', 0, 1),
       ((SELECT id FROM product WHERE code = 'P89083644618' LIMIT 1),
        'https://shopping-phinf.pstatic.net/main_8908364/89083644618.2.jpg', '상품 상세', 1, 0),
       ((SELECT id FROM product WHERE code = 'P89083644618' LIMIT 1),
        'https://shopping-phinf.pstatic.net/main_8908364/89083644618.3.jpg', '성분 정보', 2, 0);
INSERT INTO product_variant (product_id, variant_name, list_price, sale_price, volume, upc_code, pill_size,
                             nutrition_facts, max_qty_per_order, restock_eta)
VALUES ((SELECT id FROM product WHERE code = 'P89083644618' LIMIT 1), '3개월분', 34800, 32800, 90, '600000000681',
        '10x10x5mm', '셀스 콘드로이친', 6, NULL),
       ((SELECT id FROM product WHERE code = 'P89083644618' LIMIT 1), '1개월분', 14800, 12800, 30, '600000000682',
        '10x10x5mm', '셀스 콘드로이친', 6, NULL);
INSERT IGNORE INTO stock (product_variant_id, amount, updated_at, restocked_at)
VALUES ((SELECT id
         FROM product_variant
         WHERE variant_name = '3개월분'
           AND product_id = (SELECT id FROM product WHERE code = 'P89083644618' LIMIT 1)
         LIMIT 1),
        35, '2025-09-29 12:00:00', '2025-08-20 12:00:00'),
       ((SELECT id
         FROM product_variant
         WHERE variant_name = '1개월분'
           AND product_id = (SELECT id FROM product WHERE code = 'P89083644618' LIMIT 1)
         LIMIT 1),
        22, '2025-09-29 12:00:00', '2025-08-20 12:00:00');
INSERT INTO product_category (product_id, category_id)
VALUES ((SELECT id FROM product WHERE code = 'P89083644618' LIMIT 1),
        (SELECT id FROM category WHERE name = '콘드로이틴' LIMIT 1));
INSERT IGNORE INTO product_rank (product_id, recent_sales, updated_at)
VALUES ((SELECT id FROM product WHERE code = 'P89083644618' LIMIT 1), 1890, '2025-09-29 12:00:00');


INSERT INTO product (brand_id, name, code, description, instruction, ingredients, cautions, disclaimer,
                     sale_start_date, expiration_date, max_qty_per_order, sales, avg_rating, review_count, min_price)
VALUES ((SELECT id FROM brand WHERE name = '챙길케어'),
        '소연골 맥스 콘드로이틴 1200 관절엔 콘드로이친 뮤코다당단백 1200 56정, 3개',
        'P88229973718', '소연골 맥스 콘드로이틴 1200 관절엔 콘드로이친 뮤코다당단백 1200 56정, 3개',
        '하루 1-2정을 식후에 섭취하세요.', '콘드로이틴, 뮤코다당단백',
        '과다섭취 시 부작용이 있을 수 있습니다.', '본 제품은 질병의 예방 및 치료를 위한 의약품이 아닙니다.',
        '2025-12-06 00:00:00', 30, 6, 1890, 4.2, 280, 40900);
INSERT INTO product_img (product_id, image_url, alt_text, sort_idx, is_primary)
VALUES ((SELECT id FROM product WHERE code = 'P88229973718' LIMIT 1),
        'https://shopping-phinf.pstatic.net/main_8822997/88229973718.1.jpg', '대표 이미지', 0, 1),
       ((SELECT id FROM product WHERE code = 'P88229973718' LIMIT 1),
        'https://shopping-phinf.pstatic.net/main_8822997/88229973718.2.jpg', '상품 상세', 1, 0),
       ((SELECT id FROM product WHERE code = 'P88229973718' LIMIT 1),
        'https://shopping-phinf.pstatic.net/main_8822997/88229973718.3.jpg', '성분 정보', 2, 0);
INSERT INTO product_variant (product_id, variant_name, list_price, sale_price, volume, upc_code, pill_size,
                             nutrition_facts, max_qty_per_order, restock_eta)
VALUES ((SELECT id FROM product WHERE code = 'P88229973718' LIMIT 1), '3개', 40900, 38900, 3, '600000000683',
        '10x10x5mm', '챙길케어 소연골', 6, NULL),
       ((SELECT id FROM product WHERE code = 'P88229973718' LIMIT 1), '1개', 15900, 13900, 1, '600000000684',
        '10x10x5mm', '챙길케어 소연골', 6, NULL);
INSERT IGNORE INTO stock (product_variant_id, amount, updated_at, restocked_at)
VALUES ((SELECT id
         FROM product_variant
         WHERE variant_name = '3개'
           AND product_id = (SELECT id FROM product WHERE code = 'P88229973718' LIMIT 1)
         LIMIT 1),
        25, '2025-09-29 12:00:00', '2025-08-20 12:00:00'),
       ((SELECT id
         FROM product_variant
         WHERE variant_name = '1개'
           AND product_id = (SELECT id FROM product WHERE code = 'P88229973718' LIMIT 1)
         LIMIT 1),
        16, '2025-09-29 12:00:00', '2025-08-20 12:00:00');
INSERT INTO product_category (product_id, category_id)
VALUES ((SELECT id FROM product WHERE code = 'P88229973718' LIMIT 1),
        (SELECT id FROM category WHERE name = '콘드로이틴' LIMIT 1));
INSERT IGNORE INTO product_rank (product_id, recent_sales, updated_at)
VALUES ((SELECT id FROM product WHERE code = 'P88229973718' LIMIT 1), 1890, '2025-09-29 12:00:00');


INSERT INTO product (brand_id, name, code, description, instruction, ingredients, cautions, disclaimer,
                     sale_start_date, expiration_date, max_qty_per_order, sales, avg_rating, review_count, min_price)
VALUES ((SELECT id FROM brand WHERE name = '유키메리'),
        '일본 콘드로이친 A zs 관절약 콘드로이틴 글루코사민 무릎 연골 영양제 270정, 1개',
        'P89044978926', '일본 콘드로이친 A zs 관절약 콘드로이틴 글루코사민 무릎 연골 영양제 270정, 1개',
        '하루 1-2정을 식후에 섭취하세요.', '콘드로이친, 글루코사민',
        '과다섭취 시 부작용이 있을 수 있습니다.', '본 제품은 질병의 예방 및 치료를 위한 의약품이 아닙니다.',
        '2025-12-07 00:00:00', 30, 6, 1890, 4.5, 280, 88000);
INSERT INTO product_img (product_id, image_url, alt_text, sort_idx, is_primary)
VALUES ((SELECT id FROM product WHERE code = 'P89044978926' LIMIT 1),
        'https://shopping-phinf.pstatic.net/main_8904497/89044978926.1.jpg', '대표 이미지', 0, 1),
       ((SELECT id FROM product WHERE code = 'P89044978926' LIMIT 1),
        'https://shopping-phinf.pstatic.net/main_8904497/89044978926.2.jpg', '상품 상세', 1, 0),
       ((SELECT id FROM product WHERE code = 'P89044978926' LIMIT 1),
        'https://shopping-phinf.pstatic.net/main_8904497/89044978926.3.jpg', '성분 정보', 2, 0);
INSERT INTO product_variant (product_id, variant_name, list_price, sale_price, volume, upc_code, pill_size,
                             nutrition_facts, max_qty_per_order, restock_eta)
VALUES ((SELECT id FROM product WHERE code = 'P89044978926' LIMIT 1), '270정', 88000, 86000, 270, '600000000685',
        '10x10x5mm', '유키메리 일본', 6, NULL),
       ((SELECT id FROM product WHERE code = 'P89044978926' LIMIT 1), '135정', 48000, 46000, 135, '600000000686',
        '10x10x5mm', '유키메리 일본', 6, NULL);
INSERT IGNORE INTO stock (product_variant_id, amount, updated_at, restocked_at)
VALUES ((SELECT id
         FROM product_variant
         WHERE variant_name = '270정'
           AND product_id = (SELECT id FROM product WHERE code = 'P89044978926' LIMIT 1)
         LIMIT 1),
        12, '2025-09-29 12:00:00', '2025-08-20 12:00:00'),
       ((SELECT id
         FROM product_variant
         WHERE variant_name = '135정'
           AND product_id = (SELECT id FROM product WHERE code = 'P89044978926' LIMIT 1)
         LIMIT 1),
        8, '2025-09-29 12:00:00', '2025-08-20 12:00:00');
INSERT INTO product_category (product_id, category_id)
VALUES ((SELECT id FROM product WHERE code = 'P89044978926' LIMIT 1),
        (SELECT id FROM category WHERE name = '콘드로이틴' LIMIT 1));
INSERT IGNORE INTO product_rank (product_id, recent_sales, updated_at)
VALUES ((SELECT id FROM product WHERE code = 'P89044978926' LIMIT 1), 1890, '2025-09-29 12:00:00');


INSERT INTO product (brand_id, name, code, description, instruction, ingredients, cautions, disclaimer,
                     sale_start_date, expiration_date, max_qty_per_order, sales, avg_rating, review_count, min_price)
VALUES ((SELECT id FROM brand WHERE name = '유키메리'),
        '일본 콘드로이친 콘드로이틴 EX 60일분 5정당 1560mg 300정, 2개',
        'P89071198438', '일본 콘드로이친 콘드로이틴 EX 60일분 5정당 1560mg 300정, 2개',
        '하루 1-2정을 식후에 섭취하세요.', '콘드로이친, 콘드로이틴',
        '과다섭취 시 부작용이 있을 수 있습니다.', '본 제품은 질병의 예방 및 치료를 위한 의약품이 아닙니다.',
        '2025-12-08 00:00:00', 30, 6, 1890, 4.3, 280, 162000);
INSERT INTO product_img (product_id, image_url, alt_text, sort_idx, is_primary)
VALUES ((SELECT id FROM product WHERE code = 'P89071198438' LIMIT 1),
        'https://shopping-phinf.pstatic.net/main_8907119/89071198438.1.jpg', '대표 이미지', 0, 1),
       ((SELECT id FROM product WHERE code = 'P89071198438' LIMIT 1),
        'https://shopping-phinf.pstatic.net/main_8907119/89071198438.2.jpg', '상품 상세', 1, 0),
       ((SELECT id FROM product WHERE code = 'P89071198438' LIMIT 1),
        'https://shopping-phinf.pstatic.net/main_8907119/89071198438.3.jpg', '성분 정보', 2, 0);
INSERT INTO product_variant (product_id, variant_name, list_price, sale_price, volume, upc_code, pill_size,
                             nutrition_facts, max_qty_per_order, restock_eta)
VALUES ((SELECT id FROM product WHERE code = 'P89071198438' LIMIT 1), '2개', 162000, 160000, 2, '600000000687',
        '10x10x5mm', '유키메리 EX', 6, NULL),
       ((SELECT id FROM product WHERE code = 'P89071198438' LIMIT 1), '1개', 82000, 80000, 1, '600000000688',
        '10x10x5mm', '유키메리 EX', 6, NULL);
INSERT IGNORE INTO stock (product_variant_id, amount, updated_at, restocked_at)
VALUES ((SELECT id
         FROM product_variant
         WHERE variant_name = '2개'
           AND product_id = (SELECT id FROM product WHERE code = 'P89071198438' LIMIT 1)
         LIMIT 1),
        5, '2025-09-29 12:00:00', '2025-08-20 12:00:00'),
       ((SELECT id
         FROM product_variant
         WHERE variant_name = '1개'
           AND product_id = (SELECT id FROM product WHERE code = 'P89071198438' LIMIT 1)
         LIMIT 1),
        3, '2025-09-29 12:00:00', '2025-08-20 12:00:00');
INSERT INTO product_category (product_id, category_id)
VALUES ((SELECT id FROM product WHERE code = 'P89071198438' LIMIT 1),
        (SELECT id FROM category WHERE name = '콘드로이틴' LIMIT 1));
INSERT IGNORE INTO product_rank (product_id, recent_sales, updated_at)
VALUES ((SELECT id FROM product WHERE code = 'P89071198438' LIMIT 1), 1890, '2025-09-29 12:00:00');


INSERT INTO product (brand_id, name, code, description, instruction, ingredients, cautions, disclaimer,
                     sale_start_date, expiration_date, max_qty_per_order, sales, avg_rating, review_count, min_price)
VALUES ((SELECT id FROM brand WHERE name = '종근당'),
        '종근당 소연골 콘드로이친1200 맥스 뮤코다당단백 콘드로이틴 조인트 900mg x 120정',
        'P89698994397', '종근당 소연골 콘드로이친1200 맥스 뮤코다당단백 콘드로이틴 조인트 900mg x 120정',
        '하루 1-2정을 식후에 섭취하세요.', '콘드로이친, 뮤코다당단백',
        '과다섭취 시 부작용이 있을 수 있습니다.', '본 제품은 질병의 예방 및 치료를 위한 의약품이 아닙니다.',
        '2025-12-09 00:00:00', 30, 6, 1890, 4.1, 280, 59900);
INSERT INTO product_img (product_id, image_url, alt_text, sort_idx, is_primary)
VALUES ((SELECT id FROM product WHERE code = 'P89698994397' LIMIT 1),
        'https://shopping-phinf.pstatic.net/main_8969899/89698994397.1.jpg', '대표 이미지', 0, 1),
       ((SELECT id FROM product WHERE code = 'P89698994397' LIMIT 1),
        'https://shopping-phinf.pstatic.net/main_8969899/89698994397.2.jpg', '상품 상세', 1, 0),
       ((SELECT id FROM product WHERE code = 'P89698994397' LIMIT 1),
        'https://shopping-phinf.pstatic.net/main_8969899/89698994397.3.jpg', '성분 정보', 2, 0);
INSERT INTO product_variant (product_id, variant_name, list_price, sale_price, volume, upc_code, pill_size,
                             nutrition_facts, max_qty_per_order, restock_eta)
VALUES ((SELECT id FROM product WHERE code = 'P89698994397' LIMIT 1), '120정', 59900, 57900, 120, '600000000689',
        '10x10x5mm', '종근당 소연골', 6, NULL),
       ((SELECT id FROM product WHERE code = 'P89698994397' LIMIT 1), '60정', 32900, 30900, 60, '600000000690',
        '10x10x5mm', '종근당 소연골', 6, NULL);
INSERT IGNORE INTO stock (product_variant_id, amount, updated_at, restocked_at)
VALUES ((SELECT id
         FROM product_variant
         WHERE variant_name = '120정'
           AND product_id = (SELECT id FROM product WHERE code = 'P89698994397' LIMIT 1)
         LIMIT 1),
        22, '2025-09-29 12:00:00', '2025-08-20 12:00:00'),
       ((SELECT id
         FROM product_variant
         WHERE variant_name = '60정'
           AND product_id = (SELECT id FROM product WHERE code = 'P89698994397' LIMIT 1)
         LIMIT 1),
        14, '2025-09-29 12:00:00', '2025-08-20 12:00:00');
INSERT INTO product_category (product_id, category_id)
VALUES ((SELECT id FROM product WHERE code = 'P89698994397' LIMIT 1),
        (SELECT id FROM category WHERE name = '콘드로이틴' LIMIT 1));
INSERT IGNORE INTO product_rank (product_id, recent_sales, updated_at)
VALUES ((SELECT id FROM product WHERE code = 'P89698994397' LIMIT 1), 1890, '2025-09-29 12:00:00');


INSERT INTO product (brand_id, name, code, description, instruction, ingredients, cautions, disclaimer,
                     sale_start_date, expiration_date, max_qty_per_order, sales, avg_rating, review_count, min_price)
VALUES ((SELECT id FROM brand WHERE name = '종근당'),
        '종근당 소연골 콘드로이친1200 맥스 콘드로이틴 콘드리친 뮤코다당단백 부스터 약1달',
        'P87632275292', '종근당 소연골 콘드로이친1200 맥스 콘드로이틴 콘드리친 뮤코다당단백 부스터 약1달',
        '하루 1-2정을 식후에 섭취하세요.', '콘드로이친, 뮤코다당단백',
        '과다섭취 시 부작용이 있을 수 있습니다.', '본 제품은 질병의 예방 및 치료를 위한 의약품이 아닙니다.',
        '2025-12-10 00:00:00', 30, 6, 1890, 4.0, 280, 28800);
INSERT INTO product_img (product_id, image_url, alt_text, sort_idx, is_primary)
VALUES ((SELECT id FROM product WHERE code = 'P87632275292' LIMIT 1),
        'https://shopping-phinf.pstatic.net/main_8763227/87632275292.1.jpg', '대표 이미지', 0, 1),
       ((SELECT id FROM product WHERE code = 'P87632275292' LIMIT 1),
        'https://shopping-phinf.pstatic.net/main_8763227/87632275292.2.jpg', '상품 상세', 1, 0),
       ((SELECT id FROM product WHERE code = 'P87632275292' LIMIT 1),
        'https://shopping-phinf.pstatic.net/main_8763227/87632275292.3.jpg', '성분 정보', 2, 0);
INSERT INTO product_variant (product_id, variant_name, list_price, sale_price, volume, upc_code, pill_size,
                             nutrition_facts, max_qty_per_order, restock_eta)
VALUES ((SELECT id FROM product WHERE code = 'P87632275292' LIMIT 1), '1달분', 28800, 26800, 30, '600000000691',
        '10x10x5mm', '종근당 부스터', 6, NULL),
       ((SELECT id FROM product WHERE code = 'P87632275292' LIMIT 1), '15일분', 16800, 14800, 15, '600000000692',
        '10x10x5mm', '종근당 부스터', 6, NULL);
INSERT IGNORE INTO stock (product_variant_id, amount, updated_at, restocked_at)
VALUES ((SELECT id
         FROM product_variant
         WHERE variant_name = '1달분'
           AND product_id = (SELECT id FROM product WHERE code = 'P87632275292' LIMIT 1)
         LIMIT 1),
        45, '2025-09-29 12:00:00', '2025-08-20 12:00:00'),
       ((SELECT id
         FROM product_variant
         WHERE variant_name = '15일분'
           AND product_id = (SELECT id FROM product WHERE code = 'P87632275292' LIMIT 1)
         LIMIT 1),
        28, '2025-09-29 12:00:00', '2025-08-20 12:00:00');
INSERT INTO product_category (product_id, category_id)
VALUES ((SELECT id FROM product WHERE code = 'P87632275292' LIMIT 1),
        (SELECT id FROM category WHERE name = '콘드로이틴' LIMIT 1));
INSERT IGNORE INTO product_rank (product_id, recent_sales, updated_at)
VALUES ((SELECT id FROM product WHERE code = 'P87632275292' LIMIT 1), 1890, '2025-09-29 12:00:00');


INSERT INTO product (brand_id, name, code, description, instruction, ingredients, cautions, disclaimer,
                     sale_start_date, expiration_date, max_qty_per_order, sales, avg_rating, review_count, min_price)
VALUES ((SELECT id FROM brand WHERE name = '옥션'),
        '맥스 콘드로이틴 1200 관절 소유래 소연골 콘드로이친 효능 콘트로이친 1200 약2개월분',
        'P54032780590', '맥스 콘드로이틴 1200 관절 소유래 소연골 콘드로이친 효능 콘트로이친 1200 약2개월분',
        '하루 1-2정을 식후에 섭취하세요.', '콘드로이틴, 소연골',
        '과다섭취 시 부작용이 있을 수 있습니다.', '본 제품은 질병의 예방 및 치료를 위한 의약품이 아닙니다.',
        '2025-12-11 00:00:00', 30, 6, 1890, 4.2, 280, 46900);
INSERT INTO product_img (product_id, image_url, alt_text, sort_idx, is_primary)
VALUES ((SELECT id FROM product WHERE code = 'P54032780590' LIMIT 1),
        'https://shopping-phinf.pstatic.net/main_5403278/54032780590.1.jpg', '대표 이미지', 0, 1),
       ((SELECT id FROM product WHERE code = 'P54032780590' LIMIT 1),
        'https://shopping-phinf.pstatic.net/main_5403278/54032780590.2.jpg', '상품 상세', 1, 0),
       ((SELECT id FROM product WHERE code = 'P54032780590' LIMIT 1),
        'https://shopping-phinf.pstatic.net/main_5403278/54032780590.3.jpg', '성분 정보', 2, 0);
INSERT INTO product_variant (product_id, variant_name, list_price, sale_price, volume, upc_code, pill_size,
                             nutrition_facts, max_qty_per_order, restock_eta)
VALUES ((SELECT id FROM product WHERE code = 'P54032780590' LIMIT 1), '2개월분', 46900, 44900, 60, '600000000693',
        '10x10x5mm', '옥션 맥스콘드로이틴', 6, NULL),
       ((SELECT id FROM product WHERE code = 'P54032780590' LIMIT 1), '1개월분', 26900, 24900, 30, '600000000694',
        '10x10x5mm', '옥션 맥스콘드로이틴', 6, NULL);
INSERT IGNORE INTO stock (product_variant_id, amount, updated_at, restocked_at)
VALUES ((SELECT id
         FROM product_variant
         WHERE variant_name = '2개월분'
           AND product_id = (SELECT id FROM product WHERE code = 'P54032780590' LIMIT 1)
         LIMIT 1),
        28, '2025-09-29 12:00:00', '2025-08-20 12:00:00'),
       ((SELECT id
         FROM product_variant
         WHERE variant_name = '1개월분'
           AND product_id = (SELECT id FROM product WHERE code = 'P54032780590' LIMIT 1)
         LIMIT 1),
        18, '2025-09-29 12:00:00', '2025-08-20 12:00:00');
INSERT INTO product_category (product_id, category_id)
VALUES ((SELECT id FROM product WHERE code = 'P54032780590' LIMIT 1),
        (SELECT id FROM category WHERE name = '콘드로이틴' LIMIT 1));
INSERT IGNORE INTO product_rank (product_id, recent_sales, updated_at)
VALUES ((SELECT id FROM product WHERE code = 'P54032780590' LIMIT 1), 1890, '2025-09-29 12:00:00');


INSERT INTO product (brand_id, name, code, description, instruction, ingredients, cautions, disclaimer,
                     sale_start_date, expiration_date, max_qty_per_order, sales, avg_rating, review_count, min_price)
VALUES ((SELECT id FROM brand WHERE name = '현 가든'),
        '지성콘드로이친 1200 6개월 주영엔에스 소연골 콘드로이친 관절엔 6박스 콘드로이틴',
        'P88444872554', '지성콘드로이친 1200 6개월 주영엔에스 소연골 콘드로이친 관절엔 6박스 콘드로이틴',
        '하루 1-2정을 식후에 섭취하세요.', '콘드로이친, 소연골',
        '과다섭취 시 부작용이 있을 수 있습니다.', '본 제품은 질병의 예방 및 치료를 위한 의약품이 아닙니다.',
        '2025-12-12 00:00:00', 30, 6, 1890, 4.5, 280, 345600);
INSERT INTO product_img (product_id, image_url, alt_text, sort_idx, is_primary)
VALUES ((SELECT id FROM product WHERE code = 'P88444872554' LIMIT 1),
        'https://shopping-phinf.pstatic.net/main_8844487/88444872554.1.jpg', '대표 이미지', 0, 1),
       ((SELECT id FROM product WHERE code = 'P88444872554' LIMIT 1),
        'https://shopping-phinf.pstatic.net/main_8844487/88444872554.2.jpg', '상품 상세', 1, 0),
       ((SELECT id FROM product WHERE code = 'P88444872554' LIMIT 1),
        'https://shopping-phinf.pstatic.net/main_8844487/88444872554.3.jpg', '성분 정보', 2, 0);
INSERT INTO product_variant (product_id, variant_name, list_price, sale_price, volume, upc_code, pill_size,
                             nutrition_facts, max_qty_per_order, restock_eta)
VALUES ((SELECT id FROM product WHERE code = 'P88444872554' LIMIT 1), '6박스', 345600, 343600, 6, '600000000695',
        '10x10x5mm', '현가든 지성', 6, NULL),
       ((SELECT id FROM product WHERE code = 'P88444872554' LIMIT 1), '3박스', 175600, 173600, 3, '600000000696',
        '10x10x5mm', '현가든 지성', 6, NULL);
INSERT IGNORE INTO stock (product_variant_id, amount, updated_at, restocked_at)
VALUES ((SELECT id
         FROM product_variant
         WHERE variant_name = '6박스'
           AND product_id = (SELECT id FROM product WHERE code = 'P88444872554' LIMIT 1)
         LIMIT 1),
        3, '2025-09-29 12:00:00', '2025-08-20 12:00:00'),
       ((SELECT id
         FROM product_variant
         WHERE variant_name = '3박스'
           AND product_id = (SELECT id FROM product WHERE code = 'P88444872554' LIMIT 1)
         LIMIT 1),
        2, '2025-09-29 12:00:00', '2025-08-20 12:00:00');
INSERT INTO product_category (product_id, category_id)
VALUES ((SELECT id FROM product WHERE code = 'P88444872554' LIMIT 1),
        (SELECT id FROM category WHERE name = '콘드로이틴' LIMIT 1));
INSERT IGNORE INTO product_rank (product_id, recent_sales, updated_at)
VALUES ((SELECT id FROM product WHERE code = 'P88444872554' LIMIT 1), 1890, '2025-09-29 12:00:00');


INSERT INTO product (brand_id, name, code, description, instruction, ingredients, cautions, disclaimer,
                     sale_start_date, expiration_date, max_qty_per_order, sales, avg_rating, review_count, min_price)
VALUES ((SELECT id FROM brand WHERE name = '프롬바이오'),
        '프롬바이오 관절연골엔 보스웰리아 콘드로이친 뮤코다당단백 콘드로이틴 소연골 소유래 100정',
        'P88666476883', '프롬바이오 관절연골엔 보스웰리아 콘드로이친 뮤코다당단백 콘드로이틴 소연골 소유래 100정',
        '하루 1-2정을 식후에 섭취하세요.', '콘드로이친, 보스웰리아',
        '과다섭취 시 부작용이 있을 수 있습니다.', '본 제품은 질병의 예방 및 치료를 위한 의약품이 아닙니다.',
        '2025-12-13 00:00:00', 30, 6, 1890, 4.1, 280, 59000);
INSERT INTO product_img (product_id, image_url, alt_text, sort_idx, is_primary)
VALUES ((SELECT id FROM product WHERE code = 'P88666476883' LIMIT 1),
        'https://shopping-phinf.pstatic.net/main_8866647/88666476883.1.jpg', '대표 이미지', 0, 1),
       ((SELECT id FROM product WHERE code = 'P88666476883' LIMIT 1),
        'https://shopping-phinf.pstatic.net/main_8866647/88666476883.2.jpg', '상품 상세', 1, 0),
       ((SELECT id FROM product WHERE code = 'P88666476883' LIMIT 1),
        'https://shopping-phinf.pstatic.net/main_8866647/88666476883.3.jpg', '성분 정보', 2, 0);
INSERT INTO product_variant (product_id, variant_name, list_price, sale_price, volume, upc_code, pill_size,
                             nutrition_facts, max_qty_per_order, restock_eta)
VALUES ((SELECT id FROM product WHERE code = 'P88666476883' LIMIT 1), '100정', 59000, 57000, 100, '600000000697',
        '10x10x5mm', '프롬바이오 관절연골', 6, NULL),
       ((SELECT id FROM product WHERE code = 'P88666476883' LIMIT 1), '50정', 34000, 32000, 50, '600000000698',
        '10x10x5mm', '프롬바이오 관절연골', 6, NULL);
INSERT IGNORE INTO stock (product_variant_id, amount, updated_at, restocked_at)
VALUES ((SELECT id
         FROM product_variant
         WHERE variant_name = '100정'
           AND product_id = (SELECT id FROM product WHERE code = 'P88666476883' LIMIT 1)
         LIMIT 1),
        18, '2025-09-29 12:00:00', '2025-08-20 12:00:00'),
       ((SELECT id
         FROM product_variant
         WHERE variant_name = '50정'
           AND product_id = (SELECT id FROM product WHERE code = 'P88666476883' LIMIT 1)
         LIMIT 1),
        12, '2025-09-29 12:00:00', '2025-08-20 12:00:00');
INSERT INTO product_category (product_id, category_id)
VALUES ((SELECT id FROM product WHERE code = 'P88666476883' LIMIT 1),
        (SELECT id FROM category WHERE name = '콘드로이틴' LIMIT 1));
INSERT IGNORE INTO product_rank (product_id, recent_sales, updated_at)
VALUES ((SELECT id FROM product WHERE code = 'P88666476883' LIMIT 1), 1890, '2025-09-29 12:00:00');


INSERT IGNORE INTO brand (name)
VALUES ('건강톡톡');
INSERT IGNORE INTO brand (name)
VALUES ('주영엔에스');
INSERT IGNORE INTO brand (name)
VALUES ('현 가든');
INSERT IGNORE INTO brand (name)
VALUES ('셀스');
INSERT IGNORE INTO brand (name)
VALUES ('잇리빙 헬스케어');
INSERT IGNORE INTO brand (name)
VALUES ('챙길케어');
INSERT IGNORE INTO brand (name)
VALUES ('유키메리');
INSERT IGNORE INTO brand (name)
VALUES ('LifeFit');
INSERT IGNORE INTO brand (name)
VALUES ('민쓰네 가게');
INSERT IGNORE INTO brand (name)
VALUES ('프롬바이오');

INSERT INTO product (brand_id, name, code, description, instruction, ingredients, cautions, disclaimer,
                     sale_start_date, expiration_date, max_qty_per_order, sales, avg_rating, review_count, min_price)
VALUES ((SELECT id FROM brand WHERE name = '종근당'),
        '종근당 콘도로이친1200 콘드리친 콘드레이친 1200 콘드로친 콘드로이틴 3개월분',
        'P88011262120', '종근당 콘도로이친1200 콘드리친 콘드레이친 1200 콘드로친 콘드로이틴 3개월분',
        '하루 1-2정을 식후에 섭취하세요.', '콘드로이친, 콘드로이틴',
        '과다섭취 시 부작용이 있을 수 있습니다.', '본 제품은 질병의 예방 및 치료를 위한 의약품이 아닙니다.',
        '2025-11-15 00:00:00', 30, 6, 2340, 4.3, 420, 63800);
INSERT INTO product_img (product_id, image_url, alt_text, sort_idx, is_primary)
VALUES ((SELECT id FROM product WHERE code = 'P88011262120' LIMIT 1),
        'https://shopping-phinf.pstatic.net/main_8801126/88011262120.1.jpg', '대표 이미지', 0, 1),
       ((SELECT id FROM product WHERE code = 'P88011262120' LIMIT 1),
        'https://shopping-phinf.pstatic.net/main_8801126/88011262120.2.jpg', '상품 상세', 1, 0),
       ((SELECT id FROM product WHERE code = 'P88011262120' LIMIT 1),
        'https://shopping-phinf.pstatic.net/main_8801126/88011262120.3.jpg', '성분 정보', 2, 0);
INSERT INTO product_variant (product_id, variant_name, list_price, sale_price, volume, upc_code, pill_size,
                             nutrition_facts, max_qty_per_order, restock_eta)
VALUES ((SELECT id FROM product WHERE code = 'P88011262120' LIMIT 1), '3개월분', 63800, 61800, 90, '600000000677',
        '10x10x5mm', '종근당 콘드로이친', 6, NULL),
       ((SELECT id FROM product WHERE code = 'P88011262120' LIMIT 1), '1개월분', 23800, 21800, 30, '600000000678',
        '10x10x5mm', '종근당 콘드로이친', 6, NULL);
INSERT IGNORE INTO stock (product_variant_id, amount, updated_at, restocked_at)
VALUES ((SELECT id
         FROM product_variant
         WHERE variant_name = '3개월분'
           AND product_id = (SELECT id FROM product WHERE code = 'P88011262120' LIMIT 1)
         LIMIT 1),
        20, '2025-09-29 12:00:00', '2025-08-20 12:00:00'),
       ((SELECT id
         FROM product_variant
         WHERE variant_name = '1개월분'
           AND product_id = (SELECT id FROM product WHERE code = 'P88011262120' LIMIT 1)
         LIMIT 1),
        13, '2025-09-29 12:00:00', '2025-08-20 12:00:00');
INSERT INTO product_category (product_id, category_id)
VALUES ((SELECT id FROM product WHERE code = 'P88011262120' LIMIT 1),
        (SELECT id FROM category WHERE name = '콘드로이틴' LIMIT 1));
INSERT IGNORE INTO product_rank (product_id, recent_sales, updated_at)
VALUES ((SELECT id FROM product WHERE code = 'P88011262120' LIMIT 1), 2340, '2025-09-29 12:00:00');


INSERT INTO product (brand_id, name, code, description, instruction, ingredients, cautions, disclaimer,
                     sale_start_date, expiration_date, max_qty_per_order, sales, avg_rating, review_count, min_price)
VALUES ((SELECT id FROM brand WHERE name = '주영엔에스'),
        '지성 콘드로이친 1200 소연골 콘도로이친 주영엔에스 관절엔 2개월 홈쇼핑 콘드로이틴',
        'P86049397037', '지성 콘드로이친 1200 소연골 콘도로이친 주영엔에스 관절엔 2개월 홈쇼핑 콘드로이틴',
        '하루 1-2정을 식후에 섭취하세요.', '콘드로이친, 소연골',
        '과다섭취 시 부작용이 있을 수 있습니다.', '본 제품은 질병의 예방 및 치료를 위한 의약품이 아닙니다.',
        '2025-10-22 00:00:00', 30, 6, 1890, 4.4, 280, 116500);
INSERT INTO product_img (product_id, image_url, alt_text, sort_idx, is_primary)
VALUES ((SELECT id FROM product WHERE code = 'P86049397037' LIMIT 1),
        'https://shopping-phinf.pstatic.net/main_8604939/86049397037.1.jpg', '대표 이미지', 0, 1),
       ((SELECT id FROM product WHERE code = 'P86049397037' LIMIT 1),
        'https://shopping-phinf.pstatic.net/main_8604939/86049397037.2.jpg', '상품 상세', 1, 0),
       ((SELECT id FROM product WHERE code = 'P86049397037' LIMIT 1),
        'https://shopping-phinf.pstatic.net/main_8604939/86049397037.3.jpg', '성분 정보', 2, 0);
INSERT INTO product_variant (product_id, variant_name, list_price, sale_price, volume, upc_code, pill_size,
                             nutrition_facts, max_qty_per_order, restock_eta)
VALUES ((SELECT id FROM product WHERE code = 'P86049397037' LIMIT 1), '2개월분', 116500, 114500, 60, '600000000679',
        '10x10x5mm', '주영엔에스 지성', 6, NULL),
       ((SELECT id FROM product WHERE code = 'P86049397037' LIMIT 1), '1개월분', 66500, 64500, 30, '600000000680',
        '10x10x5mm', '주영엔에스 지성', 6, NULL);
INSERT IGNORE INTO stock (product_variant_id, amount, updated_at, restocked_at)
VALUES ((SELECT id
         FROM product_variant
         WHERE variant_name = '2개월분'
           AND product_id = (SELECT id FROM product WHERE code = 'P86049397037' LIMIT 1)
         LIMIT 1),
        8, '2025-09-29 12:00:00', '2025-08-20 12:00:00'),
       ((SELECT id
         FROM product_variant
         WHERE variant_name = '1개월분'
           AND product_id = (SELECT id FROM product WHERE code = 'P86049397037' LIMIT 1)
         LIMIT 1),
        5, '2025-09-29 12:00:00', '2025-08-20 12:00:00');
INSERT INTO product_category (product_id, category_id)
VALUES ((SELECT id FROM product WHERE code = 'P86049397037' LIMIT 1),
        (SELECT id FROM category WHERE name = '콘드로이틴' LIMIT 1));
INSERT IGNORE INTO product_rank (product_id, recent_sales, updated_at)
VALUES ((SELECT id FROM product WHERE code = 'P86049397037' LIMIT 1), 1890, '2025-09-29 12:00:00');


INSERT INTO product (brand_id, name, code, description, instruction, ingredients, cautions, disclaimer,
                     sale_start_date, expiration_date, max_qty_per_order, sales, avg_rating, review_count, min_price)
VALUES ((SELECT id FROM brand WHERE name = '셀스'),
        '콘드로이친 맥스 콘드로이틴 1200 콘트로이친 콘도로이친 효능 3개월분',
        'P89083644618', '콘드로이친 맥스 콘드로이틴 1200 콘트로이친 콘도로이친 효능 3개월분',
        '하루 1-2정을 식후에 섭취하세요.', '콘드로이친, 콘드로이틴',
        '과다섭취 시 부작용이 있을 수 있습니다.', '본 제품은 질병의 예방 및 치료를 위한 의약품이 아닙니다.',
        '2025-12-01 00:00:00', 30, 6, 1560, 4.1, 180, 34800);
INSERT INTO product_img (product_id, image_url, alt_text, sort_idx, is_primary)
VALUES ((SELECT id FROM product WHERE code = 'P89083644618' LIMIT 1),
        'https://shopping-phinf.pstatic.net/main_8908364/89083644618.1.jpg', '대표 이미지', 0, 1),
       ((SELECT id FROM product WHERE code = 'P89083644618' LIMIT 1),
        'https://shopping-phinf.pstatic.net/main_8908364/89083644618.2.jpg', '상품 상세', 1, 0),
       ((SELECT id FROM product WHERE code = 'P89083644618' LIMIT 1),
        'https://shopping-phinf.pstatic.net/main_8908364/89083644618.3.jpg', '성분 정보', 2, 0);
INSERT INTO product_variant (product_id, variant_name, list_price, sale_price, volume, upc_code, pill_size,
                             nutrition_facts, max_qty_per_order, restock_eta)
VALUES ((SELECT id FROM product WHERE code = 'P89083644618' LIMIT 1), '3개월분', 34800, 32800, 90, '600000000681',
        '10x10x5mm', '셀스 콘드로이친', 6, NULL),
       ((SELECT id FROM product WHERE code = 'P89083644618' LIMIT 1), '1개월분', 14800, 12800, 30, '600000000682',
        '10x10x5mm', '셀스 콘드로이친', 6, NULL);
INSERT IGNORE INTO stock (product_variant_id, amount, updated_at, restocked_at)
VALUES ((SELECT id
         FROM product_variant
         WHERE variant_name = '3개월분'
           AND product_id = (SELECT id FROM product WHERE code = 'P89083644618' LIMIT 1)
         LIMIT 1),
        35, '2025-09-29 12:00:00', '2025-08-20 12:00:00'),
       ((SELECT id
         FROM product_variant
         WHERE variant_name = '1개월분'
           AND product_id = (SELECT id FROM product WHERE code = 'P89083644618' LIMIT 1)
         LIMIT 1),
        22, '2025-09-29 12:00:00', '2025-08-20 12:00:00');
INSERT INTO product_category (product_id, category_id)
VALUES ((SELECT id FROM product WHERE code = 'P89083644618' LIMIT 1),
        (SELECT id FROM category WHERE name = '콘드로이틴' LIMIT 1));
INSERT IGNORE INTO product_rank (product_id, recent_sales, updated_at)
VALUES ((SELECT id FROM product WHERE code = 'P89083644618' LIMIT 1), 1560, '2025-09-29 12:00:00');


INSERT INTO product (brand_id, name, code, description, instruction, ingredients, cautions, disclaimer,
                     sale_start_date, expiration_date, max_qty_per_order, sales, avg_rating, review_count, min_price)
VALUES ((SELECT id FROM brand WHERE name = '챙길케어'),
        '소연골 맥스 콘드로이틴 1200 관절엔 콘드로이친 뮤코다당단백 1200 56정, 3개',
        'P88229973718', '소연골 맥스 콘드로이틴 1200 관절엔 콘드로이친 뮤코다당단백 1200 56정, 3개',
        '하루 1-2정을 식후에 섭취하세요.', '콘드로이틴, 뮤코다당단백',
        '과다섭취 시 부작용이 있을 수 있습니다.', '본 제품은 질병의 예방 및 치료를 위한 의약품이 아닙니다.',
        '2025-11-08 00:00:00', 30, 6, 2780, 4.2, 350, 40900);
INSERT INTO product_img (product_id, image_url, alt_text, sort_idx, is_primary)
VALUES ((SELECT id FROM product WHERE code = 'P88229973718' LIMIT 1),
        'https://shopping-phinf.pstatic.net/main_8822997/88229973718.1.jpg', '대표 이미지', 0, 1),
       ((SELECT id FROM product WHERE code = 'P88229973718' LIMIT 1),
        'https://shopping-phinf.pstatic.net/main_8822997/88229973718.2.jpg', '상품 상세', 1, 0),
       ((SELECT id FROM product WHERE code = 'P88229973718' LIMIT 1),
        'https://shopping-phinf.pstatic.net/main_8822997/88229973718.3.jpg', '성분 정보', 2, 0);
INSERT INTO product_variant (product_id, variant_name, list_price, sale_price, volume, upc_code, pill_size,
                             nutrition_facts, max_qty_per_order, restock_eta)
VALUES ((SELECT id FROM product WHERE code = 'P88229973718' LIMIT 1), '3개', 40900, 38900, 3, '600000000683',
        '10x10x5mm', '챙길케어 소연골', 6, NULL),
       ((SELECT id FROM product WHERE code = 'P88229973718' LIMIT 1), '1개', 15900, 13900, 1, '600000000684',
        '10x10x5mm', '챙길케어 소연골', 6, NULL);
INSERT IGNORE INTO stock (product_variant_id, amount, updated_at, restocked_at)
VALUES ((SELECT id
         FROM product_variant
         WHERE variant_name = '3개'
           AND product_id = (SELECT id FROM product WHERE code = 'P88229973718' LIMIT 1)
         LIMIT 1),
        25, '2025-09-29 12:00:00', '2025-08-20 12:00:00'),
       ((SELECT id
         FROM product_variant
         WHERE variant_name = '1개'
           AND product_id = (SELECT id FROM product WHERE code = 'P88229973718' LIMIT 1)
         LIMIT 1),
        16, '2025-09-29 12:00:00', '2025-08-20 12:00:00');
INSERT INTO product_category (product_id, category_id)
VALUES ((SELECT id FROM product WHERE code = 'P88229973718' LIMIT 1),
        (SELECT id FROM category WHERE name = '콘드로이틴' LIMIT 1));
INSERT IGNORE INTO product_rank (product_id, recent_sales, updated_at)
VALUES ((SELECT id FROM product WHERE code = 'P88229973718' LIMIT 1), 2780, '2025-09-29 12:00:00');


INSERT INTO product (brand_id, name, code, description, instruction, ingredients, cautions, disclaimer,
                     sale_start_date, expiration_date, max_qty_per_order, sales, avg_rating, review_count, min_price)
VALUES ((SELECT id FROM brand WHERE name = '유키메리'),
        '일본 콘드로이친 A zs 관절약 콘드로이틴 글루코사민 무릎 연골 영양제 270정, 1개',
        'P89044978926', '일본 콘드로이친 A zs 관절약 콘드로이틴 글루코사민 무릎 연골 영양제 270정, 1개',
        '하루 1-2정을 식후에 섭취하세요.', '콘드로이친, 글루코사민',
        '과다섭취 시 부작용이 있을 수 있습니다.', '본 제품은 질병의 예방 및 치료를 위한 의약품이 아닙니다.',
        '2025-10-30 00:00:00', 30, 6, 920, 4.5, 120, 88000);
INSERT INTO product_img (product_id, image_url, alt_text, sort_idx, is_primary)
VALUES ((SELECT id FROM product WHERE code = 'P89044978926' LIMIT 1),
        'https://shopping-phinf.pstatic.net/main_8904497/89044978926.1.jpg', '대표 이미지', 0, 1),
       ((SELECT id FROM product WHERE code = 'P89044978926' LIMIT 1),
        'https://shopping-phinf.pstatic.net/main_8904497/89044978926.2.jpg', '상품 상세', 1, 0),
       ((SELECT id FROM product WHERE code = 'P89044978926' LIMIT 1),
        'https://shopping-phinf.pstatic.net/main_8904497/89044978926.3.jpg', '성분 정보', 2, 0);
INSERT INTO product_variant (product_id, variant_name, list_price, sale_price, volume, upc_code, pill_size,
                             nutrition_facts, max_qty_per_order, restock_eta)
VALUES ((SELECT id FROM product WHERE code = 'P89044978926' LIMIT 1), '270정', 88000, 86000, 270, '600000000685',
        '10x10x5mm', '유키메리 일본', 6, NULL),
       ((SELECT id FROM product WHERE code = 'P89044978926' LIMIT 1), '135정', 48000, 46000, 135, '600000000686',
        '10x10x5mm', '유키메리 일본', 6, NULL);
INSERT IGNORE INTO stock (product_variant_id, amount, updated_at, restocked_at)
VALUES ((SELECT id
         FROM product_variant
         WHERE variant_name = '270정'
           AND product_id = (SELECT id FROM product WHERE code = 'P89044978926' LIMIT 1)
         LIMIT 1),
        12, '2025-09-29 12:00:00', '2025-08-20 12:00:00'),
       ((SELECT id
         FROM product_variant
         WHERE variant_name = '135정'
           AND product_id = (SELECT id FROM product WHERE code = 'P89044978926' LIMIT 1)
         LIMIT 1),
        8, '2025-09-29 12:00:00', '2025-08-20 12:00:00');
INSERT INTO product_category (product_id, category_id)
VALUES ((SELECT id FROM product WHERE code = 'P89044978926' LIMIT 1),
        (SELECT id FROM category WHERE name = '콘드로이틴' LIMIT 1));
INSERT IGNORE INTO product_rank (product_id, recent_sales, updated_at)
VALUES ((SELECT id FROM product WHERE code = 'P89044978926' LIMIT 1), 920, '2025-09-29 12:00:00');


INSERT INTO product (brand_id, name, code, description, instruction, ingredients, cautions, disclaimer,
                     sale_start_date, expiration_date, max_qty_per_order, sales, avg_rating, review_count, min_price)
VALUES ((SELECT id FROM brand WHERE name = '유키메리'),
        '일본 콘드로이친 콘드로이틴 EX 60일분 5정당 1560mg 300정, 2개',
        'P89071198438', '일본 콘드로이친 콘드로이틴 EX 60일분 5정당 1560mg 300정, 2개',
        '하루 1-2정을 식후에 섭취하세요.', '콘드로이친, 콘드로이틴',
        '과다섭취 시 부작용이 있을 수 있습니다.', '본 제품은 질병의 예방 및 치료를 위한 의약품이 아닙니다.',
        '2025-11-25 00:00:00', 30, 6, 450, 4.3, 85, 162000);
INSERT INTO product_img (product_id, image_url, alt_text, sort_idx, is_primary)
VALUES ((SELECT id FROM product WHERE code = 'P89071198438' LIMIT 1),
        'https://shopping-phinf.pstatic.net/main_8907119/89071198438.1.jpg', '대표 이미지', 0, 1),
       ((SELECT id FROM product WHERE code = 'P89071198438' LIMIT 1),
        'https://shopping-phinf.pstatic.net/main_8907119/89071198438.2.jpg', '상품 상세', 1, 0),
       ((SELECT id FROM product WHERE code = 'P89071198438' LIMIT 1),
        'https://shopping-phinf.pstatic.net/main_8907119/89071198438.3.jpg', '성분 정보', 2, 0);
INSERT INTO product_variant (product_id, variant_name, list_price, sale_price, volume, upc_code, pill_size,
                             nutrition_facts, max_qty_per_order, restock_eta)
VALUES ((SELECT id FROM product WHERE code = 'P89071198438' LIMIT 1), '2개', 162000, 160000, 2, '600000000687',
        '10x10x5mm', '유키메리 EX', 6, NULL),
       ((SELECT id FROM product WHERE code = 'P89071198438' LIMIT 1), '1개', 82000, 80000, 1, '600000000688',
        '10x10x5mm', '유키메리 EX', 6, NULL);
INSERT IGNORE INTO stock (product_variant_id, amount, updated_at, restocked_at)
VALUES ((SELECT id
         FROM product_variant
         WHERE variant_name = '2개'
           AND product_id = (SELECT id FROM product WHERE code = 'P89071198438' LIMIT 1)
         LIMIT 1),
        5, '2025-09-29 12:00:00', '2025-08-20 12:00:00'),
       ((SELECT id
         FROM product_variant
         WHERE variant_name = '1개'
           AND product_id = (SELECT id FROM product WHERE code = 'P89071198438' LIMIT 1)
         LIMIT 1),
        3, '2025-09-29 12:00:00', '2025-08-20 12:00:00');
INSERT INTO product_category (product_id, category_id)
VALUES ((SELECT id FROM product WHERE code = 'P89071198438' LIMIT 1),
        (SELECT id FROM category WHERE name = '콘드로이틴' LIMIT 1));
INSERT IGNORE INTO product_rank (product_id, recent_sales, updated_at)
VALUES ((SELECT id FROM product WHERE code = 'P89071198438' LIMIT 1), 450, '2025-09-29 12:00:00');


INSERT INTO product (brand_id, name, code, description, instruction, ingredients, cautions, disclaimer,
                     sale_start_date, expiration_date, max_qty_per_order, sales, avg_rating, review_count, min_price)
VALUES ((SELECT id FROM brand WHERE name = '종근당'),
        '종근당 소연골 콘드로이친1200 맥스 뮤코다당단백 콘드로이틴 조인트 900mg x 120정',
        'P89698994397', '종근당 소연골 콘드로이친1200 맥스 뮤코다당단백 콘드로이틴 조인트 900mg x 120정',
        '하루 1-2정을 식후에 섭취하세요.', '콘드로이친, 뮤코다당단백',
        '과다섭취 시 부작용이 있을 수 있습니다.', '본 제품은 질병의 예방 및 치료를 위한 의약품이 아닙니다.',
        '2025-12-18 00:00:00', 30, 6, 3120, 4.1, 480, 59900);
INSERT INTO product_img (product_id, image_url, alt_text, sort_idx, is_primary)
VALUES ((SELECT id FROM product WHERE code = 'P89698994397' LIMIT 1),
        'https://shopping-phinf.pstatic.net/main_8969899/89698994397.1.jpg', '대표 이미지', 0, 1),
       ((SELECT id FROM product WHERE code = 'P89698994397' LIMIT 1),
        'https://shopping-phinf.pstatic.net/main_8969899/89698994397.2.jpg', '상품 상세', 1, 0),
       ((SELECT id FROM product WHERE code = 'P89698994397' LIMIT 1),
        'https://shopping-phinf.pstatic.net/main_8969899/89698994397.3.jpg', '성분 정보', 2, 0);
INSERT INTO product_variant (product_id, variant_name, list_price, sale_price, volume, upc_code, pill_size,
                             nutrition_facts, max_qty_per_order, restock_eta)
VALUES ((SELECT id FROM product WHERE code = 'P89698994397' LIMIT 1), '120정', 59900, 57900, 120, '600000000689',
        '10x10x5mm', '종근당 소연골', 6, NULL),
       ((SELECT id FROM product WHERE code = 'P89698994397' LIMIT 1), '60정', 32900, 30900, 60, '600000000690',
        '10x10x5mm', '종근당 소연골', 6, NULL);
INSERT IGNORE INTO stock (product_variant_id, amount, updated_at, restocked_at)
VALUES ((SELECT id
         FROM product_variant
         WHERE variant_name = '120정'
           AND product_id = (SELECT id FROM product WHERE code = 'P89698994397' LIMIT 1)
         LIMIT 1),
        22, '2025-09-29 12:00:00', '2025-08-20 12:00:00'),
       ((SELECT id
         FROM product_variant
         WHERE variant_name = '60정'
           AND product_id = (SELECT id FROM product WHERE code = 'P89698994397' LIMIT 1)
         LIMIT 1),
        14, '2025-09-29 12:00:00', '2025-08-20 12:00:00');
INSERT INTO product_category (product_id, category_id)
VALUES ((SELECT id FROM product WHERE code = 'P89698994397' LIMIT 1),
        (SELECT id FROM category WHERE name = '콘드로이틴' LIMIT 1));
INSERT IGNORE INTO product_rank (product_id, recent_sales, updated_at)
VALUES ((SELECT id FROM product WHERE code = 'P89698994397' LIMIT 1), 3120, '2025-09-29 12:00:00');


INSERT INTO product (brand_id, name, code, description, instruction, ingredients, cautions, disclaimer,
                     sale_start_date, expiration_date, max_qty_per_order, sales, avg_rating, review_count, min_price)
VALUES ((SELECT id FROM brand WHERE name = '종근당'),
        '종근당 소연골 콘드로이친1200 맥스 콘드로이틴 콘드리친 뮤코다당단백 부스터 약1달',
        'P87632275292', '종근당 소연골 콘드로이친1200 맥스 콘드로이틴 콘드리친 뮤코다당단백 부스터 약1달',
        '하루 1-2정을 식후에 섭취하세요.', '콘드로이친, 뮤코다당단백',
        '과다섭취 시 부작용이 있을 수 있습니다.', '본 제품은 질병의 예방 및 치료를 위한 의약품이 아닙니다.',
        '2025-11-03 00:00:00', 30, 6, 1680, 4.0, 220, 28800);
INSERT INTO product_img (product_id, image_url, alt_text, sort_idx, is_primary)
VALUES ((SELECT id FROM product WHERE code = 'P87632275292' LIMIT 1),
        'https://shopping-phinf.pstatic.net/main_8763227/87632275292.1.jpg', '대표 이미지', 0, 1),
       ((SELECT id FROM product WHERE code = 'P87632275292' LIMIT 1),
        'https://shopping-phinf.pstatic.net/main_8763227/87632275292.2.jpg', '상품 상세', 1, 0),
       ((SELECT id FROM product WHERE code = 'P87632275292' LIMIT 1),
        'https://shopping-phinf.pstatic.net/main_8763227/87632275292.3.jpg', '성분 정보', 2, 0);
INSERT INTO product_variant (product_id, variant_name, list_price, sale_price, volume, upc_code, pill_size,
                             nutrition_facts, max_qty_per_order, restock_eta)
VALUES ((SELECT id FROM product WHERE code = 'P87632275292' LIMIT 1), '1달분', 28800, 26800, 30, '600000000691',
        '10x10x5mm', '종근당 부스터', 6, NULL),
       ((SELECT id FROM product WHERE code = 'P87632275292' LIMIT 1), '15일분', 16800, 14800, 15, '600000000692',
        '10x10x5mm', '종근당 부스터', 6, NULL);
INSERT IGNORE INTO stock (product_variant_id, amount, updated_at, restocked_at)
VALUES ((SELECT id
         FROM product_variant
         WHERE variant_name = '1달분'
           AND product_id = (SELECT id FROM product WHERE code = 'P87632275292' LIMIT 1)
         LIMIT 1),
        45, '2025-09-29 12:00:00', '2025-08-20 12:00:00'),
       ((SELECT id
         FROM product_variant
         WHERE variant_name = '15일분'
           AND product_id = (SELECT id FROM product WHERE code = 'P87632275292' LIMIT 1)
         LIMIT 1),
        28, '2025-09-29 12:00:00', '2025-08-20 12:00:00');
INSERT INTO product_category (product_id, category_id)
VALUES ((SELECT id FROM product WHERE code = 'P87632275292' LIMIT 1),
        (SELECT id FROM category WHERE name = '콘드로이틴' LIMIT 1));
INSERT IGNORE INTO product_rank (product_id, recent_sales, updated_at)
VALUES ((SELECT id FROM product WHERE code = 'P87632275292' LIMIT 1), 1680, '2025-09-29 12:00:00');


INSERT INTO product (brand_id, name, code, description, instruction, ingredients, cautions, disclaimer,
                     sale_start_date, expiration_date, max_qty_per_order, sales, avg_rating, review_count, min_price)
VALUES ((SELECT id FROM brand WHERE name = '옥션'),
        '맥스 콘드로이틴 1200 관절 소유래 소연골 콘드로이친 효능 콘트로이친 1200 약2개월분',
        'P54032780590', '맥스 콘드로이틴 1200 관절 소유래 소연골 콘드로이친 효능 콘트로이친 1200 약2개월분',
        '하루 1-2정을 식후에 섭취하세요.', '콘드로이틴, 소연골',
        '과다섭취 시 부작용이 있을 수 있습니다.', '본 제품은 질병의 예방 및 치료를 위한 의약품이 아닙니다.',
        '2025-10-14 00:00:00', 30, 6, 2050, 4.2, 310, 46900);
INSERT INTO product_img (product_id, image_url, alt_text, sort_idx, is_primary)
VALUES ((SELECT id FROM product WHERE code = 'P54032780590' LIMIT 1),
        'https://shopping-phinf.pstatic.net/main_5403278/54032780590.1.jpg', '대표 이미지', 0, 1),
       ((SELECT id FROM product WHERE code = 'P54032780590' LIMIT 1),
        'https://shopping-phinf.pstatic.net/main_5403278/54032780590.2.jpg', '상품 상세', 1, 0),
       ((SELECT id FROM product WHERE code = 'P54032780590' LIMIT 1),
        'https://shopping-phinf.pstatic.net/main_5403278/54032780590.3.jpg', '성분 정보', 2, 0);
INSERT INTO product_variant (product_id, variant_name, list_price, sale_price, volume, upc_code, pill_size,
                             nutrition_facts, max_qty_per_order, restock_eta)
VALUES ((SELECT id FROM product WHERE code = 'P54032780590' LIMIT 1), '2개월분', 46900, 44900, 60, '600000000693',
        '10x10x5mm', '옥션 맥스콘드로이틴', 6, NULL),
       ((SELECT id FROM product WHERE code = 'P54032780590' LIMIT 1), '1개월분', 26900, 24900, 30, '600000000694',
        '10x10x5mm', '옥션 맥스콘드로이틴', 6, NULL);
INSERT IGNORE INTO stock (product_variant_id, amount, updated_at, restocked_at)
VALUES ((SELECT id
         FROM product_variant
         WHERE variant_name = '2개월분'
           AND product_id = (SELECT id FROM product WHERE code = 'P54032780590' LIMIT 1)
         LIMIT 1),
        28, '2025-09-29 12:00:00', '2025-08-20 12:00:00'),
       ((SELECT id
         FROM product_variant
         WHERE variant_name = '1개월분'
           AND product_id = (SELECT id FROM product WHERE code = 'P54032780590' LIMIT 1)
         LIMIT 1),
        18, '2025-09-29 12:00:00', '2025-08-20 12:00:00');
INSERT INTO product_category (product_id, category_id)
VALUES ((SELECT id FROM product WHERE code = 'P54032780590' LIMIT 1),
        (SELECT id FROM category WHERE name = '콘드로이틴' LIMIT 1));
INSERT IGNORE INTO product_rank (product_id, recent_sales, updated_at)
VALUES ((SELECT id FROM product WHERE code = 'P54032780590' LIMIT 1), 2050, '2025-09-29 12:00:00');


INSERT INTO product (brand_id, name, code, description, instruction, ingredients, cautions, disclaimer,
                     sale_start_date, expiration_date, max_qty_per_order, sales, avg_rating, review_count, min_price)
VALUES ((SELECT id FROM brand WHERE name = '현 가든'),
        '지성콘드로이친 1200 6개월 주영엔에스 소연골 콘드로이친 관절엔 6박스 콘드로이틴',
        'P88444872554', '지성콘드로이친 1200 6개월 주영엔에스 소연골 콘드로이친 관절엔 6박스 콘드로이틴',
        '하루 1-2정을 식후에 섭취하세요.', '콘드로이친, 소연골',
        '과다섭취 시 부작용이 있을 수 있습니다.', '본 제품은 질병의 예방 및 치료를 위한 의약품이 아닙니다.',
        '2025-12-20 00:00:00', 30, 6, 180, 4.5, 45, 345600);
INSERT INTO product_img (product_id, image_url, alt_text, sort_idx, is_primary)
VALUES ((SELECT id FROM product WHERE code = 'P88444872554' LIMIT 1),
        'https://shopping-phinf.pstatic.net/main_8844487/88444872554.1.jpg', '대표 이미지', 0, 1),
       ((SELECT id FROM product WHERE code = 'P88444872554' LIMIT 1),
        'https://shopping-phinf.pstatic.net/main_8844487/88444872554.2.jpg', '상품 상세', 1, 0),
       ((SELECT id FROM product WHERE code = 'P88444872554' LIMIT 1),
        'https://shopping-phinf.pstatic.net/main_8844487/88444872554.3.jpg', '성분 정보', 2, 0);
INSERT INTO product_variant (product_id, variant_name, list_price, sale_price, volume, upc_code, pill_size,
                             nutrition_facts, max_qty_per_order, restock_eta)
VALUES ((SELECT id FROM product WHERE code = 'P88444872554' LIMIT 1), '6박스', 345600, 343600, 6, '600000000695',
        '10x10x5mm', '현가든 지성', 6, NULL),
       ((SELECT id FROM product WHERE code = 'P88444872554' LIMIT 1), '3박스', 175600, 173600, 3, '600000000696',
        '10x10x5mm', '현가든 지성', 6, NULL);
INSERT IGNORE INTO stock (product_variant_id, amount, updated_at, restocked_at)
VALUES ((SELECT id
         FROM product_variant
         WHERE variant_name = '6박스'
           AND product_id = (SELECT id FROM product WHERE code = 'P88444872554' LIMIT 1)
         LIMIT 1),
        3, '2025-09-29 12:00:00', '2025-08-20 12:00:00'),
       ((SELECT id
         FROM product_variant
         WHERE variant_name = '3박스'
           AND product_id = (SELECT id FROM product WHERE code = 'P88444872554' LIMIT 1)
         LIMIT 1),
        2, '2025-09-29 12:00:00', '2025-08-20 12:00:00');
INSERT INTO product_category (product_id, category_id)
VALUES ((SELECT id FROM product WHERE code = 'P88444872554' LIMIT 1),
        (SELECT id FROM category WHERE name = '콘드로이틴' LIMIT 1));
INSERT IGNORE INTO product_rank (product_id, recent_sales, updated_at)
VALUES ((SELECT id FROM product WHERE code = 'P88444872554' LIMIT 1), 180, '2025-09-29 12:00:00');


INSERT INTO product (brand_id, name, code, description, instruction, ingredients, cautions, disclaimer,
                     sale_start_date, expiration_date, max_qty_per_order, sales, avg_rating, review_count, min_price)
VALUES ((SELECT id FROM brand WHERE name = '프롬바이오'),
        '프롬바이오 관절연골엔 보스웰리아 콘드로이친 뮤코다당단백 콘드로이틴 소연골 소유래 100정',
        'P88666476883', '프롬바이오 관절연골엔 보스웰리아 콘드로이친 뮤코다당단백 콘드로이틴 소연골 소유래 100정',
        '하루 1-2정을 식후에 섭취하세요.', '콘드로이친, 보스웰리아',
        '과다섭취 시 부작용이 있을 수 있습니다.', '본 제품은 질병의 예방 및 치료를 위한 의약품이 아닙니다.',
        '2025-11-12 00:00:00', 30, 6, 1420, 4.1, 190, 59000);
INSERT INTO product_img (product_id, image_url, alt_text, sort_idx, is_primary)
VALUES ((SELECT id FROM product WHERE code = 'P88666476883' LIMIT 1),
        'https://shopping-phinf.pstatic.net/main_8866647/88666476883.1.jpg', '대표 이미지', 0, 1),
       ((SELECT id FROM product WHERE code = 'P88666476883' LIMIT 1),
        'https://shopping-phinf.pstatic.net/main_8866647/88666476883.2.jpg', '상품 상세', 1, 0),
       ((SELECT id FROM product WHERE code = 'P88666476883' LIMIT 1),
        'https://shopping-phinf.pstatic.net/main_8866647/88666476883.3.jpg', '성분 정보', 2, 0);
INSERT INTO product_variant (product_id, variant_name, list_price, sale_price, volume, upc_code, pill_size,
                             nutrition_facts, max_qty_per_order, restock_eta)
VALUES ((SELECT id FROM product WHERE code = 'P88666476883' LIMIT 1), '100정', 59000, 57000, 100, '600000000697',
        '10x10x5mm', '프롬바이오 관절연골', 6, NULL),
       ((SELECT id FROM product WHERE code = 'P88666476883' LIMIT 1), '50정', 34000, 32000, 50, '600000000698',
        '10x10x5mm', '프롬바이오 관절연골', 6, NULL);
INSERT IGNORE INTO stock (product_variant_id, amount, updated_at, restocked_at)
VALUES ((SELECT id
         FROM product_variant
         WHERE variant_name = '100정'
           AND product_id = (SELECT id FROM product WHERE code = 'P88666476883' LIMIT 1)
         LIMIT 1),
        18, '2025-09-29 12:00:00', '2025-08-20 12:00:00'),
       ((SELECT id
         FROM product_variant
         WHERE variant_name = '50정'
           AND product_id = (SELECT id FROM product WHERE code = 'P88666476883' LIMIT 1)
         LIMIT 1),
        12, '2025-09-29 12:00:00', '2025-08-20 12:00:00');
INSERT INTO product_category (product_id, category_id)
VALUES ((SELECT id FROM product WHERE code = 'P88666476883' LIMIT 1),
        (SELECT id FROM category WHERE name = '콘드로이틴' LIMIT 1));
INSERT IGNORE INTO product_rank (product_id, recent_sales, updated_at)
VALUES ((SELECT id FROM product WHERE code = 'P88666476883' LIMIT 1), 1420, '2025-09-29 12:00:00');


INSERT IGNORE INTO brand (name)
VALUES ('홈쇼핑 트레이너');
INSERT IGNORE INTO brand (name)
VALUES ('오가닉퀸');
INSERT IGNORE INTO brand (name)
VALUES ('세계로팜온');
INSERT IGNORE INTO brand (name)
VALUES ('키즈아이유아');
INSERT IGNORE INTO brand (name)
VALUES ('뉴로포커스');
INSERT IGNORE INTO brand (name)
VALUES ('뉴트리웰라이프');
INSERT IGNORE INTO brand (name)
VALUES ('연세생활건강');
INSERT IGNORE INTO brand (name)
VALUES ('온누리아이코리아');

INSERT INTO product (brand_id, name, code, description, instruction, ingredients, cautions, disclaimer,
                     sale_start_date, expiration_date, max_qty_per_order, sales, avg_rating, review_count, min_price)
VALUES ((SELECT id FROM brand WHERE name = '홈쇼핑 트레이너'),
        '호관원 프리미엄 골드 효능 홈쇼핑 MSM 70ml x 60포',
        'P87193636012', '호관원 프리미엄 골드 효능 홈쇼핑 MSM 70ml x 60포',
        '하루 1-2포를 물에 타서 섭취하세요.', 'MSM, 식이유황',
        '과다섭취 시 부작용이 있을 수 있습니다.', '본 제품은 질병의 예방 및 치료를 위한 의약품이 아닙니다.',
        '2025-10-05 00:00:00', 30, 6, 320, 4.6, 85, 269000);
INSERT INTO product_img (product_id, image_url, alt_text, sort_idx, is_primary)
VALUES ((SELECT id FROM product WHERE code = 'P87193636012' LIMIT 1),
        'https://shopping-phinf.pstatic.net/main_8719363/87193636012.1.jpg', '대표 이미지', 0, 1),
       ((SELECT id FROM product WHERE code = 'P87193636012' LIMIT 1),
        'https://shopping-phinf.pstatic.net/main_8719363/87193636012.2.jpg', '상품 상세', 1, 0),
       ((SELECT id FROM product WHERE code = 'P87193636012' LIMIT 1),
        'https://shopping-phinf.pstatic.net/main_8719363/87193636012.3.jpg', '성분 정보', 2, 0);
INSERT INTO product_variant (product_id, variant_name, list_price, sale_price, volume, upc_code, pill_size,
                             nutrition_facts, max_qty_per_order, restock_eta)
VALUES ((SELECT id FROM product WHERE code = 'P87193636012' LIMIT 1), '60포', 269000, 267000, 60, '600000000699', '70ml',
        '호관원 프리미엄', 6, NULL),
       ((SELECT id FROM product WHERE code = 'P87193636012' LIMIT 1), '30포', 149000, 147000, 30, '600000000700', '70ml',
        '호관원 프리미엄', 6, NULL);
INSERT IGNORE INTO stock (product_variant_id, amount, updated_at, restocked_at)
VALUES ((SELECT id
         FROM product_variant
         WHERE variant_name = '60포'
           AND product_id = (SELECT id FROM product WHERE code = 'P87193636012' LIMIT 1)
         LIMIT 1),
        5, '2025-09-29 12:00:00', '2025-08-20 12:00:00'),
       ((SELECT id
         FROM product_variant
         WHERE variant_name = '30포'
           AND product_id = (SELECT id FROM product WHERE code = 'P87193636012' LIMIT 1)
         LIMIT 1),
        3, '2025-09-29 12:00:00', '2025-08-20 12:00:00');
INSERT INTO product_category (product_id, category_id)
VALUES ((SELECT id FROM product WHERE code = 'P87193636012' LIMIT 1),
        (SELECT id FROM category WHERE name = 'MSM' LIMIT 1));
INSERT IGNORE INTO product_rank (product_id, recent_sales, updated_at)
VALUES ((SELECT id FROM product WHERE code = 'P87193636012' LIMIT 1), 320, '2025-09-29 12:00:00');


INSERT INTO product (brand_id, name, code, description, instruction, ingredients, cautions, disclaimer,
                     sale_start_date, expiration_date, max_qty_per_order, sales, avg_rating, review_count, min_price)
VALUES ((SELECT id FROM brand WHERE name = '오가닉퀸'),
        '캐나다 프리미엄 엠에스엠 약3개월분 MSM 영양제 식이유황 조인트 무릎관절 연골 건강',
        'P85951192393', '캐나다 프리미엄 엠에스엠 약3개월분 MSM 영양제 식이유황 조인트 무릎관절 연골 건강',
        '하루 1-2정을 식후에 섭취하세요.', 'MSM, 식이유황',
        '과다섭취 시 부작용이 있을 수 있습니다.', '본 제품은 질병의 예방 및 치료를 위한 의약품이 아닙니다.',
        '2025-11-18 00:00:00', 30, 6, 1890, 4.2, 280, 16900);
INSERT INTO product_img (product_id, image_url, alt_text, sort_idx, is_primary)
VALUES ((SELECT id FROM product WHERE code = 'P85951192393' LIMIT 1),
        'https://shopping-phinf.pstatic.net/main_8595119/85951192393.1.jpg', '대표 이미지', 0, 1),
       ((SELECT id FROM product WHERE code = 'P85951192393' LIMIT 1),
        'https://shopping-phinf.pstatic.net/main_8595119/85951192393.2.jpg', '상품 상세', 1, 0),
       ((SELECT id FROM product WHERE code = 'P85951192393' LIMIT 1),
        'https://shopping-phinf.pstatic.net/main_8595119/85951192393.3.jpg', '성분 정보', 2, 0);
INSERT INTO product_variant (product_id, variant_name, list_price, sale_price, volume, upc_code, pill_size,
                             nutrition_facts, max_qty_per_order, restock_eta)
VALUES ((SELECT id FROM product WHERE code = 'P85951192393' LIMIT 1), '3개월분', 16900, 14900, 90, '600000000701',
        '10x10x5mm', '오가닉퀸 캐나다', 6, NULL),
       ((SELECT id FROM product WHERE code = 'P85951192393' LIMIT 1), '1개월분', 6900, 4900, 30, '600000000702',
        '10x10x5mm', '오가닉퀸 캐나다', 6, NULL);
INSERT IGNORE INTO stock (product_variant_id, amount, updated_at, restocked_at)
VALUES ((SELECT id
         FROM product_variant
         WHERE variant_name = '3개월분'
           AND product_id = (SELECT id FROM product WHERE code = 'P85951192393' LIMIT 1)
         LIMIT 1),
        25, '2025-09-29 12:00:00', '2025-08-20 12:00:00'),
       ((SELECT id
         FROM product_variant
         WHERE variant_name = '1개월분'
           AND product_id = (SELECT id FROM product WHERE code = 'P85951192393' LIMIT 1)
         LIMIT 1),
        18, '2025-09-29 12:00:00', '2025-08-20 12:00:00');
INSERT INTO product_category (product_id, category_id)
VALUES ((SELECT id FROM product WHERE code = 'P85951192393' LIMIT 1),
        (SELECT id FROM category WHERE name = 'MSM' LIMIT 1));
INSERT IGNORE INTO product_rank (product_id, recent_sales, updated_at)
VALUES ((SELECT id FROM product WHERE code = 'P85951192393' LIMIT 1), 1890, '2025-09-29 12:00:00');


INSERT INTO product (brand_id, name, code, description, instruction, ingredients, cautions, disclaimer,
                     sale_start_date, expiration_date, max_qty_per_order, sales, avg_rating, review_count, min_price)
VALUES ((SELECT id FROM brand WHERE name = '세계로팜온'),
        '호관원 프리미엄 골드 홈쇼핑 이만기 MSM 관절 영양제 10포',
        'P88631683152', '호관원 프리미엄 골드 홈쇼핑 이만기 MSM 관절 영양제 10포',
        '하루 1-2포를 물에 타서 섭취하세요.', 'MSM, 관절영양제',
        '과다섭취 시 부작용이 있을 수 있습니다.', '본 제품은 질병의 예방 및 치료를 위한 의약품이 아닙니다.',
        '2025-12-25 00:00:00', 30, 6, 750, 4.4, 120, 49900);
INSERT INTO product_img (product_id, image_url, alt_text, sort_idx, is_primary)
VALUES ((SELECT id FROM product WHERE code = 'P88631683152' LIMIT 1),
        'https://shopping-phinf.pstatic.net/main_8863168/88631683152.1.jpg', '대표 이미지', 0, 1),
       ((SELECT id FROM product WHERE code = 'P88631683152' LIMIT 1),
        'https://shopping-phinf.pstatic.net/main_8863168/88631683152.2.jpg', '상품 상세', 1, 0),
       ((SELECT id FROM product WHERE code = 'P88631683152' LIMIT 1),
        'https://shopping-phinf.pstatic.net/main_8863168/88631683152.3.jpg', '성분 정보', 2, 0);
INSERT INTO product_variant (product_id, variant_name, list_price, sale_price, volume, upc_code, pill_size,
                             nutrition_facts, max_qty_per_order, restock_eta)
VALUES ((SELECT id FROM product WHERE code = 'P88631683152' LIMIT 1), '10포', 49900, 47900, 10, '600000000703', '70ml',
        '세계로팜온 호관원', 6, NULL),
       ((SELECT id FROM product WHERE code = 'P88631683152' LIMIT 1), '5포', 29900, 27900, 5, '600000000704', '70ml',
        '세계로팜온 호관원', 6, NULL);
INSERT IGNORE INTO stock (product_variant_id, amount, updated_at, restocked_at)
VALUES ((SELECT id
         FROM product_variant
         WHERE variant_name = '10포'
           AND product_id = (SELECT id FROM product WHERE code = 'P88631683152' LIMIT 1)
         LIMIT 1),
        15, '2025-09-29 12:00:00', '2025-08-20 12:00:00'),
       ((SELECT id
         FROM product_variant
         WHERE variant_name = '5포'
           AND product_id = (SELECT id FROM product WHERE code = 'P88631683152' LIMIT 1)
         LIMIT 1),
        8, '2025-09-29 12:00:00', '2025-08-20 12:00:00');
INSERT INTO product_category (product_id, category_id)
VALUES ((SELECT id FROM product WHERE code = 'P88631683152' LIMIT 1),
        (SELECT id FROM category WHERE name = 'MSM' LIMIT 1));
INSERT IGNORE INTO product_rank (product_id, recent_sales, updated_at)
VALUES ((SELECT id FROM product WHERE code = 'P88631683152' LIMIT 1), 750, '2025-09-29 12:00:00');


INSERT INTO product (brand_id, name, code, description, instruction, ingredients, cautions, disclaimer,
                     sale_start_date, expiration_date, max_qty_per_order, sales, avg_rating, review_count, min_price)
VALUES ((SELECT id FROM brand WHERE name = 'GNM자연의품격'),
        'GNM자연의품격 관절엔 MSM 글루코사민 비타민D 1200mg x 60정, 3개',
        'P51929502988', 'GNM자연의품격 관절엔 MSM 글루코사민 비타민D 1200mg x 60정, 3개',
        '하루 1-2정을 식후에 섭취하세요.', 'MSM, 글루코사민, 비타민D',
        '과다섭취 시 부작용이 있을 수 있습니다.', '본 제품은 질병의 예방 및 치료를 위한 의약품이 아닙니다.',
        '2025-10-28 00:00:00', 30, 6, 1420, 4.1, 210, 28270);
INSERT INTO product_img (product_id, image_url, alt_text, sort_idx, is_primary)
VALUES ((SELECT id FROM product WHERE code = 'P51929502988' LIMIT 1),
        'https://shopping-phinf.pstatic.net/main_5192950/51929502988.1.jpg', '대표 이미지', 0, 1),
       ((SELECT id FROM product WHERE code = 'P51929502988' LIMIT 1),
        'https://shopping-phinf.pstatic.net/main_5192950/51929502988.2.jpg', '상품 상세', 1, 0),
       ((SELECT id FROM product WHERE code = 'P51929502988' LIMIT 1),
        'https://shopping-phinf.pstatic.net/main_5192950/51929502988.3.jpg', '성분 정보', 2, 0);
INSERT INTO product_variant (product_id, variant_name, list_price, sale_price, volume, upc_code, pill_size,
                             nutrition_facts, max_qty_per_order, restock_eta)
VALUES ((SELECT id FROM product WHERE code = 'P51929502988' LIMIT 1), '3개', 28270, 26270, 3, '600000000705',
        '10x10x5mm', 'GNM자연의품격 관절엔', 6, NULL),
       ((SELECT id FROM product WHERE code = 'P51929502988' LIMIT 1), '1개', 10270, 8270, 1, '600000000706', '10x10x5mm',
        'GNM자연의품격 관절엔', 6, NULL);
INSERT IGNORE INTO stock (product_variant_id, amount, updated_at, restocked_at)
VALUES ((SELECT id
         FROM product_variant
         WHERE variant_name = '3개'
           AND product_id = (SELECT id FROM product WHERE code = 'P51929502988' LIMIT 1)
         LIMIT 1),
        20, '2025-09-29 12:00:00', '2025-08-20 12:00:00'),
       ((SELECT id
         FROM product_variant
         WHERE variant_name = '1개'
           AND product_id = (SELECT id FROM product WHERE code = 'P51929502988' LIMIT 1)
         LIMIT 1),
        12, '2025-09-29 12:00:00', '2025-08-20 12:00:00');
INSERT INTO product_category (product_id, category_id)
VALUES ((SELECT id FROM product WHERE code = 'P51929502988' LIMIT 1),
        (SELECT id FROM category WHERE name = 'MSM' LIMIT 1));
INSERT IGNORE INTO product_rank (product_id, recent_sales, updated_at)
VALUES ((SELECT id FROM product WHERE code = 'P51929502988' LIMIT 1), 1420, '2025-09-29 12:00:00');


INSERT INTO product (brand_id, name, code, description, instruction, ingredients, cautions, disclaimer,
                     sale_start_date, expiration_date, max_qty_per_order, sales, avg_rating, review_count, min_price)
VALUES ((SELECT id FROM brand WHERE name = '종근당'),
        '종근당 프리미엄 MSM 1000mg x 120정, 2개',
        'P51929207355', '종근당 프리미엄 MSM 1000mg x 120정, 2개',
        '하루 1-2정을 식후에 섭취하세요.', 'MSM, 프리미엄',
        '과다섭취 시 부작용이 있을 수 있습니다.', '본 제품은 질병의 예방 및 치료를 위한 의약품이 아닙니다.',
        '2025-11-05 00:00:00', 30, 6, 2680, 4.3, 380, 27500);
INSERT INTO product_img (product_id, image_url, alt_text, sort_idx, is_primary)
VALUES ((SELECT id FROM product WHERE code = 'P51929207355' LIMIT 1),
        'https://shopping-phinf.pstatic.net/main_5192920/51929207355.1.jpg', '대표 이미지', 0, 1),
       ((SELECT id FROM product WHERE code = 'P51929207355' LIMIT 1),
        'https://shopping-phinf.pstatic.net/main_5192920/51929207355.2.jpg', '상품 상세', 1, 0),
       ((SELECT id FROM product WHERE code = 'P51929207355' LIMIT 1),
        'https://shopping-phinf.pstatic.net/main_5192920/51929207355.3.jpg', '성분 정보', 2, 0);
INSERT INTO product_variant (product_id, variant_name, list_price, sale_price, volume, upc_code, pill_size,
                             nutrition_facts, max_qty_per_order, restock_eta)
VALUES ((SELECT id FROM product WHERE code = 'P51929207355' LIMIT 1), '2개', 27500, 25500, 2, '600000000707',
        '10x10x5mm', '종근당 프리미엄', 6, NULL),
       ((SELECT id FROM product WHERE code = 'P51929207355' LIMIT 1), '1개', 14500, 12500, 1, '600000000708',
        '10x10x5mm', '종근당 프리미엄', 6, NULL);
INSERT IGNORE INTO stock (product_variant_id, amount, updated_at, restocked_at)
VALUES ((SELECT id
         FROM product_variant
         WHERE variant_name = '2개'
           AND product_id = (SELECT id FROM product WHERE code = 'P51929207355' LIMIT 1)
         LIMIT 1),
        18, '2025-09-29 12:00:00', '2025-08-20 12:00:00'),
       ((SELECT id
         FROM product_variant
         WHERE variant_name = '1개'
           AND product_id = (SELECT id FROM product WHERE code = 'P51929207355' LIMIT 1)
         LIMIT 1),
        10, '2025-09-29 12:00:00', '2025-08-20 12:00:00');
INSERT INTO product_category (product_id, category_id)
VALUES ((SELECT id FROM product WHERE code = 'P51929207355' LIMIT 1),
        (SELECT id FROM category WHERE name = 'MSM' LIMIT 1));
INSERT IGNORE INTO product_rank (product_id, recent_sales, updated_at)
VALUES ((SELECT id FROM product WHERE code = 'P51929207355' LIMIT 1), 2680, '2025-09-29 12:00:00');


INSERT INTO product (brand_id, name, code, description, instruction, ingredients, cautions, disclaimer,
                     sale_start_date, expiration_date, max_qty_per_order, sales, avg_rating, review_count, min_price)
VALUES ((SELECT id FROM brand WHERE name = '키즈아이유아'),
        '어린이 뇌 약1개월분 청소년 두뇌 수험생 기억력 고3 뇌에 adhd 좋은 집중력',
        'P52345554822', '어린이 뇌 약1개월분 청소년 두뇌 수험생 기억력 고3 뇌에 adhd 좋은 집중력',
        '하루 1-2정을 식후에 섭취하세요.', '뇌영양제, 집중력',
        '과다섭취 시 부작용이 있을 수 있습니다.', '본 제품은 질병의 예방 및 치료를 위한 의약품이 아닙니다.',
        '2025-10-12 00:00:00', 30, 6, 3120, 4.4, 520, 59000);
INSERT INTO product_img (product_id, image_url, alt_text, sort_idx, is_primary)
VALUES ((SELECT id FROM product WHERE code = 'P52345554822' LIMIT 1),
        'https://shopping-phinf.pstatic.net/main_5234555/52345554822.1.jpg', '대표 이미지', 0, 1),
       ((SELECT id FROM product WHERE code = 'P52345554822' LIMIT 1),
        'https://shopping-phinf.pstatic.net/main_5234555/52345554822.2.jpg', '상품 상세', 1, 0),
       ((SELECT id FROM product WHERE code = 'P52345554822' LIMIT 1),
        'https://shopping-phinf.pstatic.net/main_5234555/52345554822.3.jpg', '성분 정보', 2, 0);
INSERT INTO product_variant (product_id, variant_name, list_price, sale_price, volume, upc_code, pill_size,
                             nutrition_facts, max_qty_per_order, restock_eta)
VALUES ((SELECT id FROM product WHERE code = 'P52345554822' LIMIT 1), '1개월분', 59000, 57000, 30, '600000000711',
        '10x10x5mm', '키즈아이유아 어린이뇌', 6, NULL),
       ((SELECT id FROM product WHERE code = 'P52345554822' LIMIT 1), '15일분', 35000, 33000, 15, '600000000712',
        '10x10x5mm', '키즈아이유아 어린이뇌', 6, NULL);
INSERT IGNORE INTO stock (product_variant_id, amount, updated_at, restocked_at)
VALUES ((SELECT id
         FROM product_variant
         WHERE variant_name = '1개월분'
           AND product_id = (SELECT id FROM product WHERE code = 'P52345554822' LIMIT 1)
         LIMIT 1),
        22, '2025-09-29 12:00:00', '2025-08-20 12:00:00'),
       ((SELECT id
         FROM product_variant
         WHERE variant_name = '15일분'
           AND product_id = (SELECT id FROM product WHERE code = 'P52345554822' LIMIT 1)
         LIMIT 1),
        14, '2025-09-29 12:00:00', '2025-08-20 12:00:00');
INSERT INTO product_category (product_id, category_id)
VALUES ((SELECT id FROM product WHERE code = 'P52345554822' LIMIT 1),
        (SELECT id FROM category WHERE name = '집중력&기억력' LIMIT 1));
INSERT IGNORE INTO product_rank (product_id, recent_sales, updated_at)
VALUES ((SELECT id FROM product WHERE code = 'P52345554822' LIMIT 1), 3120, '2025-09-29 12:00:00');


INSERT INTO product (brand_id, name, code, description, instruction, ingredients, cautions, disclaimer,
                     sale_start_date, expiration_date, max_qty_per_order, sales, avg_rating, review_count, min_price)
VALUES ((SELECT id FROM brand WHERE name = '뉴로포커스'),
        '뉴로포커스 콘타드 정 직장인 수험생 도파민 부스터',
        'P89130315481', '뉴로포커스 콘타드 정 직장인 수험생 도파민 부스터',
        '하루 1-2정을 식후에 섭취하세요.', '도파민, 집중력',
        '과다섭취 시 부작용이 있을 수 있습니다.', '본 제품은 질병의 예방 및 치료를 위한 의약품이 아닙니다.',
        '2025-11-22 00:00:00', 30, 6, 1890, 4.2, 280, 37900);
INSERT INTO product_img (product_id, image_url, alt_text, sort_idx, is_primary)
VALUES ((SELECT id FROM product WHERE code = 'P89130315481' LIMIT 1),
        'https://shopping-phinf.pstatic.net/main_8913031/89130315481.1.jpg', '대표 이미지', 0, 1),
       ((SELECT id FROM product WHERE code = 'P89130315481' LIMIT 1),
        'https://shopping-phinf.pstatic.net/main_8913031/89130315481.2.jpg', '상품 상세', 1, 0),
       ((SELECT id FROM product WHERE code = 'P89130315481' LIMIT 1),
        'https://shopping-phinf.pstatic.net/main_8913031/89130315481.3.jpg', '성분 정보', 2, 0);
INSERT INTO product_variant (product_id, variant_name, list_price, sale_price, volume, upc_code, pill_size,
                             nutrition_facts, max_qty_per_order, restock_eta)
VALUES ((SELECT id FROM product WHERE code = 'P89130315481' LIMIT 1), '60정', 37900, 35900, 60, '600000000713',
        '10x10x5mm', '뉴로포커스 콘타드', 6, NULL),
       ((SELECT id FROM product WHERE code = 'P89130315481' LIMIT 1), '30정', 22900, 20900, 30, '600000000714',
        '10x10x5mm', '뉴로포커스 콘타드', 6, NULL);
INSERT IGNORE INTO stock (product_variant_id, amount, updated_at, restocked_at)
VALUES ((SELECT id
         FROM product_variant
         WHERE variant_name = '60정'
           AND product_id = (SELECT id FROM product WHERE code = 'P89130315481' LIMIT 1)
         LIMIT 1),
        18, '2025-09-29 12:00:00', '2025-08-20 12:00:00'),
       ((SELECT id
         FROM product_variant
         WHERE variant_name = '30정'
           AND product_id = (SELECT id FROM product WHERE code = 'P89130315481' LIMIT 1)
         LIMIT 1),
        12, '2025-09-29 12:00:00', '2025-08-20 12:00:00');
INSERT INTO product_category (product_id, category_id)
VALUES ((SELECT id FROM product WHERE code = 'P89130315481' LIMIT 1),
        (SELECT id FROM category WHERE name = '집중력&기억력' LIMIT 1));
INSERT IGNORE INTO product_rank (product_id, recent_sales, updated_at)
VALUES ((SELECT id FROM product WHERE code = 'P89130315481' LIMIT 1), 1890, '2025-09-29 12:00:00');


INSERT INTO product (brand_id, name, code, description, instruction, ingredients, cautions, disclaimer,
                     sale_start_date, expiration_date, max_qty_per_order, sales, avg_rating, review_count, min_price)
VALUES ((SELECT id FROM brand WHERE name = '뉴트리웰라이프'),
        '어텐션T 60포 청소년 학생 시험공부 집중력 필수 아미노산 영양제',
        'P88607216121', '어텐션T 60포 청소년 학생 시험공부 집중력 필수 아미노산 영양제',
        '하루 1-2포를 물에 타서 섭취하세요.', '아미노산, 집중력',
        '과다섭취 시 부작용이 있을 수 있습니다.', '본 제품은 질병의 예방 및 치료를 위한 의약품이 아닙니다.',
        '2025-12-15 00:00:00', 30, 6, 2450, 4.1, 380, 29400);
INSERT INTO product_img (product_id, image_url, alt_text, sort_idx, is_primary)
VALUES ((SELECT id FROM product WHERE code = 'P88607216121' LIMIT 1),
        'https://shopping-phinf.pstatic.net/main_8860721/88607216121.1.jpg', '대표 이미지', 0, 1),
       ((SELECT id FROM product WHERE code = 'P88607216121' LIMIT 1),
        'https://shopping-phinf.pstatic.net/main_8860721/88607216121.2.jpg', '상품 상세', 1, 0),
       ((SELECT id FROM product WHERE code = 'P88607216121' LIMIT 1),
        'https://shopping-phinf.pstatic.net/main_8860721/88607216121.3.jpg', '성분 정보', 2, 0);
INSERT INTO product_variant (product_id, variant_name, list_price, sale_price, volume, upc_code, pill_size,
                             nutrition_facts, max_qty_per_order, restock_eta)
VALUES ((SELECT id FROM product WHERE code = 'P88607216121' LIMIT 1), '60포', 29400, 27400, 60, '600000000715',
        '10x10x5mm', '뉴트리웰라이프 어텐션T', 6, NULL),
       ((SELECT id FROM product WHERE code = 'P88607216121' LIMIT 1), '30포', 17400, 15400, 30, '600000000716',
        '10x10x5mm', '뉴트리웰라이프 어텐션T', 6, NULL);
INSERT IGNORE INTO stock (product_variant_id, amount, updated_at, restocked_at)
VALUES ((SELECT id
         FROM product_variant
         WHERE variant_name = '60포'
           AND product_id = (SELECT id FROM product WHERE code = 'P88607216121' LIMIT 1)
         LIMIT 1),
        25, '2025-09-29 12:00:00', '2025-08-20 12:00:00'),
       ((SELECT id
         FROM product_variant
         WHERE variant_name = '30포'
           AND product_id = (SELECT id FROM product WHERE code = 'P88607216121' LIMIT 1)
         LIMIT 1),
        16, '2025-09-29 12:00:00', '2025-08-20 12:00:00');
INSERT INTO product_category (product_id, category_id)
VALUES ((SELECT id FROM product WHERE code = 'P88607216121' LIMIT 1),
        (SELECT id FROM category WHERE name = '집중력&기억력' LIMIT 1));
INSERT IGNORE INTO product_rank (product_id, recent_sales, updated_at)
VALUES ((SELECT id FROM product WHERE code = 'P88607216121' LIMIT 1), 2450, '2025-09-29 12:00:00');


INSERT INTO product (brand_id, name, code, description, instruction, ingredients, cautions, disclaimer,
                     sale_start_date, expiration_date, max_qty_per_order, sales, avg_rating, review_count, min_price)
VALUES ((SELECT id FROM brand WHERE name = '연세생활건강'),
        '연세대 테라 브레인 1BOX 천마 가루 뇌 기억력 집중력 두뇌 홍경천 아연 연세생활건강',
        'P82539199805', '연세대 테라 브레인 1BOX 천마 가루 뇌 기억력 집중력 두뇌 홍경천 아연 연세생활건강',
        '하루 1-2포를 물에 타서 섭취하세요.', '천마, 홍경천, 아연',
        '과다섭취 시 부작용이 있을 수 있습니다.', '본 제품은 질병의 예방 및 치료를 위한 의약품이 아닙니다.',
        '2025-10-18 00:00:00', 30, 6, 680, 4.6, 150, 119000);
INSERT INTO product_img (product_id, image_url, alt_text, sort_idx, is_primary)
VALUES ((SELECT id FROM product WHERE code = 'P82539199805' LIMIT 1),
        'https://shopping-phinf.pstatic.net/main_8253919/82539199805.1.jpg', '대표 이미지', 0, 1),
       ((SELECT id FROM product WHERE code = 'P82539199805' LIMIT 1),
        'https://shopping-phinf.pstatic.net/main_8253919/82539199805.2.jpg', '상품 상세', 1, 0),
       ((SELECT id FROM product WHERE code = 'P82539199805' LIMIT 1),
        'https://shopping-phinf.pstatic.net/main_8253919/82539199805.3.jpg', '성분 정보', 2, 0);
INSERT INTO product_variant (product_id, variant_name, list_price, sale_price, volume, upc_code, pill_size,
                             nutrition_facts, max_qty_per_order, restock_eta)
VALUES ((SELECT id FROM product WHERE code = 'P82539199805' LIMIT 1), '1BOX', 119000, 117000, 1, '600000000717',
        '10x10x5mm', '연세생활건강 테라브레인', 6, NULL),
       ((SELECT id FROM product WHERE code = 'P82539199805' LIMIT 1), '0.5BOX', 69000, 67000, 0.5, '600000000718',
        '10x10x5mm', '연세생활건강 테라브레인', 6, NULL);
INSERT IGNORE INTO stock (product_variant_id, amount, updated_at, restocked_at)
VALUES ((SELECT id
         FROM product_variant
         WHERE variant_name = '1BOX'
           AND product_id = (SELECT id FROM product WHERE code = 'P82539199805' LIMIT 1)
         LIMIT 1),
        8, '2025-09-29 12:00:00', '2025-08-20 12:00:00'),
       ((SELECT id
         FROM product_variant
         WHERE variant_name = '0.5BOX'
           AND product_id = (SELECT id FROM product WHERE code = 'P82539199805' LIMIT 1)
         LIMIT 1),
        5, '2025-09-29 12:00:00', '2025-08-20 12:00:00');
INSERT INTO product_category (product_id, category_id)
VALUES ((SELECT id FROM product WHERE code = 'P82539199805' LIMIT 1),
        (SELECT id FROM category WHERE name = '집중력&기억력' LIMIT 1));
INSERT IGNORE INTO product_rank (product_id, recent_sales, updated_at)
VALUES ((SELECT id FROM product WHERE code = 'P82539199805' LIMIT 1), 680, '2025-09-29 12:00:00');


INSERT IGNORE INTO brand (name)
VALUES ('옥타바이오랩');
INSERT IGNORE INTO brand (name)
VALUES ('영진약품');
INSERT IGNORE INTO brand (name)
VALUES ('바이더웰');
INSERT IGNORE INTO brand (name)
VALUES ('브레인시그널');
INSERT IGNORE INTO brand (name)
VALUES ('용감한아저씨들');
INSERT IGNORE INTO brand (name)
VALUES ('위드바이오');
INSERT IGNORE INTO brand (name)
VALUES ('넷 마켓');
INSERT IGNORE INTO brand (name)
VALUES ('필리데이');
INSERT IGNORE INTO brand (name)
VALUES ('퓨어인캡슐레이션');
INSERT IGNORE INTO brand (name)
VALUES ('캐나다비타민즈');
INSERT IGNORE INTO brand (name)
VALUES ('뉴트리코스트');

INSERT INTO product (brand_id, name, code, description, instruction, ingredients, cautions, disclaimer,
                     sale_start_date, expiration_date, max_qty_per_order, sales, avg_rating, review_count, min_price)
VALUES ((SELECT id FROM brand WHERE name = '옥타바이오랩'),
        '이벤트 집중력 기억력 40대 온가족 고3 고등학생 수험생 피로회복 영양제 하루힘홍삼 4박스',
        'P89565619862', '이벤트 집중력 기억력 40대 온가족 고3 고등학생 수험생 피로회복 영양제 하루힘홍삼 4박스',
        '하루 1-2포를 물에 타서 섭취하세요.', '홍삼, 집중력, 기억력',
        '과다섭취 시 부작용이 있을 수 있습니다.', '본 제품은 질병의 예방 및 치료를 위한 의약품이 아닙니다.',
        '2025-11-30 00:00:00', 30, 6, 450, 4.5, 120, 191000);
INSERT INTO product_img (product_id, image_url, alt_text, sort_idx, is_primary)
VALUES ((SELECT id FROM product WHERE code = 'P89565619862' LIMIT 1),
        'https://shopping-phinf.pstatic.net/main_8956561/89565619862.1.jpg', '대표 이미지', 0, 1),
       ((SELECT id FROM product WHERE code = 'P89565619862' LIMIT 1),
        'https://shopping-phinf.pstatic.net/main_8956561/89565619862.2.jpg', '상품 상세', 1, 0),
       ((SELECT id FROM product WHERE code = 'P89565619862' LIMIT 1),
        'https://shopping-phinf.pstatic.net/main_8956561/89565619862.3.jpg', '성분 정보', 2, 0);
INSERT INTO product_variant (product_id, variant_name, list_price, sale_price, volume, upc_code, pill_size,
                             nutrition_facts, max_qty_per_order, restock_eta)
VALUES ((SELECT id FROM product WHERE code = 'P89565619862' LIMIT 1), '4박스', 191000, 189000, 4, '600000000719',
        '10x10x5mm', '옥타바이오랩 하루힘홍삼', 6, NULL),
       ((SELECT id FROM product WHERE code = 'P89565619862' LIMIT 1), '2박스', 105000, 103000, 2, '600000000720',
        '10x10x5mm', '옥타바이오랩 하루힘홍삼', 6, NULL);
INSERT IGNORE INTO stock (product_variant_id, amount, updated_at, restocked_at)
VALUES ((SELECT id
         FROM product_variant
         WHERE variant_name = '4박스'
           AND product_id = (SELECT id FROM product WHERE code = 'P89565619862' LIMIT 1)
         LIMIT 1),
        8, '2025-09-29 12:00:00', '2025-08-20 12:00:00'),
       ((SELECT id
         FROM product_variant
         WHERE variant_name = '2박스'
           AND product_id = (SELECT id FROM product WHERE code = 'P89565619862' LIMIT 1)
         LIMIT 1),
        5, '2025-09-29 12:00:00', '2025-08-20 12:00:00');
INSERT INTO product_category (product_id, category_id)
VALUES ((SELECT id FROM product WHERE code = 'P89565619862' LIMIT 1),
        (SELECT id FROM category WHERE name = '집중력&기억력' LIMIT 1));
INSERT IGNORE INTO product_rank (product_id, recent_sales, updated_at)
VALUES ((SELECT id FROM product WHERE code = 'P89565619862' LIMIT 1), 450, '2025-09-29 12:00:00');


INSERT INTO product (brand_id, name, code, description, instruction, ingredients, cautions, disclaimer,
                     sale_start_date, expiration_date, max_qty_per_order, sales, avg_rating, review_count, min_price)
VALUES ((SELECT id FROM brand WHERE name = '영진약품'),
        '영진약품 징코골드 120연질 캡슐 은행잎추출물 혈행 기억력 개선',
        'P85240853826', '영진약품 징코골드 120연질 캡슐 은행잎추출물 혈행 기억력 개선',
        '하루 1-2정을 식후에 섭취하세요.', '은행잎추출물, 혈행',
        '과다섭취 시 부작용이 있을 수 있습니다.', '본 제품은 질병의 예방 및 치료를 위한 의약품이 아닙니다.',
        '2025-10-25 00:00:00', 30, 6, 1680, 4.2, 280, 23290);
INSERT INTO product_img (product_id, image_url, alt_text, sort_idx, is_primary)
VALUES ((SELECT id FROM product WHERE code = 'P85240853826' LIMIT 1),
        'https://shopping-phinf.pstatic.net/main_8524085/85240853826.1.jpg', '대표 이미지', 0, 1),
       ((SELECT id FROM product WHERE code = 'P85240853826' LIMIT 1),
        'https://shopping-phinf.pstatic.net/main_8524085/85240853826.2.jpg', '상품 상세', 1, 0),
       ((SELECT id FROM product WHERE code = 'P85240853826' LIMIT 1),
        'https://shopping-phinf.pstatic.net/main_8524085/85240853826.3.jpg', '성분 정보', 2, 0);
INSERT INTO product_variant (product_id, variant_name, list_price, sale_price, volume, upc_code, pill_size,
                             nutrition_facts, max_qty_per_order, restock_eta)
VALUES ((SELECT id FROM product WHERE code = 'P85240853826' LIMIT 1), '120캡슐', 23290, 21290, 120, '600000000721',
        '10x10x5mm', '영진약품 징코골드', 6, NULL),
       ((SELECT id FROM product WHERE code = 'P85240853826' LIMIT 1), '60캡슐', 13290, 11290, 60, '600000000722',
        '10x10x5mm', '영진약품 징코골드', 6, NULL);
INSERT IGNORE INTO stock (product_variant_id, amount, updated_at, restocked_at)
VALUES ((SELECT id
         FROM product_variant
         WHERE variant_name = '120캡슐'
           AND product_id = (SELECT id FROM product WHERE code = 'P85240853826' LIMIT 1)
         LIMIT 1),
        18, '2025-09-29 12:00:00', '2025-08-20 12:00:00'),
       ((SELECT id
         FROM product_variant
         WHERE variant_name = '60캡슐'
           AND product_id = (SELECT id FROM product WHERE code = 'P85240853826' LIMIT 1)
         LIMIT 1),
        12, '2025-09-29 12:00:00', '2025-08-20 12:00:00');
INSERT INTO product_category (product_id, category_id)
VALUES ((SELECT id FROM product WHERE code = 'P85240853826' LIMIT 1),
        (SELECT id FROM category WHERE name = '집중력&기억력' LIMIT 1));
INSERT IGNORE INTO product_rank (product_id, recent_sales, updated_at)
VALUES ((SELECT id FROM product WHERE code = 'P85240853826' LIMIT 1), 1680, '2025-09-29 12:00:00');


INSERT INTO product (brand_id, name, code, description, instruction, ingredients, cautions, disclaimer,
                     sale_start_date, expiration_date, max_qty_per_order, sales, avg_rating, review_count, min_price)
VALUES ((SELECT id FROM brand WHERE name = '브레인시그널'),
        '메모리시그널 집중력영양제 수험생영양제 플라즈마로겐, 1개월',
        'P88468157845', '메모리시그널 집중력영양제 수험생영양제 플라즈마로겐, 1개월',
        '하루 1-2정을 식후에 섭취하세요.', '플라즈마로겐, 집중력',
        '과다섭취 시 부작용이 있을 수 있습니다.', '본 제품은 질병의 예방 및 치료를 위한 의약품이 아닙니다.',
        '2025-12-12 00:00:00', 30, 6, 920, 4.3, 180, 75000);
INSERT INTO product_img (product_id, image_url, alt_text, sort_idx, is_primary)
VALUES ((SELECT id FROM product WHERE code = 'P88468157845' LIMIT 1),
        'https://shopping-phinf.pstatic.net/main_8846815/88468157845.1.jpg', '대표 이미지', 0, 1),
       ((SELECT id FROM product WHERE code = 'P88468157845' LIMIT 1),
        'https://shopping-phinf.pstatic.net/main_8846815/88468157845.2.jpg', '상품 상세', 1, 0),
       ((SELECT id FROM product WHERE code = 'P88468157845' LIMIT 1),
        'https://shopping-phinf.pstatic.net/main_8846815/88468157845.3.jpg', '성분 정보', 2, 0);
INSERT INTO product_variant (product_id, variant_name, list_price, sale_price, volume, upc_code, pill_size,
                             nutrition_facts, max_qty_per_order, restock_eta)
VALUES ((SELECT id FROM product WHERE code = 'P88468157845' LIMIT 1), '1개월', 75000, 73000, 30, '600000000723',
        '10x10x5mm', '브레인시그널 메모리시그널', 6, NULL),
       ((SELECT id FROM product WHERE code = 'P88468157845' LIMIT 1), '15일', 45000, 43000, 15, '600000000724',
        '10x10x5mm', '브레인시그널 메모리시그널', 6, NULL);
INSERT IGNORE INTO stock (product_variant_id, amount, updated_at, restocked_at)
VALUES ((SELECT id
         FROM product_variant
         WHERE variant_name = '1개월'
           AND product_id = (SELECT id FROM product WHERE code = 'P88468157845' LIMIT 1)
         LIMIT 1),
        12, '2025-09-29 12:00:00', '2025-08-20 12:00:00'),
       ((SELECT id
         FROM product_variant
         WHERE variant_name = '15일'
           AND product_id = (SELECT id FROM product WHERE code = 'P88468157845' LIMIT 1)
         LIMIT 1),
        8, '2025-09-29 12:00:00', '2025-08-20 12:00:00');
INSERT INTO product_category (product_id, category_id)
VALUES ((SELECT id FROM product WHERE code = 'P88468157845' LIMIT 1),
        (SELECT id FROM category WHERE name = '집중력&기억력' LIMIT 1));
INSERT IGNORE INTO product_rank (product_id, recent_sales, updated_at)
VALUES ((SELECT id FROM product WHERE code = 'P88468157845' LIMIT 1), 920, '2025-09-29 12:00:00');


INSERT INTO product (brand_id, name, code, description, instruction, ingredients, cautions, disclaimer,
                     sale_start_date, expiration_date, max_qty_per_order, sales, avg_rating, review_count, min_price)
VALUES ((SELECT id FROM brand WHERE name = '오쏘몰'),
        '오쏘몰 멘탈 집중력 기억력 분말 + 캡슐 30일분 orthomol mental',
        'P83023580528', '오쏘몰 멘탈 집중력 기억력 분말 + 캡슐 30일분 orthomol mental',
        '하루 1-2포를 물에 타서 섭취하세요.', '멘탈, 집중력, 기억력',
        '과다섭취 시 부작용이 있을 수 있습니다.', '본 제품은 질병의 예방 및 치료를 위한 의약품이 아닙니다.',
        '2025-11-08 00:00:00', 30, 6, 680, 4.4, 150, 89300);
INSERT INTO product_img (product_id, image_url, alt_text, sort_idx, is_primary)
VALUES ((SELECT id FROM product WHERE code = 'P83023580528' LIMIT 1),
        'https://shopping-phinf.pstatic.net/main_8302358/83023580528.1.jpg', '대표 이미지', 0, 1),
       ((SELECT id FROM product WHERE code = 'P83023580528' LIMIT 1),
        'https://shopping-phinf.pstatic.net/main_8302358/83023580528.2.jpg', '상품 상세', 1, 0),
       ((SELECT id FROM product WHERE code = 'P83023580528' LIMIT 1),
        'https://shopping-phinf.pstatic.net/main_8302358/83023580528.3.jpg', '성분 정보', 2, 0);
INSERT INTO product_variant (product_id, variant_name, list_price, sale_price, volume, upc_code, pill_size,
                             nutrition_facts, max_qty_per_order, restock_eta)
VALUES ((SELECT id FROM product WHERE code = 'P83023580528' LIMIT 1), '30일분', 89300, 87300, 30, '600000000725',
        '10x10x5mm', '오쏘몰 멘탈', 6, NULL),
       ((SELECT id FROM product WHERE code = 'P83023580528' LIMIT 1), '15일분', 49300, 47300, 15, '600000000726',
        '10x10x5mm', '오쏘몰 멘탈', 6, NULL);
INSERT IGNORE INTO stock (product_variant_id, amount, updated_at, restocked_at)
VALUES ((SELECT id
         FROM product_variant
         WHERE variant_name = '30일분'
           AND product_id = (SELECT id FROM product WHERE code = 'P83023580528' LIMIT 1)
         LIMIT 1),
        10, '2025-09-29 12:00:00', '2025-08-20 12:00:00'),
       ((SELECT id
         FROM product_variant
         WHERE variant_name = '15일분'
           AND product_id = (SELECT id FROM product WHERE code = 'P83023580528' LIMIT 1)
         LIMIT 1),
        6, '2025-09-29 12:00:00', '2025-08-20 12:00:00');
INSERT INTO product_category (product_id, category_id)
VALUES ((SELECT id FROM product WHERE code = 'P83023580528' LIMIT 1),
        (SELECT id FROM category WHERE name = '집중력&기억력' LIMIT 1));
INSERT IGNORE INTO product_rank (product_id, recent_sales, updated_at)
VALUES ((SELECT id FROM product WHERE code = 'P83023580528' LIMIT 1), 680, '2025-09-29 12:00:00');


INSERT INTO product (brand_id, name, code, description, instruction, ingredients, cautions, disclaimer,
                     sale_start_date, expiration_date, max_qty_per_order, sales, avg_rating, review_count, min_price)
VALUES ((SELECT id FROM brand WHERE name = '위드바이오'),
        '수험생 집중력 기억력좋은감퇴영양제 은행잎 플라보놀효능효과',
        'P89874018213', '수험생 집중력 기억력좋은감퇴영양제 은행잎 플라보놀효능효과',
        '하루 1-2정을 식후에 섭취하세요.', '은행잎, 플라보놀',
        '과다섭취 시 부작용이 있을 수 있습니다.', '본 제품은 질병의 예방 및 치료를 위한 의약품이 아닙니다.',
        '2025-12-22 00:00:00', 30, 6, 1890, 4.0, 280, 16100);
INSERT INTO product_img (product_id, image_url, alt_text, sort_idx, is_primary)
VALUES ((SELECT id FROM product WHERE code = 'P89874018213' LIMIT 1),
        'https://shopping-phinf.pstatic.net/main_8987401/89874018213.1.jpg', '대표 이미지', 0, 1),
       ((SELECT id FROM product WHERE code = 'P89874018213' LIMIT 1),
        'https://shopping-phinf.pstatic.net/main_8987401/89874018213.2.jpg', '상품 상세', 1, 0),
       ((SELECT id FROM product WHERE code = 'P89874018213' LIMIT 1),
        'https://shopping-phinf.pstatic.net/main_8987401/89874018213.3.jpg', '성분 정보', 2, 0);
INSERT INTO product_variant (product_id, variant_name, list_price, sale_price, volume, upc_code, pill_size,
                             nutrition_facts, max_qty_per_order, restock_eta)
VALUES ((SELECT id FROM product WHERE code = 'P89874018213' LIMIT 1), '60정', 16100, 14100, 60, '600000000729',
        '10x10x5mm', '위드바이오 수험생', 6, NULL),
       ((SELECT id FROM product WHERE code = 'P89874018213' LIMIT 1), '30정', 9100, 7100, 30, '600000000730',
        '10x10x5mm', '위드바이오 수험생', 6, NULL);
INSERT IGNORE INTO stock (product_variant_id, amount, updated_at, restocked_at)
VALUES ((SELECT id
         FROM product_variant
         WHERE variant_name = '60정'
           AND product_id = (SELECT id FROM product WHERE code = 'P89874018213' LIMIT 1)
         LIMIT 1),
        35, '2025-09-29 12:00:00', '2025-08-20 12:00:00'),
       ((SELECT id
         FROM product_variant
         WHERE variant_name = '30정'
           AND product_id = (SELECT id FROM product WHERE code = 'P89874018213' LIMIT 1)
         LIMIT 1),
        22, '2025-09-29 12:00:00', '2025-08-20 12:00:00');
INSERT INTO product_category (product_id, category_id)
VALUES ((SELECT id FROM product WHERE code = 'P89874018213' LIMIT 1),
        (SELECT id FROM category WHERE name = '집중력&기억력' LIMIT 1));
INSERT IGNORE INTO product_rank (product_id, recent_sales, updated_at)
VALUES ((SELECT id FROM product WHERE code = 'P89874018213' LIMIT 1), 1890, '2025-09-29 12:00:00');


INSERT INTO product (brand_id, name, code, description, instruction, ingredients, cautions, disclaimer,
                     sale_start_date, expiration_date, max_qty_per_order, sales, avg_rating, review_count, min_price)
VALUES ((SELECT id FROM brand WHERE name = '브레인시그널'),
        '브레인시그널 두뇌영양제 포스파티딜세린 은행잎추출물 플라즈마로겐, 15일',
        'P87708051932', '브레인시그널 두뇌영양제 포스파티딜세린 은행잎추출물 플라즈마로겐, 15일',
        '하루 1-2정을 식후에 섭취하세요.', '포스파티딜세린, 은행잎추출물',
        '과다섭취 시 부작용이 있을 수 있습니다.', '본 제품은 질병의 예방 및 치료를 위한 의약품이 아닙니다.',
        '2025-11-25 00:00:00', 30, 6, 750, 4.2, 140, 62000);
INSERT INTO product_img (product_id, image_url, alt_text, sort_idx, is_primary)
VALUES ((SELECT id FROM product WHERE code = 'P87708051932' LIMIT 1),
        'https://shopping-phinf.pstatic.net/main_8770805/87708051932.1.jpg', '대표 이미지', 0, 1),
       ((SELECT id FROM product WHERE code = 'P87708051932' LIMIT 1),
        'https://shopping-phinf.pstatic.net/main_8770805/87708051932.2.jpg', '상품 상세', 1, 0),
       ((SELECT id FROM product WHERE code = 'P87708051932' LIMIT 1),
        'https://shopping-phinf.pstatic.net/main_8770805/87708051932.3.jpg', '성분 정보', 2, 0);
INSERT INTO product_variant (product_id, variant_name, list_price, sale_price, volume, upc_code, pill_size,
                             nutrition_facts, max_qty_per_order, restock_eta)
VALUES ((SELECT id FROM product WHERE code = 'P87708051932' LIMIT 1), '15일', 62000, 60000, 15, '600000000731',
        '10x10x5mm', '브레인시그널 두뇌영양제', 6, NULL),
       ((SELECT id FROM product WHERE code = 'P87708051932' LIMIT 1), '7일', 35000, 33000, 7, '600000000732',
        '10x10x5mm', '브레인시그널 두뇌영양제', 6, NULL);
INSERT IGNORE INTO stock (product_variant_id, amount, updated_at, restocked_at)
VALUES ((SELECT id
         FROM product_variant
         WHERE variant_name = '15일'
           AND product_id = (SELECT id FROM product WHERE code = 'P87708051932' LIMIT 1)
         LIMIT 1),
        15, '2025-09-29 12:00:00', '2025-08-20 12:00:00'),
       ((SELECT id
         FROM product_variant
         WHERE variant_name = '7일'
           AND product_id = (SELECT id FROM product WHERE code = 'P87708051932' LIMIT 1)
         LIMIT 1),
        10, '2025-09-29 12:00:00', '2025-08-20 12:00:00');
INSERT INTO product_category (product_id, category_id)
VALUES ((SELECT id FROM product WHERE code = 'P87708051932' LIMIT 1),
        (SELECT id FROM category WHERE name = '집중력&기억력' LIMIT 1));
INSERT IGNORE INTO product_rank (product_id, recent_sales, updated_at)
VALUES ((SELECT id FROM product WHERE code = 'P87708051932' LIMIT 1), 750, '2025-09-29 12:00:00');


INSERT INTO product (brand_id, name, code, description, instruction, ingredients, cautions, disclaimer,
                     sale_start_date, expiration_date, max_qty_per_order, sales, avg_rating, review_count, min_price)
VALUES ((SELECT id FROM brand WHERE name = '필리데이'),
        '[필리데이] 두뇌 기억력 인지력엔 닥터 포스파티딜세린 징코 캡슐 영양제 60캡슐, 1개',
        'P89929267372', '[필리데이] 두뇌 기억력 인지력엔 닥터 포스파티딜세린 징코 캡슐 영양제 60캡슐, 1개',
        '하루 1-2정을 식후에 섭취하세요.', '포스파티딜세린, 징코',
        '과다섭취 시 부작용이 있을 수 있습니다.', '본 제품은 질병의 예방 및 치료를 위한 의약품이 아닙니다.',
        '2025-10-08 00:00:00', 30, 6, 1420, 4.1, 220, 33000);
INSERT INTO product_img (product_id, image_url, alt_text, sort_idx, is_primary)
VALUES ((SELECT id FROM product WHERE code = 'P89929267372' LIMIT 1),
        'https://shopping-phinf.pstatic.net/main_8992926/89929267372.1.jpg', '대표 이미지', 0, 1),
       ((SELECT id FROM product WHERE code = 'P89929267372' LIMIT 1),
        'https://shopping-phinf.pstatic.net/main_8992926/89929267372.2.jpg', '상품 상세', 1, 0),
       ((SELECT id FROM product WHERE code = 'P89929267372' LIMIT 1),
        'https://shopping-phinf.pstatic.net/main_8992926/89929267372.3.jpg', '성분 정보', 2, 0);
INSERT INTO product_variant (product_id, variant_name, list_price, sale_price, volume, upc_code, pill_size,
                             nutrition_facts, max_qty_per_order, restock_eta)
VALUES ((SELECT id FROM product WHERE code = 'P89929267372' LIMIT 1), '60캡슐', 33000, 31000, 60, '600000000733',
        '10x10x5mm', '필리데이 닥터', 6, NULL),
       ((SELECT id FROM product WHERE code = 'P89929267372' LIMIT 1), '30캡슐', 19000, 17000, 30, '600000000734',
        '10x10x5mm', '필리데이 닥터', 6, NULL);
INSERT IGNORE INTO stock (product_variant_id, amount, updated_at, restocked_at)
VALUES ((SELECT id
         FROM product_variant
         WHERE variant_name = '60캡슐'
           AND product_id = (SELECT id FROM product WHERE code = 'P89929267372' LIMIT 1)
         LIMIT 1),
        20, '2025-09-29 12:00:00', '2025-08-20 12:00:00'),
       ((SELECT id
         FROM product_variant
         WHERE variant_name = '30캡슐'
           AND product_id = (SELECT id FROM product WHERE code = 'P89929267372' LIMIT 1)
         LIMIT 1),
        13, '2025-09-29 12:00:00', '2025-08-20 12:00:00');
INSERT INTO product_category (product_id, category_id)
VALUES ((SELECT id FROM product WHERE code = 'P89929267372' LIMIT 1),
        (SELECT id FROM category WHERE name = '집중력&기억력' LIMIT 1));
INSERT IGNORE INTO product_rank (product_id, recent_sales, updated_at)
VALUES ((SELECT id FROM product WHERE code = 'P89929267372' LIMIT 1), 1420, '2025-09-29 12:00:00');


INSERT INTO product (brand_id, name, code, description, instruction, ingredients, cautions, disclaimer,
                     sale_start_date, expiration_date, max_qty_per_order, sales, avg_rating, review_count, min_price)
VALUES ((SELECT id FROM brand WHERE name = '퓨어인캡슐레이션'),
        '퓨어 인캡슐레이션 포커스 플러스 180캡슐 수험생 집중력 기억력 학습 보조 영양제',
        'P89785129194', '퓨어 인캡슐레이션 포커스 플러스 180캡슐 수험생 집중력 기억력 학습 보조 영양제',
        '하루 1-2정을 식후에 섭취하세요.', '포커스, 집중력, 기억력',
        '과다섭취 시 부작용이 있을 수 있습니다.', '본 제품은 질병의 예방 및 치료를 위한 의약품이 아닙니다.',
        '2025-12-05 00:00:00', 30, 6, 580, 4.3, 110, 69500);
INSERT INTO product_img (product_id, image_url, alt_text, sort_idx, is_primary)
VALUES ((SELECT id FROM product WHERE code = 'P89785129194' LIMIT 1),
        'https://shopping-phinf.pstatic.net/main_8978512/89785129194.1.jpg', '대표 이미지', 0, 1),
       ((SELECT id FROM product WHERE code = 'P89785129194' LIMIT 1),
        'https://shopping-phinf.pstatic.net/main_8978512/89785129194.2.jpg', '상품 상세', 1, 0),
       ((SELECT id FROM product WHERE code = 'P89785129194' LIMIT 1),
        'https://shopping-phinf.pstatic.net/main_8978512/89785129194.3.jpg', '성분 정보', 2, 0);
INSERT INTO product_variant (product_id, variant_name, list_price, sale_price, volume, upc_code, pill_size,
                             nutrition_facts, max_qty_per_order, restock_eta)
VALUES ((SELECT id FROM product WHERE code = 'P89785129194' LIMIT 1), '180캡슐', 69500, 67500, 180, '600000000735',
        '10x10x5mm', '퓨어인캡슐레이션 포커스', 6, NULL),
       ((SELECT id FROM product WHERE code = 'P89785129194' LIMIT 1), '90캡슐', 39500, 37500, 90, '600000000736',
        '10x10x5mm', '퓨어인캡슐레이션 포커스', 6, NULL);
INSERT IGNORE INTO stock (product_variant_id, amount, updated_at, restocked_at)
VALUES ((SELECT id
         FROM product_variant
         WHERE variant_name = '180캡슐'
           AND product_id = (SELECT id FROM product WHERE code = 'P89785129194' LIMIT 1)
         LIMIT 1),
        12, '2025-09-29 12:00:00', '2025-08-20 12:00:00'),
       ((SELECT id
         FROM product_variant
         WHERE variant_name = '90캡슐'
           AND product_id = (SELECT id FROM product WHERE code = 'P89785129194' LIMIT 1)
         LIMIT 1),
        8, '2025-09-29 12:00:00', '2025-08-20 12:00:00');
INSERT INTO product_category (product_id, category_id)
VALUES ((SELECT id FROM product WHERE code = 'P89785129194' LIMIT 1),
        (SELECT id FROM category WHERE name = '집중력&기억력' LIMIT 1));
INSERT IGNORE INTO product_rank (product_id, recent_sales, updated_at)
VALUES ((SELECT id FROM product WHERE code = 'P89785129194' LIMIT 1), 580, '2025-09-29 12:00:00');


INSERT INTO product (brand_id, name, code, description, instruction, ingredients, cautions, disclaimer,
                     sale_start_date, expiration_date, max_qty_per_order, sales, avg_rating, review_count, min_price)
VALUES ((SELECT id FROM brand WHERE name = '뉴트리코스트'),
        '뉴트리코스트 크레아틴 300g',
        'P38040253619', '뉴트리코스트 크레아틴 300g',
        '하루 1-2스푼을 물에 타서 섭취하세요.', '크레아틴, 단백질',
        '과다섭취 시 부작용이 있을 수 있습니다.', '본 제품은 질병의 예방 및 치료를 위한 의약품이 아닙니다.',
        '2025-11-15 00:00:00', 30, 6, 3120, 4.2, 480, 23500);
INSERT INTO product_img (product_id, image_url, alt_text, sort_idx, is_primary)
VALUES ((SELECT id FROM product WHERE code = 'P38040253619' LIMIT 1),
        'https://shopping-phinf.pstatic.net/main_3804025/38040253619.1.jpg', '대표 이미지', 0, 1),
       ((SELECT id FROM product WHERE code = 'P38040253619' LIMIT 1),
        'https://shopping-phinf.pstatic.net/main_3804025/38040253619.2.jpg', '상품 상세', 1, 0),
       ((SELECT id FROM product WHERE code = 'P38040253619' LIMIT 1),
        'https://shopping-phinf.pstatic.net/main_3804025/38040253619.3.jpg', '성분 정보', 2, 0);
INSERT INTO product_variant (product_id, variant_name, list_price, sale_price, volume, upc_code, pill_size,
                             nutrition_facts, max_qty_per_order, restock_eta)
VALUES ((SELECT id FROM product WHERE code = 'P38040253619' LIMIT 1), '300g', 23500, 21500, 300, '600000000737', '300g',
        '뉴트리코스트 크레아틴', 6, NULL),
       ((SELECT id FROM product WHERE code = 'P38040253619' LIMIT 1), '150g', 13500, 11500, 150, '600000000738', '150g',
        '뉴트리코스트 크레아틴', 6, NULL);
INSERT IGNORE INTO stock (product_variant_id, amount, updated_at, restocked_at)
VALUES ((SELECT id
         FROM product_variant
         WHERE variant_name = '300g'
           AND product_id = (SELECT id FROM product WHERE code = 'P38040253619' LIMIT 1)
         LIMIT 1),
        25, '2025-09-29 12:00:00', '2025-08-20 12:00:00'),
       ((SELECT id
         FROM product_variant
         WHERE variant_name = '150g'
           AND product_id = (SELECT id FROM product WHERE code = 'P38040253619' LIMIT 1)
         LIMIT 1),
        16, '2025-09-29 12:00:00', '2025-08-20 12:00:00');
INSERT INTO product_category (product_id, category_id)
VALUES ((SELECT id FROM product WHERE code = 'P38040253619' LIMIT 1),
        (SELECT id FROM category WHERE name = '크레아틴' LIMIT 1));
INSERT IGNORE INTO product_rank (product_id, recent_sales, updated_at)
VALUES ((SELECT id FROM product WHERE code = 'P38040253619' LIMIT 1), 3120, '2025-09-29 12:00:00');


INSERT IGNORE INTO brand (name)
VALUES ('잠백이');
INSERT IGNORE INTO brand (name)
VALUES ('프로틴마켓');
INSERT IGNORE INTO brand (name)
VALUES ('삼대오백');
INSERT IGNORE INTO brand (name)
VALUES ('삼대오백 스토어');
INSERT IGNORE INTO brand (name)
VALUES ('쿤스벅스');
INSERT IGNORE INTO brand (name)
VALUES ('제트리션');
INSERT IGNORE INTO brand (name)
VALUES ('킹콩팩토리');
INSERT IGNORE INTO brand (name)
VALUES ('내츄럴플러스');
INSERT IGNORE INTO brand (name)
VALUES ('헬시오리진스');
INSERT IGNORE INTO brand (name)
VALUES ('LUXE J');

INSERT INTO product (brand_id, name, code, description, instruction, ingredients, cautions, disclaimer,
                     sale_start_date, expiration_date, max_qty_per_order, sales, avg_rating, review_count, min_price)
VALUES ((SELECT id FROM brand WHERE name = '잠백이'),
        '잠백이 모노 크레아틴 크레아퓨어 하이드레이트 300g 100회분',
        'P86755363426', '잠백이 모노 크레아틴 크레아퓨어 하이드레이트 300g 100회분',
        '하루 1-2스푼을 물에 타서 섭취하세요.', '크레아틴, 모노하이드레이트',
        '과다섭취 시 부작용이 있을 수 있습니다.', '본 제품은 질병의 예방 및 치료를 위한 의약품이 아닙니다.',
        '2025-10-20 00:00:00', 30, 6, 2680, 4.3, 420, 25900);
INSERT INTO product_img (product_id, image_url, alt_text, sort_idx, is_primary)
VALUES ((SELECT id FROM product WHERE code = 'P86755363426' LIMIT 1),
        'https://shopping-phinf.pstatic.net/main_8675536/86755363426.1.jpg', '대표 이미지', 0, 1),
       ((SELECT id FROM product WHERE code = 'P86755363426' LIMIT 1),
        'https://shopping-phinf.pstatic.net/main_8675536/86755363426.2.jpg', '상품 상세', 1, 0),
       ((SELECT id FROM product WHERE code = 'P86755363426' LIMIT 1),
        'https://shopping-phinf.pstatic.net/main_8675536/86755363426.3.jpg', '성분 정보', 2, 0);
INSERT INTO product_variant (product_id, variant_name, list_price, sale_price, volume, upc_code, pill_size,
                             nutrition_facts, max_qty_per_order, restock_eta)
VALUES ((SELECT id FROM product WHERE code = 'P86755363426' LIMIT 1), '300g', 25900, 23900, 300, '600000000739', '300g',
        '잠백이 모노크레아틴', 6, NULL),
       ((SELECT id FROM product WHERE code = 'P86755363426' LIMIT 1), '150g', 14900, 12900, 150, '600000000740', '150g',
        '잠백이 모노크레아틴', 6, NULL);
INSERT IGNORE INTO stock (product_variant_id, amount, updated_at, restocked_at)
VALUES ((SELECT id
         FROM product_variant
         WHERE variant_name = '300g'
           AND product_id = (SELECT id FROM product WHERE code = 'P86755363426' LIMIT 1)
         LIMIT 1),
        22, '2025-09-29 12:00:00', '2025-08-20 12:00:00'),
       ((SELECT id
         FROM product_variant
         WHERE variant_name = '150g'
           AND product_id = (SELECT id FROM product WHERE code = 'P86755363426' LIMIT 1)
         LIMIT 1),
        15, '2025-09-29 12:00:00', '2025-08-20 12:00:00');
INSERT INTO product_category (product_id, category_id)
VALUES ((SELECT id FROM product WHERE code = 'P86755363426' LIMIT 1),
        (SELECT id FROM category WHERE name = '크레아틴' LIMIT 1));
INSERT IGNORE INTO product_rank (product_id, recent_sales, updated_at)
VALUES ((SELECT id FROM product WHERE code = 'P86755363426' LIMIT 1), 2680, '2025-09-29 12:00:00');


INSERT INTO product (brand_id, name, code, description, instruction, ingredients, cautions, disclaimer,
                     sale_start_date, expiration_date, max_qty_per_order, sales, avg_rating, review_count, min_price)
VALUES ((SELECT id FROM brand WHERE name = '프로틴마켓'),
        '독일 리얼 크레아틴 모노 하이드레이트 헬스 근육 운동전 부스터 보충제 180캡슐',
        'P82929482854', '독일 리얼 크레아틴 모노 하이드레이트 헬스 근육 운동전 부스터 보충제 180캡슐',
        '하루 1-2정을 식후에 섭취하세요.', '크레아틴, 모노하이드레이트',
        '과다섭취 시 부작용이 있을 수 있습니다.', '본 제품은 질병의 예방 및 치료를 위한 의약품이 아닙니다.',
        '2025-11-28 00:00:00', 30, 6, 1890, 4.1, 280, 18700);
INSERT INTO product_img (product_id, image_url, alt_text, sort_idx, is_primary)
VALUES ((SELECT id FROM product WHERE code = 'P82929482854' LIMIT 1),
        'https://shopping-phinf.pstatic.net/main_8292948/82929482854.1.jpg', '대표 이미지', 0, 1),
       ((SELECT id FROM product WHERE code = 'P82929482854' LIMIT 1),
        'https://shopping-phinf.pstatic.net/main_8292948/82929482854.2.jpg', '상품 상세', 1, 0),
       ((SELECT id FROM product WHERE code = 'P82929482854' LIMIT 1),
        'https://shopping-phinf.pstatic.net/main_8292948/82929482854.3.jpg', '성분 정보', 2, 0);
INSERT INTO product_variant (product_id, variant_name, list_price, sale_price, volume, upc_code, pill_size,
                             nutrition_facts, max_qty_per_order, restock_eta)
VALUES ((SELECT id FROM product WHERE code = 'P82929482854' LIMIT 1), '180캡슐', 18700, 16700, 180, '600000000741',
        '10x10x5mm', '프로틴마켓 독일리얼', 6, NULL),
       ((SELECT id FROM product WHERE code = 'P82929482854' LIMIT 1), '90캡슐', 10700, 8700, 90, '600000000742',
        '10x10x5mm', '프로틴마켓 독일리얼', 6, NULL);
INSERT IGNORE INTO stock (product_variant_id, amount, updated_at, restocked_at)
VALUES ((SELECT id
         FROM product_variant
         WHERE variant_name = '180캡슐'
           AND product_id = (SELECT id FROM product WHERE code = 'P82929482854' LIMIT 1)
         LIMIT 1),
        28, '2025-09-29 12:00:00', '2025-08-20 12:00:00'),
       ((SELECT id
         FROM product_variant
         WHERE variant_name = '90캡슐'
           AND product_id = (SELECT id FROM product WHERE code = 'P82929482854' LIMIT 1)
         LIMIT 1),
        18, '2025-09-29 12:00:00', '2025-08-20 12:00:00');
INSERT INTO product_category (product_id, category_id)
VALUES ((SELECT id FROM product WHERE code = 'P82929482854' LIMIT 1),
        (SELECT id FROM category WHERE name = '크레아틴' LIMIT 1));
INSERT IGNORE INTO product_rank (product_id, recent_sales, updated_at)
VALUES ((SELECT id FROM product WHERE code = 'P82929482854' LIMIT 1), 1890, '2025-09-29 12:00:00');


INSERT INTO product (brand_id, name, code, description, instruction, ingredients, cautions, disclaimer,
                     sale_start_date, expiration_date, max_qty_per_order, sales, avg_rating, review_count, min_price)
VALUES ((SELECT id FROM brand WHERE name = '삼대오백'),
        '삼대오백 크레아틴 모노 하이드레이트 300g 헬스부스터',
        'P85376079038', '삼대오백 크레아틴 모노 하이드레이트 300g 헬스부스터',
        '하루 1-2스푼을 물에 타서 섭취하세요.', '크레아틴, 모노하이드레이트',
        '과다섭취 시 부작용이 있을 수 있습니다.', '본 제품은 질병의 예방 및 치료를 위한 의약품이 아닙니다.',
        '2025-12-18 00:00:00', 30, 6, 1420, 4.2, 210, 19900);
INSERT INTO product_img (product_id, image_url, alt_text, sort_idx, is_primary)
VALUES ((SELECT id FROM product WHERE code = 'P85376079038' LIMIT 1),
        'https://shopping-phinf.pstatic.net/main_8537607/85376079038.1.jpg', '대표 이미지', 0, 1),
       ((SELECT id FROM product WHERE code = 'P85376079038' LIMIT 1),
        'https://shopping-phinf.pstatic.net/main_8537607/85376079038.2.jpg', '상품 상세', 1, 0),
       ((SELECT id FROM product WHERE code = 'P85376079038' LIMIT 1),
        'https://shopping-phinf.pstatic.net/main_8537607/85376079038.3.jpg', '성분 정보', 2, 0);
INSERT INTO product_variant (product_id, variant_name, list_price, sale_price, volume, upc_code, pill_size,
                             nutrition_facts, max_qty_per_order, restock_eta)
VALUES ((SELECT id FROM product WHERE code = 'P85376079038' LIMIT 1), '300g', 19900, 17900, 300, '600000000743', '300g',
        '삼대오백 크레아틴', 6, NULL),
       ((SELECT id FROM product WHERE code = 'P85376079038' LIMIT 1), '150g', 11900, 9900, 150, '600000000744', '150g',
        '삼대오백 크레아틴', 6, NULL);
INSERT IGNORE INTO stock (product_variant_id, amount, updated_at, restocked_at)
VALUES ((SELECT id
         FROM product_variant
         WHERE variant_name = '300g'
           AND product_id = (SELECT id FROM product WHERE code = 'P85376079038' LIMIT 1)
         LIMIT 1),
        25, '2025-09-29 12:00:00', '2025-08-20 12:00:00'),
       ((SELECT id
         FROM product_variant
         WHERE variant_name = '150g'
           AND product_id = (SELECT id FROM product WHERE code = 'P85376079038' LIMIT 1)
         LIMIT 1),
        16, '2025-09-29 12:00:00', '2025-08-20 12:00:00');
INSERT INTO product_category (product_id, category_id)
VALUES ((SELECT id FROM product WHERE code = 'P85376079038' LIMIT 1),
        (SELECT id FROM category WHERE name = '크레아틴' LIMIT 1));
INSERT IGNORE INTO product_rank (product_id, recent_sales, updated_at)
VALUES ((SELECT id FROM product WHERE code = 'P85376079038' LIMIT 1), 1420, '2025-09-29 12:00:00');


INSERT INTO product (brand_id, name, code, description, instruction, ingredients, cautions, disclaimer,
                     sale_start_date, expiration_date, max_qty_per_order, sales, avg_rating, review_count, min_price)
VALUES ((SELECT id FROM brand WHERE name = '잠백이'),
        '잠백이 저스트 크레아틴 모노 하이드레이트 대용량 1.2kg 400회분',
        'P89416529723', '잠백이 저스트 크레아틴 모노 하이드레이트 대용량 1.2kg 400회분',
        '하루 1-2스푼을 물에 타서 섭취하세요.', '크레아틴, 모노하이드레이트',
        '과다섭취 시 부작용이 있을 수 있습니다.', '본 제품은 질병의 예방 및 치료를 위한 의약품이 아닙니다.',
        '2025-10-05 00:00:00', 30, 6, 920, 4.4, 180, 29900);
INSERT INTO product_img (product_id, image_url, alt_text, sort_idx, is_primary)
VALUES ((SELECT id FROM product WHERE code = 'P89416529723' LIMIT 1),
        'https://shopping-phinf.pstatic.net/main_8941652/89416529723.1.jpg', '대표 이미지', 0, 1),
       ((SELECT id FROM product WHERE code = 'P89416529723' LIMIT 1),
        'https://shopping-phinf.pstatic.net/main_8941652/89416529723.2.jpg', '상품 상세', 1, 0),
       ((SELECT id FROM product WHERE code = 'P89416529723' LIMIT 1),
        'https://shopping-phinf.pstatic.net/main_8941652/89416529723.3.jpg', '성분 정보', 2, 0);
INSERT INTO product_variant (product_id, variant_name, list_price, sale_price, volume, upc_code, pill_size,
                             nutrition_facts, max_qty_per_order, restock_eta)
VALUES ((SELECT id FROM product WHERE code = 'P89416529723' LIMIT 1), '1.2kg', 29900, 27900, 1200, '600000000745',
        '1.2kg', '잠백이 저스트크레아틴', 6, NULL),
       ((SELECT id FROM product WHERE code = 'P89416529723' LIMIT 1), '600g', 17900, 15900, 600, '600000000746', '600g',
        '잠백이 저스트크레아틴', 6, NULL);
INSERT IGNORE INTO stock (product_variant_id, amount, updated_at, restocked_at)
VALUES ((SELECT id
         FROM product_variant
         WHERE variant_name = '1.2kg'
           AND product_id = (SELECT id FROM product WHERE code = 'P89416529723' LIMIT 1)
         LIMIT 1),
        8, '2025-09-29 12:00:00', '2025-08-20 12:00:00'),
       ((SELECT id
         FROM product_variant
         WHERE variant_name = '600g'
           AND product_id = (SELECT id FROM product WHERE code = 'P89416529723' LIMIT 1)
         LIMIT 1),
        5, '2025-09-29 12:00:00', '2025-08-20 12:00:00');
INSERT INTO product_category (product_id, category_id)
VALUES ((SELECT id FROM product WHERE code = 'P89416529723' LIMIT 1),
        (SELECT id FROM category WHERE name = '크레아틴' LIMIT 1));
INSERT IGNORE INTO product_rank (product_id, recent_sales, updated_at)
VALUES ((SELECT id FROM product WHERE code = 'P89416529723' LIMIT 1), 920, '2025-09-29 12:00:00');


INSERT INTO product (brand_id, name, code, description, instruction, ingredients, cautions, disclaimer,
                     sale_start_date, expiration_date, max_qty_per_order, sales, avg_rating, review_count, min_price)
VALUES ((SELECT id FROM brand WHERE name = '쿤스벅스'),
        'SAN 퍼포먼스 산 크레아틴 파우더 모노 하이드레이트 60서빙 300g',
        'P83973899212', 'SAN 퍼포먼스 산 크레아틴 파우더 모노 하이드레이트 60서빙 300g',
        '하루 1-2스푼을 물에 타서 섭취하세요.', '크레아틴, 모노하이드레이트',
        '과다섭취 시 부작용이 있을 수 있습니다.', '본 제품은 질병의 예방 및 치료를 위한 의약품이 아닙니다.',
        '2025-11-12 00:00:00', 30, 6, 2150, 4.1, 320, 24800);
INSERT INTO product_img (product_id, image_url, alt_text, sort_idx, is_primary)
VALUES ((SELECT id FROM product WHERE code = 'P83973899212' LIMIT 1),
        'https://shopping-phinf.pstatic.net/main_8397389/83973899212.1.jpg', '대표 이미지', 0, 1),
       ((SELECT id FROM product WHERE code = 'P83973899212' LIMIT 1),
        'https://shopping-phinf.pstatic.net/main_8397389/83973899212.2.jpg', '상품 상세', 1, 0),
       ((SELECT id FROM product WHERE code = 'P83973899212' LIMIT 1),
        'https://shopping-phinf.pstatic.net/main_8397389/83973899212.3.jpg', '성분 정보', 2, 0);
INSERT INTO product_variant (product_id, variant_name, list_price, sale_price, volume, upc_code, pill_size,
                             nutrition_facts, max_qty_per_order, restock_eta)
VALUES ((SELECT id FROM product WHERE code = 'P83973899212' LIMIT 1), '300g', 24800, 22800, 300, '600000000747', '300g',
        '쿤스벅스 SAN퍼포먼스', 6, NULL),
       ((SELECT id FROM product WHERE code = 'P83973899212' LIMIT 1), '150g', 14800, 12800, 150, '600000000748', '150g',
        '쿤스벅스 SAN퍼포먼스', 6, NULL);
INSERT IGNORE INTO stock (product_variant_id, amount, updated_at, restocked_at)
VALUES ((SELECT id
         FROM product_variant
         WHERE variant_name = '300g'
           AND product_id = (SELECT id FROM product WHERE code = 'P83973899212' LIMIT 1)
         LIMIT 1),
        20, '2025-09-29 12:00:00', '2025-08-20 12:00:00'),
       ((SELECT id
         FROM product_variant
         WHERE variant_name = '150g'
           AND product_id = (SELECT id FROM product WHERE code = 'P83973899212' LIMIT 1)
         LIMIT 1),
        13, '2025-09-29 12:00:00', '2025-08-20 12:00:00');
INSERT INTO product_category (product_id, category_id)
VALUES ((SELECT id FROM product WHERE code = 'P83973899212' LIMIT 1),
        (SELECT id FROM category WHERE name = '크레아틴' LIMIT 1));
INSERT IGNORE INTO product_rank (product_id, recent_sales, updated_at)
VALUES ((SELECT id FROM product WHERE code = 'P83973899212' LIMIT 1), 2150, '2025-09-29 12:00:00');


INSERT INTO product (brand_id, name, code, description, instruction, ingredients, cautions, disclaimer,
                     sale_start_date, expiration_date, max_qty_per_order, sales, avg_rating, review_count, min_price)
VALUES ((SELECT id FROM brand WHERE name = '제트리션'),
        '제트리션 제트 크레아틴 프로 1000mg 180정 크레아틴 모노 하이드레이트 알약 형태',
        'P82549480694', '제트리션 제트 크레아틴 프로 1000mg 180정 크레아틴 모노 하이드레이트 알약 형태',
        '하루 1-2정을 식후에 섭취하세요.', '크레아틴, 모노하이드레이트',
        '과다섭취 시 부작용이 있을 수 있습니다.', '본 제품은 질병의 예방 및 치료를 위한 의약품이 아닙니다.',
        '2025-12-25 00:00:00', 30, 6, 1680, 4.3, 280, 29500);
INSERT INTO product_img (product_id, image_url, alt_text, sort_idx, is_primary)
VALUES ((SELECT id FROM product WHERE code = 'P82549480694' LIMIT 1),
        'https://shopping-phinf.pstatic.net/main_8254948/82549480694.1.jpg', '대표 이미지', 0, 1),
       ((SELECT id FROM product WHERE code = 'P82549480694' LIMIT 1),
        'https://shopping-phinf.pstatic.net/main_8254948/82549480694.2.jpg', '상품 상세', 1, 0),
       ((SELECT id FROM product WHERE code = 'P82549480694' LIMIT 1),
        'https://shopping-phinf.pstatic.net/main_8254948/82549480694.3.jpg', '성분 정보', 2, 0);
INSERT INTO product_variant (product_id, variant_name, list_price, sale_price, volume, upc_code, pill_size,
                             nutrition_facts, max_qty_per_order, restock_eta)
VALUES ((SELECT id FROM product WHERE code = 'P82549480694' LIMIT 1), '180정', 29500, 27500, 180, '600000000749',
        '10x10x5mm', '제트리션 제트크레아틴', 6, NULL),
       ((SELECT id FROM product WHERE code = 'P82549480694' LIMIT 1), '90정', 17500, 15500, 90, '600000000750',
        '10x10x5mm', '제트리션 제트크레아틴', 6, NULL);
INSERT IGNORE INTO stock (product_variant_id, amount, updated_at, restocked_at)
VALUES ((SELECT id
         FROM product_variant
         WHERE variant_name = '180정'
           AND product_id = (SELECT id FROM product WHERE code = 'P82549480694' LIMIT 1)
         LIMIT 1),
        18, '2025-09-29 12:00:00', '2025-08-20 12:00:00'),
       ((SELECT id
         FROM product_variant
         WHERE variant_name = '90정'
           AND product_id = (SELECT id FROM product WHERE code = 'P82549480694' LIMIT 1)
         LIMIT 1),
        12, '2025-09-29 12:00:00', '2025-08-20 12:00:00');
INSERT INTO product_category (product_id, category_id)
VALUES ((SELECT id FROM product WHERE code = 'P82549480694' LIMIT 1),
        (SELECT id FROM category WHERE name = '크레아틴' LIMIT 1));
INSERT IGNORE INTO product_rank (product_id, recent_sales, updated_at)
VALUES ((SELECT id FROM product WHERE code = 'P82549480694' LIMIT 1), 1680, '2025-09-29 12:00:00');


INSERT INTO product (brand_id, name, code, description, instruction, ingredients, cautions, disclaimer,
                     sale_start_date, expiration_date, max_qty_per_order, sales, avg_rating, review_count, min_price)
VALUES ((SELECT id FROM brand WHERE name = '킹콩팩토리'),
        '한국네츄럴팜 킹콩팩토리 머슬킹콩 크레아틴 500mg x 180캡슐, 1개',
        'P52648730830', '한국네츄럴팜 킹콩팩토리 머슬킹콩 크레아틴 500mg x 180캡슐, 1개',
        '하루 1-2정을 식후에 섭취하세요.', '크레아틴, 머슬킹콩',
        '과다섭취 시 부작용이 있을 수 있습니다.', '본 제품은 질병의 예방 및 치료를 위한 의약품이 아닙니다.',
        '2025-11-05 00:00:00', 30, 6, 1890, 4.1, 280, 20100);
INSERT INTO product_img (product_id, image_url, alt_text, sort_idx, is_primary)
VALUES ((SELECT id FROM product WHERE code = 'P52648730830' LIMIT 1),
        'https://shopping-phinf.pstatic.net/main_5264873/52648730830.1.jpg', '대표 이미지', 0, 1),
       ((SELECT id FROM product WHERE code = 'P52648730830' LIMIT 1),
        'https://shopping-phinf.pstatic.net/main_5264873/52648730830.2.jpg', '상품 상세', 1, 0),
       ((SELECT id FROM product WHERE code = 'P52648730830' LIMIT 1),
        'https://shopping-phinf.pstatic.net/main_5264873/52648730830.3.jpg', '성분 정보', 2, 0);
INSERT INTO product_variant (product_id, variant_name, list_price, sale_price, volume, upc_code, pill_size,
                             nutrition_facts, max_qty_per_order, restock_eta)
VALUES ((SELECT id FROM product WHERE code = 'P52648730830' LIMIT 1), '180캡슐', 20100, 18100, 180, '600000000753',
        '10x10x5mm', '킹콩팩토리 머슬킹콩', 6, NULL),
       ((SELECT id FROM product WHERE code = 'P52648730830' LIMIT 1), '90캡슐', 12100, 10100, 90, '600000000754',
        '10x10x5mm', '킹콩팩토리 머슬킹콩', 6, NULL);
INSERT IGNORE INTO stock (product_variant_id, amount, updated_at, restocked_at)
VALUES ((SELECT id
         FROM product_variant
         WHERE variant_name = '180캡슐'
           AND product_id = (SELECT id FROM product WHERE code = 'P52648730830' LIMIT 1)
         LIMIT 1),
        25, '2025-09-29 12:00:00', '2025-08-20 12:00:00'),
       ((SELECT id
         FROM product_variant
         WHERE variant_name = '90캡슐'
           AND product_id = (SELECT id FROM product WHERE code = 'P52648730830' LIMIT 1)
         LIMIT 1),
        16, '2025-09-29 12:00:00', '2025-08-20 12:00:00');
INSERT INTO product_category (product_id, category_id)
VALUES ((SELECT id FROM product WHERE code = 'P52648730830' LIMIT 1),
        (SELECT id FROM category WHERE name = '크레아틴' LIMIT 1));
INSERT IGNORE INTO product_rank (product_id, recent_sales, updated_at)
VALUES ((SELECT id FROM product WHERE code = 'P52648730830' LIMIT 1), 1890, '2025-09-29 12:00:00');


INSERT INTO product (brand_id, name, code, description, instruction, ingredients, cautions, disclaimer,
                     sale_start_date, expiration_date, max_qty_per_order, sales, avg_rating, review_count, min_price)
VALUES ((SELECT id FROM brand WHERE name = '내츄럴플러스'),
        '동서바이오팜 내츄럴플러스 근력운동엔 크레아틴 파워 3000 6000mg x 30포',
        'P48748403618', '동서바이오팜 내츄럴플러스 근력운동엔 크레아틴 파워 3000 6000mg x 30포',
        '하루 1-2포를 물에 타서 섭취하세요.', '크레아틴, 파워',
        '과다섭취 시 부작용이 있을 수 있습니다.', '본 제품은 질병의 예방 및 치료를 위한 의약품이 아닙니다.',
        '2025-12-08 00:00:00', 30, 6, 1420, 4.0, 220, 10250);
INSERT INTO product_img (product_id, image_url, alt_text, sort_idx, is_primary)
VALUES ((SELECT id FROM product WHERE code = 'P48748403618' LIMIT 1),
        'https://shopping-phinf.pstatic.net/main_4874840/48748403618.1.jpg', '대표 이미지', 0, 1),
       ((SELECT id FROM product WHERE code = 'P48748403618' LIMIT 1),
        'https://shopping-phinf.pstatic.net/main_4874840/48748403618.2.jpg', '상품 상세', 1, 0),
       ((SELECT id FROM product WHERE code = 'P48748403618' LIMIT 1),
        'https://shopping-phinf.pstatic.net/main_4874840/48748403618.3.jpg', '성분 정보', 2, 0);
INSERT INTO product_variant (product_id, variant_name, list_price, sale_price, volume, upc_code, pill_size,
                             nutrition_facts, max_qty_per_order, restock_eta)
VALUES ((SELECT id FROM product WHERE code = 'P48748403618' LIMIT 1), '30포', 10250, 8250, 30, '600000000755',
        '10x10x5mm', '내츄럴플러스 크레아틴파워', 6, NULL),
       ((SELECT id FROM product WHERE code = 'P48748403618' LIMIT 1), '15포', 6250, 4250, 15, '600000000756',
        '10x10x5mm', '내츄럴플러스 크레아틴파워', 6, NULL);
INSERT IGNORE INTO stock (product_variant_id, amount, updated_at, restocked_at)
VALUES ((SELECT id
         FROM product_variant
         WHERE variant_name = '30포'
           AND product_id = (SELECT id FROM product WHERE code = 'P48748403618' LIMIT 1)
         LIMIT 1),
        35, '2025-09-29 12:00:00', '2025-08-20 12:00:00'),
       ((SELECT id
         FROM product_variant
         WHERE variant_name = '15포'
           AND product_id = (SELECT id FROM product WHERE code = 'P48748403618' LIMIT 1)
         LIMIT 1),
        22, '2025-09-29 12:00:00', '2025-08-20 12:00:00');
INSERT INTO product_category (product_id, category_id)
VALUES ((SELECT id FROM product WHERE code = 'P48748403618' LIMIT 1),
        (SELECT id FROM category WHERE name = '크레아틴' LIMIT 1));
INSERT IGNORE INTO product_rank (product_id, recent_sales, updated_at)
VALUES ((SELECT id FROM product WHERE code = 'P48748403618' LIMIT 1), 1420, '2025-09-29 12:00:00');


INSERT INTO product (brand_id, name, code, description, instruction, ingredients, cautions, disclaimer,
                     sale_start_date, expiration_date, max_qty_per_order, sales, avg_rating, review_count, min_price)
VALUES ((SELECT id FROM brand WHERE name = '뉴트리코스트'),
        '뉴트리코스트 마이크로나이즈드 크레아틴 모노하이드레이트 1kg',
        'P36191192620', '뉴트리코스트 마이크로나이즈드 크레아틴 모노하이드레이트 1kg',
        '하루 1-2스푼을 물에 타서 섭취하세요.', '크레아틴, 모노하이드레이트',
        '과다섭취 시 부작용이 있을 수 있습니다.', '본 제품은 질병의 예방 및 치료를 위한 의약품이 아닙니다.',
        '2025-10-12 00:00:00', 30, 6, 920, 4.3, 180, 28980);
INSERT INTO product_img (product_id, image_url, alt_text, sort_idx, is_primary)
VALUES ((SELECT id FROM product WHERE code = 'P36191192620' LIMIT 1),
        'https://shopping-phinf.pstatic.net/main_3619119/36191192620.1.jpg', '대표 이미지', 0, 1),
       ((SELECT id FROM product WHERE code = 'P36191192620' LIMIT 1),
        'https://shopping-phinf.pstatic.net/main_3619119/36191192620.2.jpg', '상품 상세', 1, 0),
       ((SELECT id FROM product WHERE code = 'P36191192620' LIMIT 1),
        'https://shopping-phinf.pstatic.net/main_3619119/36191192620.3.jpg', '성분 정보', 2, 0);
INSERT INTO product_variant (product_id, variant_name, list_price, sale_price, volume, upc_code, pill_size,
                             nutrition_facts, max_qty_per_order, restock_eta)
VALUES ((SELECT id FROM product WHERE code = 'P36191192620' LIMIT 1), '1kg', 28980, 26980, 1000, '600000000757', '1kg',
        '뉴트리코스트 마이크로나이즈드', 6, NULL),
       ((SELECT id FROM product WHERE code = 'P36191192620' LIMIT 1), '500g', 16980, 14980, 500, '600000000758', '500g',
        '뉴트리코스트 마이크로나이즈드', 6, NULL);
INSERT IGNORE INTO stock (product_variant_id, amount, updated_at, restocked_at)
VALUES ((SELECT id
         FROM product_variant
         WHERE variant_name = '1kg'
           AND product_id = (SELECT id FROM product WHERE code = 'P36191192620' LIMIT 1)
         LIMIT 1),
        8, '2025-09-29 12:00:00', '2025-08-20 12:00:00'),
       ((SELECT id
         FROM product_variant
         WHERE variant_name = '500g'
           AND product_id = (SELECT id FROM product WHERE code = 'P36191192620' LIMIT 1)
         LIMIT 1),
        5, '2025-09-29 12:00:00', '2025-08-20 12:00:00');
INSERT INTO product_category (product_id, category_id)
VALUES ((SELECT id FROM product WHERE code = 'P36191192620' LIMIT 1),
        (SELECT id FROM category WHERE name = '크레아틴' LIMIT 1));
INSERT IGNORE INTO product_rank (product_id, recent_sales, updated_at)
VALUES ((SELECT id FROM product WHERE code = 'P36191192620' LIMIT 1), 920, '2025-09-29 12:00:00');


INSERT INTO product (brand_id, name, code, description, instruction, ingredients, cautions, disclaimer,
                     sale_start_date, expiration_date, max_qty_per_order, sales, avg_rating, review_count, min_price)
VALUES ((SELECT id FROM brand WHERE name = '헬시오리진스'),
        '헬시오리진스 수프림 크레아틴 Supreme Creatine 무맛 600g',
        'P88899793765', '헬시오리진스 수프림 크레아틴 Supreme Creatine 무맛 600g',
        '하루 1-2스푼을 물에 타서 섭취하세요.', '크레아틴, 수프림',
        '과다섭취 시 부작용이 있을 수 있습니다.', '본 제품은 질병의 예방 및 치료를 위한 의약품이 아닙니다.',
        '2025-11-22 00:00:00', 30, 6, 680, 4.4, 150, 26900);
INSERT INTO product_img (product_id, image_url, alt_text, sort_idx, is_primary)
VALUES ((SELECT id FROM product WHERE code = 'P88899793765' LIMIT 1),
        'https://shopping-phinf.pstatic.net/main_8889979/88899793765.1.jpg', '대표 이미지', 0, 1),
       ((SELECT id FROM product WHERE code = 'P88899793765' LIMIT 1),
        'https://shopping-phinf.pstatic.net/main_8889979/88899793765.2.jpg', '상품 상세', 1, 0),
       ((SELECT id FROM product WHERE code = 'P88899793765' LIMIT 1),
        'https://shopping-phinf.pstatic.net/main_8889979/88899793765.3.jpg', '성분 정보', 2, 0);
INSERT INTO product_variant (product_id, variant_name, list_price, sale_price, volume, upc_code, pill_size,
                             nutrition_facts, max_qty_per_order, restock_eta)
VALUES ((SELECT id FROM product WHERE code = 'P88899793765' LIMIT 1), '600g', 26900, 24900, 600, '600000000759', '600g',
        '헬시오리진스 수프림크레아틴', 6, NULL),
       ((SELECT id FROM product WHERE code = 'P88899793765' LIMIT 1), '300g', 15900, 13900, 300, '600000000760', '300g',
        '헬시오리진스 수프림크레아틴', 6, NULL);
INSERT IGNORE INTO stock (product_variant_id, amount, updated_at, restocked_at)
VALUES ((SELECT id
         FROM product_variant
         WHERE variant_name = '600g'
           AND product_id = (SELECT id FROM product WHERE code = 'P88899793765' LIMIT 1)
         LIMIT 1),
        12, '2025-09-29 12:00:00', '2025-08-20 12:00:00'),
       ((SELECT id
         FROM product_variant
         WHERE variant_name = '300g'
           AND product_id = (SELECT id FROM product WHERE code = 'P88899793765' LIMIT 1)
         LIMIT 1),
        8, '2025-09-29 12:00:00', '2025-08-20 12:00:00');
INSERT INTO product_category (product_id, category_id)
VALUES ((SELECT id FROM product WHERE code = 'P88899793765' LIMIT 1),
        (SELECT id FROM category WHERE name = '크레아틴' LIMIT 1));
INSERT IGNORE INTO product_rank (product_id, recent_sales, updated_at)
VALUES ((SELECT id FROM product WHERE code = 'P88899793765' LIMIT 1), 680, '2025-09-29 12:00:00');


INSERT IGNORE INTO brand (name)
VALUES ('스포츠리서치');
INSERT IGNORE INTO brand (name)
VALUES ('로스스토어');
INSERT IGNORE INTO brand (name)
VALUES ('블랙모어스');
INSERT IGNORE INTO brand (name)
VALUES ('노르딕내추럴스');
INSERT IGNORE INTO brand (name)
VALUES ('코스트물류');
INSERT IGNORE INTO brand (name)
VALUES ('더리얼');
INSERT IGNORE INTO brand (name)
VALUES ('캘리포니아골드뉴트리션');

INSERT INTO product (brand_id, name, code, description, instruction, ingredients, cautions, disclaimer,
                     sale_start_date, expiration_date, max_qty_per_order, sales, avg_rating, review_count, min_price)
VALUES ((SELECT id FROM brand WHERE name = '스포츠리서치'),
        '[1+1] 스포츠리서치 오메가3 rTG 피쉬오일 1250mg 트리플스트렝스 30정x2개',
        'P82114927988', '[1+1] 스포츠리서치 오메가3 rTG 피쉬오일 1250mg 트리플스트렝스 30정x2개',
        '하루 1-2정을 식후에 섭취하세요.', '오메가3, 피쉬오일',
        '과다섭취 시 부작용이 있을 수 있습니다.', '본 제품은 질병의 예방 및 치료를 위한 의약품이 아닙니다.',
        '2025-10-15 00:00:00', 30, 6, 2680, 4.4, 420, 39900);
INSERT INTO product_img (product_id, image_url, alt_text, sort_idx, is_primary)
VALUES ((SELECT id FROM product WHERE code = 'P82114927988' LIMIT 1),
        'https://shopping-phinf.pstatic.net/main_8211492/82114927988.1.jpg', '대표 이미지', 0, 1),
       ((SELECT id FROM product WHERE code = 'P82114927988' LIMIT 1),
        'https://shopping-phinf.pstatic.net/main_8211492/82114927988.2.jpg', '상품 상세', 1, 0),
       ((SELECT id FROM product WHERE code = 'P82114927988' LIMIT 1),
        'https://shopping-phinf.pstatic.net/main_8211492/82114927988.3.jpg', '성분 정보', 2, 0);
INSERT INTO product_variant (product_id, variant_name, list_price, sale_price, volume, upc_code, pill_size,
                             nutrition_facts, max_qty_per_order, restock_eta)
VALUES ((SELECT id FROM product WHERE code = 'P82114927988' LIMIT 1), '2개', 39900, 37900, 2, '600000000761',
        '10x10x5mm', '스포츠리서치 트리플스트렝스', 6, NULL),
       ((SELECT id FROM product WHERE code = 'P82114927988' LIMIT 1), '1개', 22900, 20900, 1, '600000000762',
        '10x10x5mm', '스포츠리서치 트리플스트렝스', 6, NULL);
INSERT IGNORE INTO stock (product_variant_id, amount, updated_at, restocked_at)
VALUES ((SELECT id
         FROM product_variant
         WHERE variant_name = '2개'
           AND product_id = (SELECT id FROM product WHERE code = 'P82114927988' LIMIT 1)
         LIMIT 1),
        18, '2025-09-29 12:00:00', '2025-08-20 12:00:00'),
       ((SELECT id
         FROM product_variant
         WHERE variant_name = '1개'
           AND product_id = (SELECT id FROM product WHERE code = 'P82114927988' LIMIT 1)
         LIMIT 1),
        12, '2025-09-29 12:00:00', '2025-08-20 12:00:00');
INSERT INTO product_category (product_id, category_id)
VALUES ((SELECT id FROM product WHERE code = 'P82114927988' LIMIT 1),
        (SELECT id FROM category WHERE name = '오메가3 피쉬 오일' LIMIT 1));
INSERT IGNORE INTO product_rank (product_id, recent_sales, updated_at)
VALUES ((SELECT id FROM product WHERE code = 'P82114927988' LIMIT 1), 2680, '2025-09-29 12:00:00');


INSERT INTO product (brand_id, name, code, description, instruction, ingredients, cautions, disclaimer,
                     sale_start_date, expiration_date, max_qty_per_order, sales, avg_rating, review_count, min_price)
VALUES ((SELECT id FROM brand WHERE name = '블랙모어스'),
        '블랙모어스 알티지오메가3 호주 프리미엄 RTG오메가3 임산부 피쉬오일 미니 캡슐 2+1',
        'P83033784834', '블랙모어스 알티지오메가3 호주 프리미엄 RTG오메가3 임산부 피쉬오일 미니 캡슐 2+1',
        '하루 1-2정을 식후에 섭취하세요.', '오메가3, 피쉬오일',
        '과다섭취 시 부작용이 있을 수 있습니다.', '본 제품은 질병의 예방 및 치료를 위한 의약품이 아닙니다.',
        '2025-11-25 00:00:00', 30, 6, 1890, 4.5, 280, 45900);
INSERT INTO product_img (product_id, image_url, alt_text, sort_idx, is_primary)
VALUES ((SELECT id FROM product WHERE code = 'P83033784834' LIMIT 1),
        'https://shopping-phinf.pstatic.net/main_8303378/83033784834.1.jpg', '대표 이미지', 0, 1),
       ((SELECT id FROM product WHERE code = 'P83033784834' LIMIT 1),
        'https://shopping-phinf.pstatic.net/main_8303378/83033784834.2.jpg', '상품 상세', 1, 0),
       ((SELECT id FROM product WHERE code = 'P83033784834' LIMIT 1),
        'https://shopping-phinf.pstatic.net/main_8303378/83033784834.3.jpg', '성분 정보', 2, 0);
INSERT INTO product_variant (product_id, variant_name, list_price, sale_price, volume, upc_code, pill_size,
                             nutrition_facts, max_qty_per_order, restock_eta)
VALUES ((SELECT id FROM product WHERE code = 'P83033784834' LIMIT 1), '2+1', 45900, 43900, 3, '600000000763',
        '10x10x5mm', '블랙모어스 알티지오메가3', 6, NULL),
       ((SELECT id FROM product WHERE code = 'P83033784834' LIMIT 1), '1개', 25900, 23900, 1, '600000000764',
        '10x10x5mm', '블랙모어스 알티지오메가3', 6, NULL);
INSERT IGNORE INTO stock (product_variant_id, amount, updated_at, restocked_at)
VALUES ((SELECT id
         FROM product_variant
         WHERE variant_name = '2+1'
           AND product_id = (SELECT id FROM product WHERE code = 'P83033784834' LIMIT 1)
         LIMIT 1),
        15, '2025-09-29 12:00:00', '2025-08-20 12:00:00'),
       ((SELECT id
         FROM product_variant
         WHERE variant_name = '1개'
           AND product_id = (SELECT id FROM product WHERE code = 'P83033784834' LIMIT 1)
         LIMIT 1),
        10, '2025-09-29 12:00:00', '2025-08-20 12:00:00');
INSERT INTO product_category (product_id, category_id)
VALUES ((SELECT id FROM product WHERE code = 'P83033784834' LIMIT 1),
        (SELECT id FROM category WHERE name = '오메가3 피쉬 오일' LIMIT 1));
INSERT IGNORE INTO product_rank (product_id, recent_sales, updated_at)
VALUES ((SELECT id FROM product WHERE code = 'P83033784834' LIMIT 1), 1890, '2025-09-29 12:00:00');


INSERT INTO product (brand_id, name, code, description, instruction, ingredients, cautions, disclaimer,
                     sale_start_date, expiration_date, max_qty_per_order, sales, avg_rating, review_count, min_price)
VALUES ((SELECT id FROM brand WHERE name = '종근당건강'),
        '종근당건강 프로메가 오메가3 트리플 654mg x 60캡슐, 2개',
        'P51929227006', '종근당건강 프로메가 오메가3 트리플 654mg x 60캡슐, 2개',
        '하루 1-2정을 식후에 섭취하세요.', '오메가3, 트리플',
        '과다섭취 시 부작용이 있을 수 있습니다.', '본 제품은 질병의 예방 및 치료를 위한 의약품이 아닙니다.',
        '2025-10-28 00:00:00', 30, 6, 2150, 4.2, 320, 20770);
INSERT INTO product_img (product_id, image_url, alt_text, sort_idx, is_primary)
VALUES ((SELECT id FROM product WHERE code = 'P51929227006' LIMIT 1),
        'https://shopping-phinf.pstatic.net/main_5192922/51929227006.1.jpg', '대표 이미지', 0, 1),
       ((SELECT id FROM product WHERE code = 'P51929227006' LIMIT 1),
        'https://shopping-phinf.pstatic.net/main_5192922/51929227006.2.jpg', '상품 상세', 1, 0),
       ((SELECT id FROM product WHERE code = 'P51929227006' LIMIT 1),
        'https://shopping-phinf.pstatic.net/main_5192922/51929227006.3.jpg', '성분 정보', 2, 0);
INSERT INTO product_variant (product_id, variant_name, list_price, sale_price, volume, upc_code, pill_size,
                             nutrition_facts, max_qty_per_order, restock_eta)
VALUES ((SELECT id FROM product WHERE code = 'P51929227006' LIMIT 1), '2개', 20770, 18770, 2, '600000000767',
        '10x10x5mm', '종근당건강 프로메가', 6, NULL),
       ((SELECT id FROM product WHERE code = 'P51929227006' LIMIT 1), '1개', 11770, 9770, 1, '600000000768', '10x10x5mm',
        '종근당건강 프로메가', 6, NULL);
INSERT IGNORE INTO stock (product_variant_id, amount, updated_at, restocked_at)
VALUES ((SELECT id
         FROM product_variant
         WHERE variant_name = '2개'
           AND product_id = (SELECT id FROM product WHERE code = 'P51929227006' LIMIT 1)
         LIMIT 1),
        25, '2025-09-29 12:00:00', '2025-08-20 12:00:00'),
       ((SELECT id
         FROM product_variant
         WHERE variant_name = '1개'
           AND product_id = (SELECT id FROM product WHERE code = 'P51929227006' LIMIT 1)
         LIMIT 1),
        16, '2025-09-29 12:00:00', '2025-08-20 12:00:00');
INSERT INTO product_category (product_id, category_id)
VALUES ((SELECT id FROM product WHERE code = 'P51929227006' LIMIT 1),
        (SELECT id FROM category WHERE name = '오메가3 피쉬 오일' LIMIT 1));
INSERT IGNORE INTO product_rank (product_id, recent_sales, updated_at)
VALUES ((SELECT id FROM product WHERE code = 'P51929227006' LIMIT 1), 2150, '2025-09-29 12:00:00');


INSERT INTO product (brand_id, name, code, description, instruction, ingredients, cautions, disclaimer,
                     sale_start_date, expiration_date, max_qty_per_order, sales, avg_rating, review_count, min_price)
VALUES ((SELECT id FROM brand WHERE name = '노르딕내추럴스'),
        '노르딕내추럴스 얼티메이트 오메가3 1280mg x 180정, 1개',
        'P53547017659', '노르딕내추럴스 얼티메이트 오메가3 1280mg x 180정, 1개',
        '하루 1-2정을 식후에 섭취하세요.', '오메가3, 얼티메이트',
        '과다섭취 시 부작용이 있을 수 있습니다.', '본 제품은 질병의 예방 및 치료를 위한 의약품이 아닙니다.',
        '2025-11-08 00:00:00', 30, 6, 920, 4.3, 180, 54720);
INSERT INTO product_img (product_id, image_url, alt_text, sort_idx, is_primary)
VALUES ((SELECT id FROM product WHERE code = 'P53547017659' LIMIT 1),
        'https://shopping-phinf.pstatic.net/main_5354701/53547017659.1.jpg', '대표 이미지', 0, 1),
       ((SELECT id FROM product WHERE code = 'P53547017659' LIMIT 1),
        'https://shopping-phinf.pstatic.net/main_5354701/53547017659.2.jpg', '상품 상세', 1, 0),
       ((SELECT id FROM product WHERE code = 'P53547017659' LIMIT 1),
        'https://shopping-phinf.pstatic.net/main_5354701/53547017659.3.jpg', '성분 정보', 2, 0);
INSERT INTO product_variant (product_id, variant_name, list_price, sale_price, volume, upc_code, pill_size,
                             nutrition_facts, max_qty_per_order, restock_eta)
VALUES ((SELECT id FROM product WHERE code = 'P53547017659' LIMIT 1), '180정', 54720, 52720, 180, '600000000769',
        '10x10x5mm', '노르딕내추럴스 얼티메이트', 6, NULL),
       ((SELECT id FROM product WHERE code = 'P53547017659' LIMIT 1), '90정', 31720, 29720, 90, '600000000770',
        '10x10x5mm', '노르딕내추럴스 얼티메이트', 6, NULL);
INSERT IGNORE INTO stock (product_variant_id, amount, updated_at, restocked_at)
VALUES ((SELECT id
         FROM product_variant
         WHERE variant_name = '180정'
           AND product_id = (SELECT id FROM product WHERE code = 'P53547017659' LIMIT 1)
         LIMIT 1),
        12, '2025-09-29 12:00:00', '2025-08-20 12:00:00'),
       ((SELECT id
         FROM product_variant
         WHERE variant_name = '90정'
           AND product_id = (SELECT id FROM product WHERE code = 'P53547017659' LIMIT 1)
         LIMIT 1),
        8, '2025-09-29 12:00:00', '2025-08-20 12:00:00');
INSERT INTO product_category (product_id, category_id)
VALUES ((SELECT id FROM product WHERE code = 'P53547017659' LIMIT 1),
        (SELECT id FROM category WHERE name = '오메가3 피쉬 오일' LIMIT 1));
INSERT IGNORE INTO product_rank (product_id, recent_sales, updated_at)
VALUES ((SELECT id FROM product WHERE code = 'P53547017659' LIMIT 1), 920, '2025-09-29 12:00:00');


INSERT INTO product (brand_id, name, code, description, instruction, ingredients, cautions, disclaimer,
                     sale_start_date, expiration_date, max_qty_per_order, sales, avg_rating, review_count, min_price)
VALUES ((SELECT id FROM brand WHERE name = '스포츠리서치'),
        '스포츠리서치 트리플 스트렝스 피쉬 오일 90정, 1개',
        'P53547120084', '스포츠리서치 트리플 스트렝스 피쉬 오일 90정, 1개',
        '하루 1-2정을 식후에 섭취하세요.', '피쉬오일, 트리플스트렝스',
        '과다섭취 시 부작용이 있을 수 있습니다.', '본 제품은 질병의 예방 및 치료를 위한 의약품이 아닙니다.',
        '2025-12-18 00:00:00', 30, 6, 1680, 4.1, 280, 30400);
INSERT INTO product_img (product_id, image_url, alt_text, sort_idx, is_primary)
VALUES ((SELECT id FROM product WHERE code = 'P53547120084' LIMIT 1),
        'https://shopping-phinf.pstatic.net/main_5354712/53547120084.1.jpg', '대표 이미지', 0, 1),
       ((SELECT id FROM product WHERE code = 'P53547120084' LIMIT 1),
        'https://shopping-phinf.pstatic.net/main_5354712/53547120084.2.jpg', '상품 상세', 1, 0),
       ((SELECT id FROM product WHERE code = 'P53547120084' LIMIT 1),
        'https://shopping-phinf.pstatic.net/main_5354712/53547120084.3.jpg', '성분 정보', 2, 0);
INSERT INTO product_variant (product_id, variant_name, list_price, sale_price, volume, upc_code, pill_size,
                             nutrition_facts, max_qty_per_order, restock_eta)
VALUES ((SELECT id FROM product WHERE code = 'P53547120084' LIMIT 1), '90정', 30400, 28400, 90, '600000000771',
        '10x10x5mm', '스포츠리서치 트리플스트렝스', 6, NULL),
       ((SELECT id FROM product WHERE code = 'P53547120084' LIMIT 1), '45정', 18400, 16400, 45, '600000000772',
        '10x10x5mm', '스포츠리서치 트리플스트렝스', 6, NULL);
INSERT IGNORE INTO stock (product_variant_id, amount, updated_at, restocked_at)
VALUES ((SELECT id
         FROM product_variant
         WHERE variant_name = '90정'
           AND product_id = (SELECT id FROM product WHERE code = 'P53547120084' LIMIT 1)
         LIMIT 1),
        18, '2025-09-29 12:00:00', '2025-08-20 12:00:00'),
       ((SELECT id
         FROM product_variant
         WHERE variant_name = '45정'
           AND product_id = (SELECT id FROM product WHERE code = 'P53547120084' LIMIT 1)
         LIMIT 1),
        12, '2025-09-29 12:00:00', '2025-08-20 12:00:00');
INSERT INTO product_category (product_id, category_id)
VALUES ((SELECT id FROM product WHERE code = 'P53547120084' LIMIT 1),
        (SELECT id FROM category WHERE name = '오메가3 피쉬 오일' LIMIT 1));
INSERT IGNORE INTO product_rank (product_id, recent_sales, updated_at)
VALUES ((SELECT id FROM product WHERE code = 'P53547120084' LIMIT 1), 1680, '2025-09-29 12:00:00');


INSERT INTO product (brand_id, name, code, description, instruction, ingredients, cautions, disclaimer,
                     sale_start_date, expiration_date, max_qty_per_order, sales, avg_rating, review_count, min_price)
VALUES ((SELECT id FROM brand WHERE name = '블랙모어스'),
        '[알티지오메가]블랙모어스 오메가3 250캡슐 오더리스 피쉬오일 미니 캡슐 510MG',
        'P83118452870', '[알티지오메가]블랙모어스 오메가3 250캡슐 오더리스 피쉬오일 미니 캡슐 510MG',
        '하루 1-2정을 식후에 섭취하세요.', '오메가3, 피쉬오일',
        '과다섭취 시 부작용이 있을 수 있습니다.', '본 제품은 질병의 예방 및 치료를 위한 의약품이 아닙니다.',
        '2025-10-22 00:00:00', 30, 6, 2450, 4.2, 380, 27980);
INSERT INTO product_img (product_id, image_url, alt_text, sort_idx, is_primary)
VALUES ((SELECT id FROM product WHERE code = 'P83118452870' LIMIT 1),
        'https://shopping-phinf.pstatic.net/main_8311845/83118452870.1.jpg', '대표 이미지', 0, 1),
       ((SELECT id FROM product WHERE code = 'P83118452870' LIMIT 1),
        'https://shopping-phinf.pstatic.net/main_8311845/83118452870.2.jpg', '상품 상세', 1, 0),
       ((SELECT id FROM product WHERE code = 'P83118452870' LIMIT 1),
        'https://shopping-phinf.pstatic.net/main_8311845/83118452870.3.jpg', '성분 정보', 2, 0);
INSERT INTO product_variant (product_id, variant_name, list_price, sale_price, volume, upc_code, pill_size,
                             nutrition_facts, max_qty_per_order, restock_eta)
VALUES ((SELECT id FROM product WHERE code = 'P83118452870' LIMIT 1), '250캡슐', 27980, 25980, 250, '600000000773',
        '10x10x5mm', '블랙모어스 알티지오메가', 6, NULL),
       ((SELECT id FROM product WHERE code = 'P83118452870' LIMIT 1), '125캡슐', 15980, 13980, 125, '600000000774',
        '10x10x5mm', '블랙모어스 알티지오메가', 6, NULL);
INSERT IGNORE INTO stock (product_variant_id, amount, updated_at, restocked_at)
VALUES ((SELECT id
         FROM product_variant
         WHERE variant_name = '250캡슐'
           AND product_id = (SELECT id FROM product WHERE code = 'P83118452870' LIMIT 1)
         LIMIT 1),
        22, '2025-09-29 12:00:00', '2025-08-20 12:00:00'),
       ((SELECT id
         FROM product_variant
         WHERE variant_name = '125캡슐'
           AND product_id = (SELECT id FROM product WHERE code = 'P83118452870' LIMIT 1)
         LIMIT 1),
        14, '2025-09-29 12:00:00', '2025-08-20 12:00:00');
INSERT INTO product_category (product_id, category_id)
VALUES ((SELECT id FROM product WHERE code = 'P83118452870' LIMIT 1),
        (SELECT id FROM category WHERE name = '오메가3 피쉬 오일' LIMIT 1));
INSERT IGNORE INTO product_rank (product_id, recent_sales, updated_at)
VALUES ((SELECT id FROM product WHERE code = 'P83118452870' LIMIT 1), 2450, '2025-09-29 12:00:00');


INSERT INTO product (brand_id, name, code, description, instruction, ingredients, cautions, disclaimer,
                     sale_start_date, expiration_date, max_qty_per_order, sales, avg_rating, review_count, min_price)
VALUES ((SELECT id FROM brand WHERE name = '더리얼'),
        '더리얼 프리미엄 알티지 오메가3 피쉬오일1350 1368mg x 180캡슐, 1개',
        'P51929521831', '더리얼 프리미엄 알티지 오메가3 피쉬오일1350 1368mg x 180캡슐, 1개',
        '하루 1-2정을 식후에 섭취하세요.', '오메가3, 피쉬오일',
        '과다섭취 시 부작용이 있을 수 있습니다.', '본 제품은 질병의 예방 및 치료를 위한 의약품이 아닙니다.',
        '2025-11-30 00:00:00', 30, 6, 1420, 4.1, 210, 38980);
INSERT INTO product_img (product_id, image_url, alt_text, sort_idx, is_primary)
VALUES ((SELECT id FROM product WHERE code = 'P51929521831' LIMIT 1),
        'https://shopping-phinf.pstatic.net/main_5192952/51929521831.1.jpg', '대표 이미지', 0, 1),
       ((SELECT id FROM product WHERE code = 'P51929521831' LIMIT 1),
        'https://shopping-phinf.pstatic.net/main_5192952/51929521831.2.jpg', '상품 상세', 1, 0),
       ((SELECT id FROM product WHERE code = 'P51929521831' LIMIT 1),
        'https://shopping-phinf.pstatic.net/main_5192952/51929521831.3.jpg', '성분 정보', 2, 0);
INSERT INTO product_variant (product_id, variant_name, list_price, sale_price, volume, upc_code, pill_size,
                             nutrition_facts, max_qty_per_order, restock_eta)
VALUES ((SELECT id FROM product WHERE code = 'P51929521831' LIMIT 1), '180캡슐', 38980, 36980, 180, '600000000775',
        '10x10x5mm', '더리얼 프리미엄알티지', 6, NULL),
       ((SELECT id FROM product WHERE code = 'P51929521831' LIMIT 1), '90캡슐', 22980, 20980, 90, '600000000776',
        '10x10x5mm', '더리얼 프리미엄알티지', 6, NULL);
INSERT IGNORE INTO stock (product_variant_id, amount, updated_at, restocked_at)
VALUES ((SELECT id
         FROM product_variant
         WHERE variant_name = '180캡슐'
           AND product_id = (SELECT id FROM product WHERE code = 'P51929521831' LIMIT 1)
         LIMIT 1),
        15, '2025-09-29 12:00:00', '2025-08-20 12:00:00'),
       ((SELECT id
         FROM product_variant
         WHERE variant_name = '90캡슐'
           AND product_id = (SELECT id FROM product WHERE code = 'P51929521831' LIMIT 1)
         LIMIT 1),
        10, '2025-09-29 12:00:00', '2025-08-20 12:00:00');
INSERT INTO product_category (product_id, category_id)
VALUES ((SELECT id FROM product WHERE code = 'P51929521831' LIMIT 1),
        (SELECT id FROM category WHERE name = '오메가3 피쉬 오일' LIMIT 1));
INSERT IGNORE INTO product_rank (product_id, recent_sales, updated_at)
VALUES ((SELECT id FROM product WHERE code = 'P51929521831' LIMIT 1), 1420, '2025-09-29 12:00:00');


INSERT INTO product (brand_id, name, code, description, instruction, ingredients, cautions, disclaimer,
                     sale_start_date, expiration_date, max_qty_per_order, sales, avg_rating, review_count, min_price)
VALUES ((SELECT id FROM brand WHERE name = '캘리포니아골드뉴트리션'),
        '캘리포니아골드뉴트리션 오메가 800 1000mg x 90캡슐, 1개',
        'P53547017737', '캘리포니아골드뉴트리션 오메가 800 1000mg x 90캡슐, 1개',
        '하루 1-2정을 식후에 섭취하세요.', '오메가3, 오메가800',
        '과다섭취 시 부작용이 있을 수 있습니다.', '본 제품은 질병의 예방 및 치료를 위한 의약품이 아닙니다.',
        '2025-12-05 00:00:00', 30, 6, 920, 4.0, 180, 23900);
INSERT INTO product_img (product_id, image_url, alt_text, sort_idx, is_primary)
VALUES ((SELECT id FROM product WHERE code = 'P53547017737' LIMIT 1),
        'https://shopping-phinf.pstatic.net/main_5354701/53547017737.1.jpg', '대표 이미지', 0, 1),
       ((SELECT id FROM product WHERE code = 'P53547017737' LIMIT 1),
        'https://shopping-phinf.pstatic.net/main_5354701/53547017737.2.jpg', '상품 상세', 1, 0),
       ((SELECT id FROM product WHERE code = 'P53547017737' LIMIT 1),
        'https://shopping-phinf.pstatic.net/main_5354701/53547017737.3.jpg', '성분 정보', 2, 0);
INSERT INTO product_variant (product_id, variant_name, list_price, sale_price, volume, upc_code, pill_size,
                             nutrition_facts, max_qty_per_order, restock_eta)
VALUES ((SELECT id FROM product WHERE code = 'P53547017737' LIMIT 1), '90캡슐', 23900, 21900, 90, '600000000777',
        '10x10x5mm', '캘리포니아골드뉴트리션 오메가800', 6, NULL),
       ((SELECT id FROM product WHERE code = 'P53547017737' LIMIT 1), '45캡슐', 13900, 11900, 45, '600000000778',
        '10x10x5mm', '캘리포니아골드뉴트리션 오메가800', 6, NULL);
INSERT IGNORE INTO stock (product_variant_id, amount, updated_at, restocked_at)
VALUES ((SELECT id
         FROM product_variant
         WHERE variant_name = '90캡슐'
           AND product_id = (SELECT id FROM product WHERE code = 'P53547017737' LIMIT 1)
         LIMIT 1),
        25, '2025-09-29 12:00:00', '2025-08-20 12:00:00'),
       ((SELECT id
         FROM product_variant
         WHERE variant_name = '45캡슐'
           AND product_id = (SELECT id FROM product WHERE code = 'P53547017737' LIMIT 1)
         LIMIT 1),
        16, '2025-09-29 12:00:00', '2025-08-20 12:00:00');
INSERT INTO product_category (product_id, category_id)
VALUES ((SELECT id FROM product WHERE code = 'P53547017737' LIMIT 1),
        (SELECT id FROM category WHERE name = '오메가3 피쉬 오일' LIMIT 1));
INSERT IGNORE INTO product_rank (product_id, recent_sales, updated_at)
VALUES ((SELECT id FROM product WHERE code = 'P53547017737' LIMIT 1), 920, '2025-09-29 12:00:00');


INSERT IGNORE INTO brand (name)
VALUES ('나우푸드');
INSERT IGNORE INTO brand (name)
VALUES ('노르딕내추럴스');
INSERT IGNORE INTO brand (name)
VALUES ('캘리포니아골드뉴트리션');
INSERT IGNORE INTO brand (name)
VALUES ('스마트비타');
INSERT IGNORE INTO brand (name)
VALUES ('더리얼');
INSERT IGNORE INTO brand (name)
VALUES ('The Real');
INSERT IGNORE INTO brand (name)
VALUES ('힐리오비타');
INSERT IGNORE INTO brand (name)
VALUES ('포뉴');
INSERT IGNORE INTO brand (name)
VALUES ('뉴트리모어');
INSERT IGNORE INTO brand (name)
VALUES ('지엠팜');

INSERT INTO product (brand_id, name, code, description, instruction, ingredients, cautions, disclaimer,
                     sale_start_date, expiration_date, max_qty_per_order, sales, avg_rating, review_count, min_price)
VALUES ((SELECT id FROM brand WHERE name = '나우푸드'),
        '나우푸드 울트라 오메가3 180정',
        'P25274389524', '나우푸드 울트라 오메가3 180정',
        '하루 1-2정을 식후에 섭취하세요.', '오메가3, 울트라',
        '과다섭취 시 부작용이 있을 수 있습니다.', '본 제품은 질병의 예방 및 치료를 위한 의약품이 아닙니다.',
        '2025-10-18 00:00:00', 30, 6, 3120, 4.2, 480, 27900);
INSERT INTO product_img (product_id, image_url, alt_text, sort_idx, is_primary)
VALUES ((SELECT id FROM product WHERE code = 'P25274389524' LIMIT 1),
        'https://shopping-phinf.pstatic.net/main_2527438/25274389524.1.jpg', '대표 이미지', 0, 1),
       ((SELECT id FROM product WHERE code = 'P25274389524' LIMIT 1),
        'https://shopping-phinf.pstatic.net/main_2527438/25274389524.2.jpg', '상품 상세', 1, 0),
       ((SELECT id FROM product WHERE code = 'P25274389524' LIMIT 1),
        'https://shopping-phinf.pstatic.net/main_2527438/25274389524.3.jpg', '성분 정보', 2, 0);
INSERT INTO product_variant (product_id, variant_name, list_price, sale_price, volume, upc_code, pill_size,
                             nutrition_facts, max_qty_per_order, restock_eta)
VALUES ((SELECT id FROM product WHERE code = 'P25274389524' LIMIT 1), '180정', 27900, 25900, 180, '600000000779',
        '10x10x5mm', '나우푸드 울트라오메가3', 6, NULL),
       ((SELECT id FROM product WHERE code = 'P25274389524' LIMIT 1), '90정', 15900, 13900, 90, '600000000780',
        '10x10x5mm', '나우푸드 울트라오메가3', 6, NULL);
INSERT IGNORE INTO stock (product_variant_id, amount, updated_at, restocked_at)
VALUES ((SELECT id
         FROM product_variant
         WHERE variant_name = '180정'
           AND product_id = (SELECT id FROM product WHERE code = 'P25274389524' LIMIT 1)
         LIMIT 1),
        25, '2025-09-29 12:00:00', '2025-08-20 12:00:00'),
       ((SELECT id
         FROM product_variant
         WHERE variant_name = '90정'
           AND product_id = (SELECT id FROM product WHERE code = 'P25274389524' LIMIT 1)
         LIMIT 1),
        16, '2025-09-29 12:00:00', '2025-08-20 12:00:00');
INSERT INTO product_category (product_id, category_id)
VALUES ((SELECT id FROM product WHERE code = 'P25274389524' LIMIT 1),
        (SELECT id FROM category WHERE name = '오메가3 피쉬 오일' LIMIT 1));
INSERT IGNORE INTO product_rank (product_id, recent_sales, updated_at)
VALUES ((SELECT id FROM product WHERE code = 'P25274389524' LIMIT 1), 3120, '2025-09-29 12:00:00');


INSERT INTO product (brand_id, name, code, description, instruction, ingredients, cautions, disclaimer,
                     sale_start_date, expiration_date, max_qty_per_order, sales, avg_rating, review_count, min_price)
VALUES ((SELECT id FROM brand WHERE name = '블랙모어스'),
        '블랙모어스 오더리스 피쉬오일 미니 캡슐 510mg x 250캡슐, 1개',
        'P51929491868', '블랙모어스 오더리스 피쉬오일 미니 캡슐 510mg x 250캡슐, 1개',
        '하루 1-2정을 식후에 섭취하세요.', '피쉬오일, 오더리스',
        '과다섭취 시 부작용이 있을 수 있습니다.', '본 제품은 질병의 예방 및 치료를 위한 의약품이 아닙니다.',
        '2025-11-22 00:00:00', 30, 6, 1890, 4.1, 280, 24400);
INSERT INTO product_img (product_id, image_url, alt_text, sort_idx, is_primary)
VALUES ((SELECT id FROM product WHERE code = 'P51929491868' LIMIT 1),
        'https://shopping-phinf.pstatic.net/main_5192949/51929491868.1.jpg', '대표 이미지', 0, 1),
       ((SELECT id FROM product WHERE code = 'P51929491868' LIMIT 1),
        'https://shopping-phinf.pstatic.net/main_5192949/51929491868.2.jpg', '상품 상세', 1, 0),
       ((SELECT id FROM product WHERE code = 'P51929491868' LIMIT 1),
        'https://shopping-phinf.pstatic.net/main_5192949/51929491868.3.jpg', '성분 정보', 2, 0);
INSERT INTO product_variant (product_id, variant_name, list_price, sale_price, volume, upc_code, pill_size,
                             nutrition_facts, max_qty_per_order, restock_eta)
VALUES ((SELECT id FROM product WHERE code = 'P51929491868' LIMIT 1), '250캡슐', 24400, 22400, 250, '600000000781',
        '10x10x5mm', '블랙모어스 오더리스', 6, NULL),
       ((SELECT id FROM product WHERE code = 'P51929491868' LIMIT 1), '125캡슐', 14400, 12400, 125, '600000000782',
        '10x10x5mm', '블랙모어스 오더리스', 6, NULL);
INSERT IGNORE INTO stock (product_variant_id, amount, updated_at, restocked_at)
VALUES ((SELECT id
         FROM product_variant
         WHERE variant_name = '250캡슐'
           AND product_id = (SELECT id FROM product WHERE code = 'P51929491868' LIMIT 1)
         LIMIT 1),
        22, '2025-09-29 12:00:00', '2025-08-20 12:00:00'),
       ((SELECT id
         FROM product_variant
         WHERE variant_name = '125캡슐'
           AND product_id = (SELECT id FROM product WHERE code = 'P51929491868' LIMIT 1)
         LIMIT 1),
        14, '2025-09-29 12:00:00', '2025-08-20 12:00:00');
INSERT INTO product_category (product_id, category_id)
VALUES ((SELECT id FROM product WHERE code = 'P51929491868' LIMIT 1),
        (SELECT id FROM category WHERE name = '오메가3 피쉬 오일' LIMIT 1));
INSERT IGNORE INTO product_rank (product_id, recent_sales, updated_at)
VALUES ((SELECT id FROM product WHERE code = 'P51929491868' LIMIT 1), 1890, '2025-09-29 12:00:00');


INSERT INTO product (brand_id, name, code, description, instruction, ingredients, cautions, disclaimer,
                     sale_start_date, expiration_date, max_qty_per_order, sales, avg_rating, review_count, min_price)
VALUES ((SELECT id FROM brand WHERE name = '노르딕내추럴스'),
        '노르딕내추럴스 얼티미트 오메가 3 레몬 소프트젤 1280mg x 60정, 1개',
        'P53547335419', '노르딕내추럴스 얼티미트 오메가 3 레몬 소프트젤 1280mg x 60정, 1개',
        '하루 1-2정을 식후에 섭취하세요.', '오메가3, 레몬',
        '과다섭취 시 부작용이 있을 수 있습니다.', '본 제품은 질병의 예방 및 치료를 위한 의약품이 아닙니다.',
        '2025-12-08 00:00:00', 30, 6, 1420, 4.3, 210, 33510);
INSERT INTO product_img (product_id, image_url, alt_text, sort_idx, is_primary)
VALUES ((SELECT id FROM product WHERE code = 'P53547335419' LIMIT 1),
        'https://shopping-phinf.pstatic.net/main_5354733/53547335419.1.jpg', '대표 이미지', 0, 1),
       ((SELECT id FROM product WHERE code = 'P53547335419' LIMIT 1),
        'https://shopping-phinf.pstatic.net/main_5354733/53547335419.2.jpg', '상품 상세', 1, 0),
       ((SELECT id FROM product WHERE code = 'P53547335419' LIMIT 1),
        'https://shopping-phinf.pstatic.net/main_5354733/53547335419.3.jpg', '성분 정보', 2, 0);
INSERT INTO product_variant (product_id, variant_name, list_price, sale_price, volume, upc_code, pill_size,
                             nutrition_facts, max_qty_per_order, restock_eta)
VALUES ((SELECT id FROM product WHERE code = 'P53547335419' LIMIT 1), '60정', 33510, 31510, 60, '600000000783',
        '10x10x5mm', '노르딕내추럴스 얼티미트', 6, NULL),
       ((SELECT id FROM product WHERE code = 'P53547335419' LIMIT 1), '30정', 19510, 17510, 30, '600000000784',
        '10x10x5mm', '노르딕내추럴스 얼티미트', 6, NULL);
INSERT IGNORE INTO stock (product_variant_id, amount, updated_at, restocked_at)
VALUES ((SELECT id
         FROM product_variant
         WHERE variant_name = '60정'
           AND product_id = (SELECT id FROM product WHERE code = 'P53547335419' LIMIT 1)
         LIMIT 1),
        18, '2025-09-29 12:00:00', '2025-08-20 12:00:00'),
       ((SELECT id
         FROM product_variant
         WHERE variant_name = '30정'
           AND product_id = (SELECT id FROM product WHERE code = 'P53547335419' LIMIT 1)
         LIMIT 1),
        12, '2025-09-29 12:00:00', '2025-08-20 12:00:00');
INSERT INTO product_category (product_id, category_id)
VALUES ((SELECT id FROM product WHERE code = 'P53547335419' LIMIT 1),
        (SELECT id FROM category WHERE name = '오메가3 피쉬 오일' LIMIT 1));
INSERT IGNORE INTO product_rank (product_id, recent_sales, updated_at)
VALUES ((SELECT id FROM product WHERE code = 'P53547335419' LIMIT 1), 1420, '2025-09-29 12:00:00');


INSERT INTO product (brand_id, name, code, description, instruction, ingredients, cautions, disclaimer,
                     sale_start_date, expiration_date, max_qty_per_order, sales, avg_rating, review_count, min_price)
VALUES ((SELECT id FROM brand WHERE name = '캘리포니아골드뉴트리션'),
        'CGN 오메가800 초고농축 오메가3 피쉬오일 EPA/DHA 1,000mg 30겔',
        'P88093054377', 'CGN 오메가800 초고농축 오메가3 피쉬오일 EPA/DHA 1,000mg 30겔',
        '하루 1-2정을 식후에 섭취하세요.', '오메가3, EPA, DHA',
        '과다섭취 시 부작용이 있을 수 있습니다.', '본 제품은 질병의 예방 및 치료를 위한 의약품이 아닙니다.',
        '2025-10-25 00:00:00', 30, 6, 920, 4.1, 180, 24500);
INSERT INTO product_img (product_id, image_url, alt_text, sort_idx, is_primary)
VALUES ((SELECT id FROM product WHERE code = 'P88093054377' LIMIT 1),
        'https://shopping-phinf.pstatic.net/main_8809305/88093054377.1.jpg', '대표 이미지', 0, 1),
       ((SELECT id FROM product WHERE code = 'P88093054377' LIMIT 1),
        'https://shopping-phinf.pstatic.net/main_8809305/88093054377.2.jpg', '상품 상세', 1, 0),
       ((SELECT id FROM product WHERE code = 'P88093054377' LIMIT 1),
        'https://shopping-phinf.pstatic.net/main_8809305/88093054377.3.jpg', '성분 정보', 2, 0);
INSERT INTO product_variant (product_id, variant_name, list_price, sale_price, volume, upc_code, pill_size,
                             nutrition_facts, max_qty_per_order, restock_eta)
VALUES ((SELECT id FROM product WHERE code = 'P88093054377' LIMIT 1), '30겔', 24500, 22500, 30, '600000000785',
        '10x10x5mm', '캘리포니아골드뉴트리션 CGN', 6, NULL),
       ((SELECT id FROM product WHERE code = 'P88093054377' LIMIT 1), '15겔', 14500, 12500, 15, '600000000786',
        '10x10x5mm', '캘리포니아골드뉴트리션 CGN', 6, NULL);
INSERT IGNORE INTO stock (product_variant_id, amount, updated_at, restocked_at)
VALUES ((SELECT id
         FROM product_variant
         WHERE variant_name = '30겔'
           AND product_id = (SELECT id FROM product WHERE code = 'P88093054377' LIMIT 1)
         LIMIT 1),
        20, '2025-09-29 12:00:00', '2025-08-20 12:00:00'),
       ((SELECT id
         FROM product_variant
         WHERE variant_name = '15겔'
           AND product_id = (SELECT id FROM product WHERE code = 'P88093054377' LIMIT 1)
         LIMIT 1),
        13, '2025-09-29 12:00:00', '2025-08-20 12:00:00');
INSERT INTO product_category (product_id, category_id)
VALUES ((SELECT id FROM product WHERE code = 'P88093054377' LIMIT 1),
        (SELECT id FROM category WHERE name = '오메가3 피쉬 오일' LIMIT 1));
INSERT IGNORE INTO product_rank (product_id, recent_sales, updated_at)
VALUES ((SELECT id FROM product WHERE code = 'P88093054377' LIMIT 1), 920, '2025-09-29 12:00:00');


INSERT INTO product (brand_id, name, code, description, instruction, ingredients, cautions, disclaimer,
                     sale_start_date, expiration_date, max_qty_per_order, sales, avg_rating, review_count, min_price)
VALUES ((SELECT id FROM brand WHERE name = '나우푸드'),
        '나우푸드 오메가3 200캡슐',
        'P35363628618', '나우푸드 오메가3 200캡슐',
        '하루 1-2정을 식후에 섭취하세요.', '오메가3, 피쉬오일',
        '과다섭취 시 부작용이 있을 수 있습니다.', '본 제품은 질병의 예방 및 치료를 위한 의약품이 아닙니다.',
        '2025-11-15 00:00:00', 30, 6, 2680, 4.0, 420, 15730);
INSERT INTO product_img (product_id, image_url, alt_text, sort_idx, is_primary)
VALUES ((SELECT id FROM product WHERE code = 'P35363628618' LIMIT 1),
        'https://shopping-phinf.pstatic.net/main_3536362/35363628618.1.jpg', '대표 이미지', 0, 1),
       ((SELECT id FROM product WHERE code = 'P35363628618' LIMIT 1),
        'https://shopping-phinf.pstatic.net/main_3536362/35363628618.2.jpg', '상품 상세', 1, 0),
       ((SELECT id FROM product WHERE code = 'P35363628618' LIMIT 1),
        'https://shopping-phinf.pstatic.net/main_3536362/35363628618.3.jpg', '성분 정보', 2, 0);
INSERT INTO product_variant (product_id, variant_name, list_price, sale_price, volume, upc_code, pill_size,
                             nutrition_facts, max_qty_per_order, restock_eta)
VALUES ((SELECT id FROM product WHERE code = 'P35363628618' LIMIT 1), '200캡슐', 15730, 13730, 200, '600000000787',
        '10x10x5mm', '나우푸드 오메가3', 6, NULL),
       ((SELECT id FROM product WHERE code = 'P35363628618' LIMIT 1), '100캡슐', 9730, 7730, 100, '600000000788',
        '10x10x5mm', '나우푸드 오메가3', 6, NULL);
INSERT IGNORE INTO stock (product_variant_id, amount, updated_at, restocked_at)
VALUES ((SELECT id
         FROM product_variant
         WHERE variant_name = '200캡슐'
           AND product_id = (SELECT id FROM product WHERE code = 'P35363628618' LIMIT 1)
         LIMIT 1),
        30, '2025-09-29 12:00:00', '2025-08-20 12:00:00'),
       ((SELECT id
         FROM product_variant
         WHERE variant_name = '100캡슐'
           AND product_id = (SELECT id FROM product WHERE code = 'P35363628618' LIMIT 1)
         LIMIT 1),
        20, '2025-09-29 12:00:00', '2025-08-20 12:00:00');
INSERT INTO product_category (product_id, category_id)
VALUES ((SELECT id FROM product WHERE code = 'P35363628618' LIMIT 1),
        (SELECT id FROM category WHERE name = '오메가3 피쉬 오일' LIMIT 1));
INSERT IGNORE INTO product_rank (product_id, recent_sales, updated_at)
VALUES ((SELECT id FROM product WHERE code = 'P35363628618' LIMIT 1), 2680, '2025-09-29 12:00:00');


INSERT INTO product (brand_id, name, code, description, instruction, ingredients, cautions, disclaimer,
                     sale_start_date, expiration_date, max_qty_per_order, sales, avg_rating, review_count, min_price)
VALUES ((SELECT id FROM brand WHERE name = '더리얼'),
        '더리얼 캐나다 알티지 rTG 오메가3 맥스 1400 초임계 EPA DHA 2개월',
        'P11439949685', '더리얼 캐나다 알티지 rTG 오메가3 맥스 1400 초임계 EPA DHA 2개월',
        '하루 1-2정을 식후에 섭취하세요.', '오메가3, EPA, DHA',
        '과다섭취 시 부작용이 있을 수 있습니다.', '본 제품은 질병의 예방 및 치료를 위한 의약품이 아닙니다.',
        '2025-12-20 00:00:00', 30, 6, 680, 4.4, 150, 29900);
INSERT INTO product_img (product_id, image_url, alt_text, sort_idx, is_primary)
VALUES ((SELECT id FROM product WHERE code = 'P11439949685' LIMIT 1),
        'https://shopping-phinf.pstatic.net/main_1143994/11439949685.1.jpg', '대표 이미지', 0, 1),
       ((SELECT id FROM product WHERE code = 'P11439949685' LIMIT 1),
        'https://shopping-phinf.pstatic.net/main_1143994/11439949685.2.jpg', '상품 상세', 1, 0),
       ((SELECT id FROM product WHERE code = 'P11439949685' LIMIT 1),
        'https://shopping-phinf.pstatic.net/main_1143994/11439949685.3.jpg', '성분 정보', 2, 0);
INSERT INTO product_variant (product_id, variant_name, list_price, sale_price, volume, upc_code, pill_size,
                             nutrition_facts, max_qty_per_order, restock_eta)
VALUES ((SELECT id FROM product WHERE code = 'P11439949685' LIMIT 1), '2개월', 29900, 27900, 60, '600000000789',
        '10x10x5mm', '더리얼 캐나다알티지', 6, NULL),
       ((SELECT id FROM product WHERE code = 'P11439949685' LIMIT 1), '1개월', 17900, 15900, 30, '600000000790',
        '10x10x5mm', '더리얼 캐나다알티지', 6, NULL);
INSERT IGNORE INTO stock (product_variant_id, amount, updated_at, restocked_at)
VALUES ((SELECT id
         FROM product_variant
         WHERE variant_name = '2개월'
           AND product_id = (SELECT id FROM product WHERE code = 'P11439949685' LIMIT 1)
         LIMIT 1),
        15, '2025-09-29 12:00:00', '2025-08-20 12:00:00'),
       ((SELECT id
         FROM product_variant
         WHERE variant_name = '1개월'
           AND product_id = (SELECT id FROM product WHERE code = 'P11439949685' LIMIT 1)
         LIMIT 1),
        10, '2025-09-29 12:00:00', '2025-08-20 12:00:00');
INSERT INTO product_category (product_id, category_id)
VALUES ((SELECT id FROM product WHERE code = 'P11439949685' LIMIT 1),
        (SELECT id FROM category WHERE name = 'DHA' LIMIT 1));
INSERT IGNORE INTO product_rank (product_id, recent_sales, updated_at)
VALUES ((SELECT id FROM product WHERE code = 'P11439949685' LIMIT 1), 680, '2025-09-29 12:00:00');


INSERT INTO product (brand_id, name, code, description, instruction, ingredients, cautions, disclaimer,
                     sale_start_date, expiration_date, max_qty_per_order, sales, avg_rating, review_count, min_price)
VALUES ((SELECT id FROM brand WHERE name = '힐리오비타'),
        '캐나다 초임계 알티지오메가3 EPA DHA 1200 비타민D 2개월분',
        'P82399018253', '캐나다 초임계 알티지오메가3 EPA DHA 1200 비타민D 2개월분',
        '하루 1-2정을 식후에 섭취하세요.', '오메가3, EPA, DHA, 비타민D',
        '과다섭취 시 부작용이 있을 수 있습니다.', '본 제품은 질병의 예방 및 치료를 위한 의약품이 아닙니다.',
        '2025-10-08 00:00:00', 30, 6, 1420, 4.2, 210, 29900);
INSERT INTO product_img (product_id, image_url, alt_text, sort_idx, is_primary)
VALUES ((SELECT id FROM product WHERE code = 'P82399018253' LIMIT 1),
        'https://shopping-phinf.pstatic.net/main_8239901/82399018253.1.jpg', '대표 이미지', 0, 1),
       ((SELECT id FROM product WHERE code = 'P82399018253' LIMIT 1),
        'https://shopping-phinf.pstatic.net/main_8239901/82399018253.2.jpg', '상품 상세', 1, 0),
       ((SELECT id FROM product WHERE code = 'P82399018253' LIMIT 1),
        'https://shopping-phinf.pstatic.net/main_8239901/82399018253.3.jpg', '성분 정보', 2, 0);
INSERT INTO product_variant (product_id, variant_name, list_price, sale_price, volume, upc_code, pill_size,
                             nutrition_facts, max_qty_per_order, restock_eta)
VALUES ((SELECT id FROM product WHERE code = 'P82399018253' LIMIT 1), '2개월분', 29900, 27900, 60, '600000000791',
        '10x10x5mm', '힐리오비타 캐나다알티지', 6, NULL),
       ((SELECT id FROM product WHERE code = 'P82399018253' LIMIT 1), '1개월분', 17900, 15900, 30, '600000000792',
        '10x10x5mm', '힐리오비타 캐나다알티지', 6, NULL);
INSERT IGNORE INTO stock (product_variant_id, amount, updated_at, restocked_at)
VALUES ((SELECT id
         FROM product_variant
         WHERE variant_name = '2개월분'
           AND product_id = (SELECT id FROM product WHERE code = 'P82399018253' LIMIT 1)
         LIMIT 1),
        18, '2025-09-29 12:00:00', '2025-08-20 12:00:00'),
       ((SELECT id
         FROM product_variant
         WHERE variant_name = '1개월분'
           AND product_id = (SELECT id FROM product WHERE code = 'P82399018253' LIMIT 1)
         LIMIT 1),
        12, '2025-09-29 12:00:00', '2025-08-20 12:00:00');
INSERT INTO product_category (product_id, category_id)
VALUES ((SELECT id FROM product WHERE code = 'P82399018253' LIMIT 1),
        (SELECT id FROM category WHERE name = 'DHA' LIMIT 1));
INSERT IGNORE INTO product_rank (product_id, recent_sales, updated_at)
VALUES ((SELECT id FROM product WHERE code = 'P82399018253' LIMIT 1), 1420, '2025-09-29 12:00:00');


INSERT INTO product (brand_id, name, code, description, instruction, ingredients, cautions, disclaimer,
                     sale_start_date, expiration_date, max_qty_per_order, sales, avg_rating, review_count, min_price)
VALUES ((SELECT id FROM brand WHERE name = '포뉴'),
        '포뉴 초임계 식물성 알티지 오메가3 DHA1000 소형캡슐 650mg x 60캡슐, 1개',
        'P51929598842', '포뉴 초임계 식물성 알티지 오메가3 DHA1000 소형캡슐 650mg x 60캡슐, 1개',
        '하루 1-2정을 식후에 섭취하세요.', '오메가3, DHA, 식물성',
        '과다섭취 시 부작용이 있을 수 있습니다.', '본 제품은 질병의 예방 및 치료를 위한 의약품이 아닙니다.',
        '2025-11-28 00:00:00', 30, 6, 920, 4.3, 180, 34000);
INSERT INTO product_img (product_id, image_url, alt_text, sort_idx, is_primary)
VALUES ((SELECT id FROM product WHERE code = 'P51929598842' LIMIT 1),
        'https://shopping-phinf.pstatic.net/main_5192959/51929598842.1.jpg', '대표 이미지', 0, 1),
       ((SELECT id FROM product WHERE code = 'P51929598842' LIMIT 1),
        'https://shopping-phinf.pstatic.net/main_5192959/51929598842.2.jpg', '상품 상세', 1, 0),
       ((SELECT id FROM product WHERE code = 'P51929598842' LIMIT 1),
        'https://shopping-phinf.pstatic.net/main_5192959/51929598842.3.jpg', '성분 정보', 2, 0);
INSERT INTO product_variant (product_id, variant_name, list_price, sale_price, volume, upc_code, pill_size,
                             nutrition_facts, max_qty_per_order, restock_eta)
VALUES ((SELECT id FROM product WHERE code = 'P51929598842' LIMIT 1), '60캡슐', 34000, 32000, 60, '600000000793',
        '10x10x5mm', '포뉴 초임계식물성', 6, NULL),
       ((SELECT id FROM product WHERE code = 'P51929598842' LIMIT 1), '30캡슐', 20000, 18000, 30, '600000000794',
        '10x10x5mm', '포뉴 초임계식물성', 6, NULL);
INSERT IGNORE INTO stock (product_variant_id, amount, updated_at, restocked_at)
VALUES ((SELECT id
         FROM product_variant
         WHERE variant_name = '60캡슐'
           AND product_id = (SELECT id FROM product WHERE code = 'P51929598842' LIMIT 1)
         LIMIT 1),
        12, '2025-09-29 12:00:00', '2025-08-20 12:00:00'),
       ((SELECT id
         FROM product_variant
         WHERE variant_name = '30캡슐'
           AND product_id = (SELECT id FROM product WHERE code = 'P51929598842' LIMIT 1)
         LIMIT 1),
        8, '2025-09-29 12:00:00', '2025-08-20 12:00:00');
INSERT INTO product_category (product_id, category_id)
VALUES ((SELECT id FROM product WHERE code = 'P51929598842' LIMIT 1),
        (SELECT id FROM category WHERE name = 'DHA' LIMIT 1));
INSERT IGNORE INTO product_rank (product_id, recent_sales, updated_at)
VALUES ((SELECT id FROM product WHERE code = 'P51929598842' LIMIT 1), 920, '2025-09-29 12:00:00');


INSERT INTO product (brand_id, name, code, description, instruction, ingredients, cautions, disclaimer,
                     sale_start_date, expiration_date, max_qty_per_order, sales, avg_rating, review_count, min_price)
VALUES ((SELECT id FROM brand WHERE name = '뉴트리모어'),
        '뉴트리모어 프리미엄 식물성 초임계 알티지 오메가3 DHA 1000 601mg x 60캡슐, 4개',
        'P56355501328', '뉴트리모어 프리미엄 식물성 초임계 알티지 오메가3 DHA 1000 601mg x 60캡슐, 4개',
        '하루 1-2정을 식후에 섭취하세요.', '오메가3, DHA, 식물성',
        '과다섭취 시 부작용이 있을 수 있습니다.', '본 제품은 질병의 예방 및 치료를 위한 의약품이 아닙니다.',
        '2025-12-15 00:00:00', 30, 6, 450, 4.4, 120, 138000);
INSERT INTO product_img (product_id, image_url, alt_text, sort_idx, is_primary)
VALUES ((SELECT id FROM product WHERE code = 'P56355501328' LIMIT 1),
        'https://shopping-phinf.pstatic.net/main_5635550/56355501328.1.jpg', '대표 이미지', 0, 1),
       ((SELECT id FROM product WHERE code = 'P56355501328' LIMIT 1),
        'https://shopping-phinf.pstatic.net/main_5635550/56355501328.2.jpg', '상품 상세', 1, 0),
       ((SELECT id FROM product WHERE code = 'P56355501328' LIMIT 1),
        'https://shopping-phinf.pstatic.net/main_5635550/56355501328.3.jpg', '성분 정보', 2, 0);
INSERT INTO product_variant (product_id, variant_name, list_price, sale_price, volume, upc_code, pill_size,
                             nutrition_facts, max_qty_per_order, restock_eta)
VALUES ((SELECT id FROM product WHERE code = 'P56355501328' LIMIT 1), '4개', 138000, 136000, 4, '600000000795',
        '10x10x5mm', '뉴트리모어 프리미엄식물성', 6, NULL),
       ((SELECT id FROM product WHERE code = 'P56355501328' LIMIT 1), '2개', 79000, 77000, 2, '600000000796',
        '10x10x5mm', '뉴트리모어 프리미엄식물성', 6, NULL);
INSERT IGNORE INTO stock (product_variant_id, amount, updated_at, restocked_at)
VALUES ((SELECT id
         FROM product_variant
         WHERE variant_name = '4개'
           AND product_id = (SELECT id FROM product WHERE code = 'P56355501328' LIMIT 1)
         LIMIT 1),
        5, '2025-09-29 12:00:00', '2025-08-20 12:00:00'),
       ((SELECT id
         FROM product_variant
         WHERE variant_name = '2개'
           AND product_id = (SELECT id FROM product WHERE code = 'P56355501328' LIMIT 1)
         LIMIT 1),
        3, '2025-09-29 12:00:00', '2025-08-20 12:00:00');
INSERT INTO product_category (product_id, category_id)
VALUES ((SELECT id FROM product WHERE code = 'P56355501328' LIMIT 1),
        (SELECT id FROM category WHERE name = 'DHA' LIMIT 1));
INSERT IGNORE INTO product_rank (product_id, recent_sales, updated_at)
VALUES ((SELECT id FROM product WHERE code = 'P56355501328' LIMIT 1), 450, '2025-09-29 12:00:00');


INSERT INTO product (brand_id, name, code, description, instruction, ingredients, cautions, disclaimer,
                     sale_start_date, expiration_date, max_qty_per_order, sales, avg_rating, review_count, min_price)
VALUES ((SELECT id FROM brand WHERE name = '지엠팜'),
        '지엠팜 야미푸 키즈 DHA 알티지 오메가3 1000mg x 90캡슐, 1개',
        'P55024412321', '지엠팜 야미푸 키즈 DHA 알티지 오메가3 1000mg x 90캡슐, 1개',
        '하루 1-2정을 식후에 섭취하세요.', 'DHA, 오메가3, 키즈',
        '과다섭취 시 부작용이 있을 수 있습니다.', '본 제품은 질병의 예방 및 치료를 위한 의약품이 아닙니다.',
        '2025-10-30 00:00:00', 30, 6, 1680, 4.2, 280, 35000);
INSERT INTO product_img (product_id, image_url, alt_text, sort_idx, is_primary)
VALUES ((SELECT id FROM product WHERE code = 'P55024412321' LIMIT 1),
        'https://shopping-phinf.pstatic.net/main_5502441/55024412321.1.jpg', '대표 이미지', 0, 1),
       ((SELECT id FROM product WHERE code = 'P55024412321' LIMIT 1),
        'https://shopping-phinf.pstatic.net/main_5502441/55024412321.2.jpg', '상품 상세', 1, 0),
       ((SELECT id FROM product WHERE code = 'P55024412321' LIMIT 1),
        'https://shopping-phinf.pstatic.net/main_5502441/55024412321.3.jpg', '성분 정보', 2, 0);
INSERT INTO product_variant (product_id, variant_name, list_price, sale_price, volume, upc_code, pill_size,
                             nutrition_facts, max_qty_per_order, restock_eta)
VALUES ((SELECT id FROM product WHERE code = 'P55024412321' LIMIT 1), '90캡슐', 35000, 33000, 90, '600000000797',
        '10x10x5mm', '지엠팜 야미푸키즈', 6, NULL),
       ((SELECT id FROM product WHERE code = 'P55024412321' LIMIT 1), '45캡슐', 20000, 18000, 45, '600000000798',
        '10x10x5mm', '지엠팜 야미푸키즈', 6, NULL);
INSERT IGNORE INTO stock (product_variant_id, amount, updated_at, restocked_at)
VALUES ((SELECT id
         FROM product_variant
         WHERE variant_name = '90캡슐'
           AND product_id = (SELECT id FROM product WHERE code = 'P55024412321' LIMIT 1)
         LIMIT 1),
        20, '2025-09-29 12:00:00', '2025-08-20 12:00:00'),
       ((SELECT id
         FROM product_variant
         WHERE variant_name = '45캡슐'
           AND product_id = (SELECT id FROM product WHERE code = 'P55024412321' LIMIT 1)
         LIMIT 1),
        13, '2025-09-29 12:00:00', '2025-08-20 12:00:00');
INSERT INTO product_category (product_id, category_id)
VALUES ((SELECT id FROM product WHERE code = 'P55024412321' LIMIT 1),
        (SELECT id FROM category WHERE name = 'DHA' LIMIT 1));
INSERT IGNORE INTO product_rank (product_id, recent_sales, updated_at)
VALUES ((SELECT id FROM product WHERE code = 'P55024412321' LIMIT 1), 1680, '2025-09-29 12:00:00');


INSERT IGNORE INTO brand (name)
VALUES ('파이토뉴트리');
INSERT IGNORE INTO brand (name)
VALUES ('함소아');
INSERT IGNORE INTO brand (name)
VALUES ('GNM자연의품격');
INSERT IGNORE INTO brand (name)
VALUES ('뉴트리 모어');
INSERT IGNORE INTO brand (name)
VALUES ('모비타');
INSERT IGNORE INTO brand (name)
VALUES ('더헬시데이');
INSERT IGNORE INTO brand (name)
VALUES ('닥터맘스');
INSERT IGNORE INTO brand (name)
VALUES ('흰여울팜');
INSERT IGNORE INTO brand (name)
VALUES ('크릴56');
INSERT IGNORE INTO brand (name)
VALUES ('원데이보틀');

INSERT INTO product (brand_id, name, code, description, instruction, ingredients, cautions, disclaimer,
                     sale_start_date, expiration_date, max_qty_per_order, sales, avg_rating, review_count, min_price)
VALUES ((SELECT id FROM brand WHERE name = '파이토뉴트리'),
        '지니어스뉴 두뇌성분제 DHA ALA 영양 제품 올로메가 베이비 스마트 이유식 부스터 드롭스',
        'P87168268521', '지니어스뉴 두뇌성분제 DHA ALA 영양 제품 올로메가 베이비 스마트 이유식 부스터 드롭스',
        '하루 1-2방울을 이유식에 섞어서 섭취하세요.', 'DHA, ALA',
        '과다섭취 시 부작용이 있을 수 있습니다.', '본 제품은 질병의 예방 및 치료를 위한 의약품이 아닙니다.',
        '2025-10-12 00:00:00', 30, 6, 1890, 4.3, 280, 26800);
INSERT INTO product_img (product_id, image_url, alt_text, sort_idx, is_primary)
VALUES ((SELECT id FROM product WHERE code = 'P87168268521' LIMIT 1),
        'https://shopping-phinf.pstatic.net/main_8716826/87168268521.1.jpg', '대표 이미지', 0, 1),
       ((SELECT id FROM product WHERE code = 'P87168268521' LIMIT 1),
        'https://shopping-phinf.pstatic.net/main_8716826/87168268521.2.jpg', '상품 상세', 1, 0),
       ((SELECT id FROM product WHERE code = 'P87168268521' LIMIT 1),
        'https://shopping-phinf.pstatic.net/main_8716826/87168268521.3.jpg', '성분 정보', 2, 0);
INSERT INTO product_variant (product_id, variant_name, list_price, sale_price, volume, upc_code, pill_size,
                             nutrition_facts, max_qty_per_order, restock_eta)
VALUES ((SELECT id FROM product WHERE code = 'P87168268521' LIMIT 1), '30ml', 26800, 24800, 30, '600000000799', '30ml',
        '파이토뉴트리 지니어스뉴', 6, NULL),
       ((SELECT id FROM product WHERE code = 'P87168268521' LIMIT 1), '15ml', 15800, 13800, 15, '600000000800', '15ml',
        '파이토뉴트리 지니어스뉴', 6, NULL);
INSERT IGNORE INTO stock (product_variant_id, amount, updated_at, restocked_at)
VALUES ((SELECT id
         FROM product_variant
         WHERE variant_name = '30ml'
           AND product_id = (SELECT id FROM product WHERE code = 'P87168268521' LIMIT 1)
         LIMIT 1),
        18, '2025-09-29 12:00:00', '2025-08-20 12:00:00'),
       ((SELECT id
         FROM product_variant
         WHERE variant_name = '15ml'
           AND product_id = (SELECT id FROM product WHERE code = 'P87168268521' LIMIT 1)
         LIMIT 1),
        12, '2025-09-29 12:00:00', '2025-08-20 12:00:00');
INSERT INTO product_category (product_id, category_id)
VALUES ((SELECT id FROM product WHERE code = 'P87168268521' LIMIT 1),
        (SELECT id FROM category WHERE name = 'DHA' LIMIT 1));
INSERT IGNORE INTO product_rank (product_id, recent_sales, updated_at)
VALUES ((SELECT id FROM product WHERE code = 'P87168268521' LIMIT 1), 1890, '2025-09-29 12:00:00');


INSERT INTO product (brand_id, name, code, description, instruction, ingredients, cautions, disclaimer,
                     sale_start_date, expiration_date, max_qty_per_order, sales, avg_rating, review_count, min_price)
VALUES ((SELECT id FROM brand WHERE name = '함소아'),
        '함소아 키즈 DHA 플러스D 1050mg x 60캡슐, 1개',
        'P51929190855', '함소아 키즈 DHA 플러스D 1050mg x 60캡슐, 1개',
        '하루 1-2정을 식후에 섭취하세요.', 'DHA, 키즈',
        '과다섭취 시 부작용이 있을 수 있습니다.', '본 제품은 질병의 예방 및 치료를 위한 의약품이 아닙니다.',
        '2025-11-25 00:00:00', 30, 6, 1420, 4.1, 210, 24900);
INSERT INTO product_img (product_id, image_url, alt_text, sort_idx, is_primary)
VALUES ((SELECT id FROM product WHERE code = 'P51929190855' LIMIT 1),
        'https://shopping-phinf.pstatic.net/main_5192919/51929190855.1.jpg', '대표 이미지', 0, 1),
       ((SELECT id FROM product WHERE code = 'P51929190855' LIMIT 1),
        'https://shopping-phinf.pstatic.net/main_5192919/51929190855.2.jpg', '상품 상세', 1, 0),
       ((SELECT id FROM product WHERE code = 'P51929190855' LIMIT 1),
        'https://shopping-phinf.pstatic.net/main_5192919/51929190855.3.jpg', '성분 정보', 2, 0);
INSERT INTO product_variant (product_id, variant_name, list_price, sale_price, volume, upc_code, pill_size,
                             nutrition_facts, max_qty_per_order, restock_eta)
VALUES ((SELECT id FROM product WHERE code = 'P51929190855' LIMIT 1), '60캡슐', 24900, 22900, 60, '600000000801',
        '10x10x5mm', '함소아 키즈DHA', 6, NULL),
       ((SELECT id FROM product WHERE code = 'P51929190855' LIMIT 1), '30캡슐', 14900, 12900, 30, '600000000802',
        '10x10x5mm', '함소아 키즈DHA', 6, NULL);
INSERT IGNORE INTO stock (product_variant_id, amount, updated_at, restocked_at)
VALUES ((SELECT id
         FROM product_variant
         WHERE variant_name = '60캡슐'
           AND product_id = (SELECT id FROM product WHERE code = 'P51929190855' LIMIT 1)
         LIMIT 1),
        22, '2025-09-29 12:00:00', '2025-08-20 12:00:00'),
       ((SELECT id
         FROM product_variant
         WHERE variant_name = '30캡슐'
           AND product_id = (SELECT id FROM product WHERE code = 'P51929190855' LIMIT 1)
         LIMIT 1),
        14, '2025-09-29 12:00:00', '2025-08-20 12:00:00');
INSERT INTO product_category (product_id, category_id)
VALUES ((SELECT id FROM product WHERE code = 'P51929190855' LIMIT 1),
        (SELECT id FROM category WHERE name = 'DHA' LIMIT 1));
INSERT IGNORE INTO product_rank (product_id, recent_sales, updated_at)
VALUES ((SELECT id FROM product WHERE code = 'P51929190855' LIMIT 1), 1420, '2025-09-29 12:00:00');


INSERT INTO product (brand_id, name, code, description, instruction, ingredients, cautions, disclaimer,
                     sale_start_date, expiration_date, max_qty_per_order, sales, avg_rating, review_count, min_price)
VALUES ((SELECT id FROM brand WHERE name = 'GNM자연의품격'),
        '[EPA+DHA 1,000mg/1일] GNM 조정석 rTG 알티지오메가3 60캡슐 5박스',
        'P80039812602', '[EPA+DHA 1,000mg/1일] GNM 조정석 rTG 알티지오메가3 60캡슐 5박스',
        '하루 1-2정을 식후에 섭취하세요.', 'EPA, DHA, 알티지오메가3',
        '과다섭취 시 부작용이 있을 수 있습니다.', '본 제품은 질병의 예방 및 치료를 위한 의약품이 아닙니다.',
        '2025-12-18 00:00:00', 30, 6, 680, 4.4, 150, 58900);
INSERT INTO product_img (product_id, image_url, alt_text, sort_idx, is_primary)
VALUES ((SELECT id FROM product WHERE code = 'P80039812602' LIMIT 1),
        'https://shopping-phinf.pstatic.net/main_8003981/80039812602.1.jpg', '대표 이미지', 0, 1),
       ((SELECT id FROM product WHERE code = 'P80039812602' LIMIT 1),
        'https://shopping-phinf.pstatic.net/main_8003981/80039812602.2.jpg', '상품 상세', 1, 0),
       ((SELECT id FROM product WHERE code = 'P80039812602' LIMIT 1),
        'https://shopping-phinf.pstatic.net/main_8003981/80039812602.3.jpg', '성분 정보', 2, 0);
INSERT INTO product_variant (product_id, variant_name, list_price, sale_price, volume, upc_code, pill_size,
                             nutrition_facts, max_qty_per_order, restock_eta)
VALUES ((SELECT id FROM product WHERE code = 'P80039812602' LIMIT 1), '5박스', 58900, 56900, 5, '600000000803',
        '10x10x5mm', 'GNM자연의품격 조정석', 6, NULL),
       ((SELECT id FROM product WHERE code = 'P80039812602' LIMIT 1), '2박스', 28900, 26900, 2, '600000000804',
        '10x10x5mm', 'GNM자연의품격 조정석', 6, NULL);
INSERT IGNORE INTO stock (product_variant_id, amount, updated_at, restocked_at)
VALUES ((SELECT id
         FROM product_variant
         WHERE variant_name = '5박스'
           AND product_id = (SELECT id FROM product WHERE code = 'P80039812602' LIMIT 1)
         LIMIT 1),
        8, '2025-09-29 12:00:00', '2025-08-20 12:00:00'),
       ((SELECT id
         FROM product_variant
         WHERE variant_name = '2박스'
           AND product_id = (SELECT id FROM product WHERE code = 'P80039812602' LIMIT 1)
         LIMIT 1),
        5, '2025-09-29 12:00:00', '2025-08-20 12:00:00');
INSERT INTO product_category (product_id, category_id)
VALUES ((SELECT id FROM product WHERE code = 'P80039812602' LIMIT 1),
        (SELECT id FROM category WHERE name = 'DHA' LIMIT 1));
INSERT IGNORE INTO product_rank (product_id, recent_sales, updated_at)
VALUES ((SELECT id FROM product WHERE code = 'P80039812602' LIMIT 1), 680, '2025-09-29 12:00:00');


INSERT INTO product (brand_id, name, code, description, instruction, ingredients, cautions, disclaimer,
                     sale_start_date, expiration_date, max_qty_per_order, sales, avg_rating, review_count, min_price)
VALUES ((SELECT id FROM brand WHERE name = '뉴트리모어'),
        '뉴트리모어 초임계 알티지 rTG 오메가3 EPA DHA 1000 임신준비 영양제 성인남녀',
        'P85823328323', '뉴트리모어 초임계 알티지 rTG 오메가3 EPA DHA 1000 임신준비 영양제 성인남녀',
        '하루 1-2정을 식후에 섭취하세요.', '오메가3, EPA, DHA',
        '과다섭취 시 부작용이 있을 수 있습니다.', '본 제품은 질병의 예방 및 치료를 위한 의약품이 아닙니다.',
        '2025-10-28 00:00:00', 30, 6, 2150, 4.2, 320, 38000);
INSERT INTO product_img (product_id, image_url, alt_text, sort_idx, is_primary)
VALUES ((SELECT id FROM product WHERE code = 'P85823328323' LIMIT 1),
        'https://shopping-phinf.pstatic.net/main_8582332/85823328323.1.jpg', '대표 이미지', 0, 1),
       ((SELECT id FROM product WHERE code = 'P85823328323' LIMIT 1),
        'https://shopping-phinf.pstatic.net/main_8582332/85823328323.2.jpg', '상품 상세', 1, 0),
       ((SELECT id FROM product WHERE code = 'P85823328323' LIMIT 1),
        'https://shopping-phinf.pstatic.net/main_8582332/85823328323.3.jpg', '성분 정보', 2, 0);
INSERT INTO product_variant (product_id, variant_name, list_price, sale_price, volume, upc_code, pill_size,
                             nutrition_facts, max_qty_per_order, restock_eta)
VALUES ((SELECT id FROM product WHERE code = 'P85823328323' LIMIT 1), '60캡슐', 38000, 36000, 60, '600000000805',
        '10x10x5mm', '뉴트리모어 초임계알티지', 6, NULL),
       ((SELECT id FROM product WHERE code = 'P85823328323' LIMIT 1), '30캡슐', 22000, 20000, 30, '600000000806',
        '10x10x5mm', '뉴트리모어 초임계알티지', 6, NULL);
INSERT IGNORE INTO stock (product_variant_id, amount, updated_at, restocked_at)
VALUES ((SELECT id
         FROM product_variant
         WHERE variant_name = '60캡슐'
           AND product_id = (SELECT id FROM product WHERE code = 'P85823328323' LIMIT 1)
         LIMIT 1),
        18, '2025-09-29 12:00:00', '2025-08-20 12:00:00'),
       ((SELECT id
         FROM product_variant
         WHERE variant_name = '30캡슐'
           AND product_id = (SELECT id FROM product WHERE code = 'P85823328323' LIMIT 1)
         LIMIT 1),
        12, '2025-09-29 12:00:00', '2025-08-20 12:00:00');
INSERT INTO product_category (product_id, category_id)
VALUES ((SELECT id FROM product WHERE code = 'P85823328323' LIMIT 1),
        (SELECT id FROM category WHERE name = 'DHA' LIMIT 1));
INSERT IGNORE INTO product_rank (product_id, recent_sales, updated_at)
VALUES ((SELECT id FROM product WHERE code = 'P85823328323' LIMIT 1), 2150, '2025-09-29 12:00:00');


INSERT INTO product (brand_id, name, code, description, instruction, ingredients, cautions, disclaimer,
                     sale_start_date, expiration_date, max_qty_per_order, sales, avg_rating, review_count, min_price)
VALUES ((SELECT id FROM brand WHERE name = '모비타'),
        '모비타 마더스 DHA 530mg x 60캡슐, 1개',
        'P51929499392', '모비타 마더스 DHA 530mg x 60캡슐, 1개',
        '하루 1-2정을 식후에 섭취하세요.', 'DHA, 마더스',
        '과다섭취 시 부작용이 있을 수 있습니다.', '본 제품은 질병의 예방 및 치료를 위한 의약품이 아닙니다.',
        '2025-11-08 00:00:00', 30, 6, 920, 4.1, 180, 39000);
INSERT INTO product_img (product_id, image_url, alt_text, sort_idx, is_primary)
VALUES ((SELECT id FROM product WHERE code = 'P51929499392' LIMIT 1),
        'https://shopping-phinf.pstatic.net/main_5192949/51929499392.1.jpg', '대표 이미지', 0, 1),
       ((SELECT id FROM product WHERE code = 'P51929499392' LIMIT 1),
        'https://shopping-phinf.pstatic.net/main_5192949/51929499392.2.jpg', '상품 상세', 1, 0),
       ((SELECT id FROM product WHERE code = 'P51929499392' LIMIT 1),
        'https://shopping-phinf.pstatic.net/main_5192949/51929499392.3.jpg', '성분 정보', 2, 0);
INSERT INTO product_variant (product_id, variant_name, list_price, sale_price, volume, upc_code, pill_size,
                             nutrition_facts, max_qty_per_order, restock_eta)
VALUES ((SELECT id FROM product WHERE code = 'P51929499392' LIMIT 1), '60캡슐', 39000, 37000, 60, '600000000807',
        '10x10x5mm', '모비타 마더스DHA', 6, NULL),
       ((SELECT id FROM product WHERE code = 'P51929499392' LIMIT 1), '30캡슐', 22000, 20000, 30, '600000000808',
        '10x10x5mm', '모비타 마더스DHA', 6, NULL);
INSERT IGNORE INTO stock (product_variant_id, amount, updated_at, restocked_at)
VALUES ((SELECT id
         FROM product_variant
         WHERE variant_name = '60캡슐'
           AND product_id = (SELECT id FROM product WHERE code = 'P51929499392' LIMIT 1)
         LIMIT 1),
        15, '2025-09-29 12:00:00', '2025-08-20 12:00:00'),
       ((SELECT id
         FROM product_variant
         WHERE variant_name = '30캡슐'
           AND product_id = (SELECT id FROM product WHERE code = 'P51929499392' LIMIT 1)
         LIMIT 1),
        10, '2025-09-29 12:00:00', '2025-08-20 12:00:00');
INSERT INTO product_category (product_id, category_id)
VALUES ((SELECT id FROM product WHERE code = 'P51929499392' LIMIT 1),
        (SELECT id FROM category WHERE name = 'DHA' LIMIT 1));
INSERT IGNORE INTO product_rank (product_id, recent_sales, updated_at)
VALUES ((SELECT id FROM product WHERE code = 'P51929499392' LIMIT 1), 920, '2025-09-29 12:00:00');


INSERT INTO product (brand_id, name, code, description, instruction, ingredients, cautions, disclaimer,
                     sale_start_date, expiration_date, max_qty_per_order, sales, avg_rating, review_count, min_price)
VALUES ((SELECT id FROM brand WHERE name = '함소아'),
        '함소아 식물성 DHA 플러스D 800mg x 90캡슐, 1개',
        'P51929502483', '함소아 식물성 DHA 플러스D 800mg x 90캡슐, 1개',
        '하루 1-2정을 식후에 섭취하세요.', 'DHA, 식물성',
        '과다섭취 시 부작용이 있을 수 있습니다.', '본 제품은 질병의 예방 및 치료를 위한 의약품이 아닙니다.',
        '2025-12-12 00:00:00', 30, 6, 1680, 4.0, 280, 27900);
INSERT INTO product_img (product_id, image_url, alt_text, sort_idx, is_primary)
VALUES ((SELECT id FROM product WHERE code = 'P51929502483' LIMIT 1),
        'https://shopping-phinf.pstatic.net/main_5192950/51929502483.1.jpg', '대표 이미지', 0, 1),
       ((SELECT id FROM product WHERE code = 'P51929502483' LIMIT 1),
        'https://shopping-phinf.pstatic.net/main_5192950/51929502483.2.jpg', '상품 상세', 1, 0),
       ((SELECT id FROM product WHERE code = 'P51929502483' LIMIT 1),
        'https://shopping-phinf.pstatic.net/main_5192950/51929502483.3.jpg', '성분 정보', 2, 0);
INSERT INTO product_variant (product_id, variant_name, list_price, sale_price, volume, upc_code, pill_size,
                             nutrition_facts, max_qty_per_order, restock_eta)
VALUES ((SELECT id FROM product WHERE code = 'P51929502483' LIMIT 1), '90캡슐', 27900, 25900, 90, '600000000809',
        '10x10x5mm', '함소아 식물성DHA', 6, NULL),
       ((SELECT id FROM product WHERE code = 'P51929502483' LIMIT 1), '45캡슐', 15900, 13900, 45, '600000000810',
        '10x10x5mm', '함소아 식물성DHA', 6, NULL);
INSERT IGNORE INTO stock (product_variant_id, amount, updated_at, restocked_at)
VALUES ((SELECT id
         FROM product_variant
         WHERE variant_name = '90캡슐'
           AND product_id = (SELECT id FROM product WHERE code = 'P51929502483' LIMIT 1)
         LIMIT 1),
        20, '2025-09-29 12:00:00', '2025-08-20 12:00:00'),
       ((SELECT id
         FROM product_variant
         WHERE variant_name = '45캡슐'
           AND product_id = (SELECT id FROM product WHERE code = 'P51929502483' LIMIT 1)
         LIMIT 1),
        13, '2025-09-29 12:00:00', '2025-08-20 12:00:00');
INSERT INTO product_category (product_id, category_id)
VALUES ((SELECT id FROM product WHERE code = 'P51929502483' LIMIT 1),
        (SELECT id FROM category WHERE name = 'DHA' LIMIT 1));
INSERT IGNORE INTO product_rank (product_id, recent_sales, updated_at)
VALUES ((SELECT id FROM product WHERE code = 'P51929502483' LIMIT 1), 1680, '2025-09-29 12:00:00');


INSERT INTO product (brand_id, name, code, description, instruction, ingredients, cautions, disclaimer,
                     sale_start_date, expiration_date, max_qty_per_order, sales, avg_rating, review_count, min_price)
VALUES ((SELECT id FROM brand WHERE name = '더헬시데이'),
        '닥터에디션 닥터 퍼스트맘 오메가3 식물성 EPA DHA 임신초 수유기 60캡슐 30일분',
        'P86629510715', '닥터에디션 닥터 퍼스트맘 오메가3 식물성 EPA DHA 임신초 수유기 60캡슐 30일분',
        '하루 1-2정을 식후에 섭취하세요.', '오메가3, EPA, DHA',
        '과다섭취 시 부작용이 있을 수 있습니다.', '본 제품은 질병의 예방 및 치료를 위한 의약품이 아닙니다.',
        '2025-10-22 00:00:00', 30, 6, 450, 4.5, 120, 79000);
INSERT INTO product_img (product_id, image_url, alt_text, sort_idx, is_primary)
VALUES ((SELECT id FROM product WHERE code = 'P86629510715' LIMIT 1),
        'https://shopping-phinf.pstatic.net/main_8662951/86629510715.1.jpg', '대표 이미지', 0, 1),
       ((SELECT id FROM product WHERE code = 'P86629510715' LIMIT 1),
        'https://shopping-phinf.pstatic.net/main_8662951/86629510715.2.jpg', '상품 상세', 1, 0),
       ((SELECT id FROM product WHERE code = 'P86629510715' LIMIT 1),
        'https://shopping-phinf.pstatic.net/main_8662951/86629510715.3.jpg', '성분 정보', 2, 0);
INSERT INTO product_variant (product_id, variant_name, list_price, sale_price, volume, upc_code, pill_size,
                             nutrition_facts, max_qty_per_order, restock_eta)
VALUES ((SELECT id FROM product WHERE code = 'P86629510715' LIMIT 1), '60캡슐', 79000, 77000, 60, '600000000811',
        '10x10x5mm', '더헬시데이 닥터에디션', 6, NULL),
       ((SELECT id FROM product WHERE code = 'P86629510715' LIMIT 1), '30캡슐', 45000, 43000, 30, '600000000812',
        '10x10x5mm', '더헬시데이 닥터에디션', 6, NULL);
INSERT IGNORE INTO stock (product_variant_id, amount, updated_at, restocked_at)
VALUES ((SELECT id
         FROM product_variant
         WHERE variant_name = '60캡슐'
           AND product_id = (SELECT id FROM product WHERE code = 'P86629510715' LIMIT 1)
         LIMIT 1),
        8, '2025-09-29 12:00:00', '2025-08-20 12:00:00'),
       ((SELECT id
         FROM product_variant
         WHERE variant_name = '30캡슐'
           AND product_id = (SELECT id FROM product WHERE code = 'P86629510715' LIMIT 1)
         LIMIT 1),
        5, '2025-09-29 12:00:00', '2025-08-20 12:00:00');
INSERT INTO product_category (product_id, category_id)
VALUES ((SELECT id FROM product WHERE code = 'P86629510715' LIMIT 1),
        (SELECT id FROM category WHERE name = 'DHA' LIMIT 1));
INSERT IGNORE INTO product_rank (product_id, recent_sales, updated_at)
VALUES ((SELECT id FROM product WHERE code = 'P86629510715' LIMIT 1), 450, '2025-09-29 12:00:00');


INSERT INTO product (brand_id, name, code, description, instruction, ingredients, cautions, disclaimer,
                     sale_start_date, expiration_date, max_qty_per_order, sales, avg_rating, review_count, min_price)
VALUES ((SELECT id FROM brand WHERE name = '닥터맘스'),
        '닥터맘스오메가3 에디션 식물성 임산부 오메가3 수유부 모유수유 임신 준비 DHA 영양제',
        'P82214043475', '닥터맘스오메가3 에디션 식물성 임산부 오메가3 수유부 모유수유 임신 준비 DHA 영양제',
        '하루 1-2정을 식후에 섭취하세요.', '오메가3, DHA, 식물성',
        '과다섭취 시 부작용이 있을 수 있습니다.', '본 제품은 질병의 예방 및 치료를 위한 의약품이 아닙니다.',
        '2025-11-30 00:00:00', 30, 6, 680, 4.2, 150, 55000);
INSERT INTO product_img (product_id, image_url, alt_text, sort_idx, is_primary)
VALUES ((SELECT id FROM product WHERE code = 'P82214043475' LIMIT 1),
        'https://shopping-phinf.pstatic.net/main_8221404/82214043475.1.jpg', '대표 이미지', 0, 1),
       ((SELECT id FROM product WHERE code = 'P82214043475' LIMIT 1),
        'https://shopping-phinf.pstatic.net/main_8221404/82214043475.2.jpg', '상품 상세', 1, 0),
       ((SELECT id FROM product WHERE code = 'P82214043475' LIMIT 1),
        'https://shopping-phinf.pstatic.net/main_8221404/82214043475.3.jpg', '성분 정보', 2, 0);
INSERT INTO product_variant (product_id, variant_name, list_price, sale_price, volume, upc_code, pill_size,
                             nutrition_facts, max_qty_per_order, restock_eta)
VALUES ((SELECT id FROM product WHERE code = 'P82214043475' LIMIT 1), '60캡슐', 55000, 53000, 60, '600000000813',
        '10x10x5mm', '닥터맘스 에디션', 6, NULL),
       ((SELECT id FROM product WHERE code = 'P82214043475' LIMIT 1), '30캡슐', 32000, 30000, 30, '600000000814',
        '10x10x5mm', '닥터맘스 에디션', 6, NULL);
INSERT IGNORE INTO stock (product_variant_id, amount, updated_at, restocked_at)
VALUES ((SELECT id
         FROM product_variant
         WHERE variant_name = '60캡슐'
           AND product_id = (SELECT id FROM product WHERE code = 'P82214043475' LIMIT 1)
         LIMIT 1),
        12, '2025-09-29 12:00:00', '2025-08-20 12:00:00'),
       ((SELECT id
         FROM product_variant
         WHERE variant_name = '30캡슐'
           AND product_id = (SELECT id FROM product WHERE code = 'P82214043475' LIMIT 1)
         LIMIT 1),
        8, '2025-09-29 12:00:00', '2025-08-20 12:00:00');
INSERT INTO product_category (product_id, category_id)
VALUES ((SELECT id FROM product WHERE code = 'P82214043475' LIMIT 1),
        (SELECT id FROM category WHERE name = 'DHA' LIMIT 1));
INSERT IGNORE INTO product_rank (product_id, recent_sales, updated_at)
VALUES ((SELECT id FROM product WHERE code = 'P82214043475' LIMIT 1), 680, '2025-09-29 12:00:00');


INSERT INTO product (brand_id, name, code, description, instruction, ingredients, cautions, disclaimer,
                     sale_start_date, expiration_date, max_qty_per_order, sales, avg_rating, review_count, min_price)
VALUES ((SELECT id FROM brand WHERE name = '크릴56'),
        '크릴56 크릴오일 1000mg x 30캡슐, 6개',
        'P52646785008', '크릴56 크릴오일 1000mg x 30캡슐, 6개',
        '하루 1-2정을 식후에 섭취하세요.', '크릴오일, 오메가3',
        '과다섭취 시 부작용이 있을 수 있습니다.', '본 제품은 질병의 예방 및 치료를 위한 의약품이 아닙니다.',
        '2025-12-05 00:00:00', 30, 6, 320, 4.3, 85, 138000);
INSERT INTO product_img (product_id, image_url, alt_text, sort_idx, is_primary)
VALUES ((SELECT id FROM product WHERE code = 'P52646785008' LIMIT 1),
        'https://shopping-phinf.pstatic.net/main_5264678/52646785008.1.jpg', '대표 이미지', 0, 1),
       ((SELECT id FROM product WHERE code = 'P52646785008' LIMIT 1),
        'https://shopping-phinf.pstatic.net/main_5264678/52646785008.2.jpg', '상품 상세', 1, 0),
       ((SELECT id FROM product WHERE code = 'P52646785008' LIMIT 1),
        'https://shopping-phinf.pstatic.net/main_5264678/52646785008.3.jpg', '성분 정보', 2, 0);
INSERT INTO product_variant (product_id, variant_name, list_price, sale_price, volume, upc_code, pill_size,
                             nutrition_facts, max_qty_per_order, restock_eta)
VALUES ((SELECT id FROM product WHERE code = 'P52646785008' LIMIT 1), '6개', 138000, 136000, 6, '600000000815',
        '10x10x5mm', '크릴56 크릴오일', 6, NULL),
       ((SELECT id FROM product WHERE code = 'P52646785008' LIMIT 1), '3개', 79000, 77000, 3, '600000000816',
        '10x10x5mm', '크릴56 크릴오일', 6, NULL);
INSERT IGNORE INTO stock (product_variant_id, amount, updated_at, restocked_at)
VALUES ((SELECT id
         FROM product_variant
         WHERE variant_name = '6개'
           AND product_id = (SELECT id FROM product WHERE code = 'P52646785008' LIMIT 1)
         LIMIT 1),
        3, '2025-09-29 12:00:00', '2025-08-20 12:00:00'),
       ((SELECT id
         FROM product_variant
         WHERE variant_name = '3개'
           AND product_id = (SELECT id FROM product WHERE code = 'P52646785008' LIMIT 1)
         LIMIT 1),
        2, '2025-09-29 12:00:00', '2025-08-20 12:00:00');
INSERT INTO product_category (product_id, category_id)
VALUES ((SELECT id FROM product WHERE code = 'P52646785008' LIMIT 1),
        (SELECT id FROM category WHERE name = '크릴 오일' LIMIT 1));
INSERT IGNORE INTO product_rank (product_id, recent_sales, updated_at)
VALUES ((SELECT id FROM product WHERE code = 'P52646785008' LIMIT 1), 320, '2025-09-29 12:00:00');


INSERT INTO product (brand_id, name, code, description, instruction, ingredients, cautions, disclaimer,
                     sale_start_date, expiration_date, max_qty_per_order, sales, avg_rating, review_count, min_price)
VALUES ((SELECT id FROM brand WHERE name = '원데이보틀'),
        'FHC 프리미엄 남극 크릴오일 1000mg 30캡슐',
        'P82420315917', 'FHC 프리미엄 남극 크릴오일 1000mg 30캡슐',
        '하루 1-2정을 식후에 섭취하세요.', '크릴오일, 남극',
        '과다섭취 시 부작용이 있을 수 있습니다.', '본 제품은 질병의 예방 및 치료를 위한 의약품이 아닙니다.',
        '2025-10-15 00:00:00', 30, 6, 1890, 4.1, 280, 9800);
INSERT INTO product_img (product_id, image_url, alt_text, sort_idx, is_primary)
VALUES ((SELECT id FROM product WHERE code = 'P82420315917' LIMIT 1),
        'https://shopping-phinf.pstatic.net/main_8242031/82420315917.1.jpg', '대표 이미지', 0, 1),
       ((SELECT id FROM product WHERE code = 'P82420315917' LIMIT 1),
        'https://shopping-phinf.pstatic.net/main_8242031/82420315917.2.jpg', '상품 상세', 1, 0),
       ((SELECT id FROM product WHERE code = 'P82420315917' LIMIT 1),
        'https://shopping-phinf.pstatic.net/main_8242031/82420315917.3.jpg', '성분 정보', 2, 0);
INSERT INTO product_variant (product_id, variant_name, list_price, sale_price, volume, upc_code, pill_size,
                             nutrition_facts, max_qty_per_order, restock_eta)
VALUES ((SELECT id FROM product WHERE code = 'P82420315917' LIMIT 1), '30캡슐', 9800, 7800, 30, '600000000817',
        '10x10x5mm', '원데이보틀 FHC프리미엄', 6, NULL),
       ((SELECT id FROM product WHERE code = 'P82420315917' LIMIT 1), '15캡슐', 5800, 3800, 15, '600000000818',
        '10x10x5mm', '원데이보틀 FHC프리미엄', 6, NULL);
INSERT IGNORE INTO stock (product_variant_id, amount, updated_at, restocked_at)
VALUES ((SELECT id
         FROM product_variant
         WHERE variant_name = '30캡슐'
           AND product_id = (SELECT id FROM product WHERE code = 'P82420315917' LIMIT 1)
         LIMIT 1),
        35, '2025-09-29 12:00:00', '2025-08-20 12:00:00'),
       ((SELECT id
         FROM product_variant
         WHERE variant_name = '15캡슐'
           AND product_id = (SELECT id FROM product WHERE code = 'P82420315917' LIMIT 1)
         LIMIT 1),
        22, '2025-09-29 12:00:00', '2025-08-20 12:00:00');
INSERT INTO product_category (product_id, category_id)
VALUES ((SELECT id FROM product WHERE code = 'P82420315917' LIMIT 1),
        (SELECT id FROM category WHERE name = '크릴 오일' LIMIT 1));
INSERT IGNORE INTO product_rank (product_id, recent_sales, updated_at)
VALUES ((SELECT id FROM product WHERE code = 'P82420315917' LIMIT 1), 1890, '2025-09-29 12:00:00');


INSERT IGNORE INTO brand (name)
VALUES ('네이처드림');
INSERT IGNORE INTO brand (name)
VALUES ('펄세스');
INSERT IGNORE INTO brand (name)
VALUES ('순수식품');
INSERT IGNORE INTO brand (name)
VALUES ('칼라일');
INSERT IGNORE INTO brand (name)
VALUES ('뉴트리코어');
INSERT IGNORE INTO brand (name)
VALUES ('피터앤존');
INSERT IGNORE INTO brand (name)
VALUES ('커클랜드');
INSERT IGNORE INTO brand (name)
VALUES ('코코리빙마트');
INSERT IGNORE INTO brand (name)
VALUES ('디딤푸드');
INSERT IGNORE INTO brand (name)
VALUES ('JW중외제약');
INSERT IGNORE INTO brand (name)
VALUES ('에버하스');

INSERT INTO product (brand_id, name, code, description, instruction, ingredients, cautions, disclaimer,
                     sale_start_date, expiration_date, max_qty_per_order, sales, avg_rating, review_count, min_price)
VALUES ((SELECT id FROM brand WHERE name = '네이처드림'),
        '네이처드림 크릴오일 1000mg x 30캡슐, 1개',
        'P53145372603', '네이처드림 크릴오일 1000mg x 30캡슐, 1개',
        '하루 1-2정을 식후에 섭취하세요.', '크릴오일, 오메가3',
        '과다섭취 시 부작용이 있을 수 있습니다.', '본 제품은 질병의 예방 및 치료를 위한 의약품이 아닙니다.',
        '2025-10-28 00:00:00', 30, 6, 2150, 4.1, 320, 16900);
INSERT INTO product_img (product_id, image_url, alt_text, sort_idx, is_primary)
VALUES ((SELECT id FROM product WHERE code = 'P53145372603' LIMIT 1),
        'https://shopping-phinf.pstatic.net/main_5314537/53145372603.1.jpg', '대표 이미지', 0, 1),
       ((SELECT id FROM product WHERE code = 'P53145372603' LIMIT 1),
        'https://shopping-phinf.pstatic.net/main_5314537/53145372603.2.jpg', '상품 상세', 1, 0),
       ((SELECT id FROM product WHERE code = 'P53145372603' LIMIT 1),
        'https://shopping-phinf.pstatic.net/main_5314537/53145372603.3.jpg', '성분 정보', 2, 0);
INSERT INTO product_variant (product_id, variant_name, list_price, sale_price, volume, upc_code, pill_size,
                             nutrition_facts, max_qty_per_order, restock_eta)
VALUES ((SELECT id FROM product WHERE code = 'P53145372603' LIMIT 1), '30캡슐', 16900, 14900, 30, '600000000819',
        '10x10x5mm', '네이처드림 크릴오일', 6, NULL),
       ((SELECT id FROM product WHERE code = 'P53145372603' LIMIT 1), '15캡슐', 9900, 7900, 15, '600000000820',
        '10x10x5mm', '네이처드림 크릴오일', 6, NULL);
INSERT IGNORE INTO stock (product_variant_id, amount, updated_at, restocked_at)
VALUES ((SELECT id
         FROM product_variant
         WHERE variant_name = '30캡슐'
           AND product_id = (SELECT id FROM product WHERE code = 'P53145372603' LIMIT 1)
         LIMIT 1),
        25, '2025-09-29 12:00:00', '2025-08-20 12:00:00'),
       ((SELECT id
         FROM product_variant
         WHERE variant_name = '15캡슐'
           AND product_id = (SELECT id FROM product WHERE code = 'P53145372603' LIMIT 1)
         LIMIT 1),
        16, '2025-09-29 12:00:00', '2025-08-20 12:00:00');
INSERT INTO product_category (product_id, category_id)
VALUES ((SELECT id FROM product WHERE code = 'P53145372603' LIMIT 1),
        (SELECT id FROM category WHERE name = '크릴 오일' LIMIT 1));
INSERT IGNORE INTO product_rank (product_id, recent_sales, updated_at)
VALUES ((SELECT id FROM product WHERE code = 'P53145372603' LIMIT 1), 2150, '2025-09-29 12:00:00');


INSERT INTO product (brand_id, name, code, description, instruction, ingredients, cautions, disclaimer,
                     sale_start_date, expiration_date, max_qty_per_order, sales, avg_rating, review_count, min_price)
VALUES ((SELECT id FROM brand WHERE name = '크릴56'),
        '[펄세스] 함익병 크릴56 크릴오일 3개월 선물세트 1,000mg x 90캡슐',
        'P87253216427', '[펄세스] 함익병 크릴56 크릴오일 3개월 선물세트 1,000mg x 90캡슐',
        '하루 1-2정을 식후에 섭취하세요.', '크릴오일, 선물세트',
        '과다섭취 시 부작용이 있을 수 있습니다.', '본 제품은 질병의 예방 및 치료를 위한 의약품이 아닙니다.',
        '2025-12-15 00:00:00', 30, 6, 450, 4.4, 120, 95000);
INSERT INTO product_img (product_id, image_url, alt_text, sort_idx, is_primary)
VALUES ((SELECT id FROM product WHERE code = 'P87253216427' LIMIT 1),
        'https://shopping-phinf.pstatic.net/main_8725321/87253216427.1.jpg', '대표 이미지', 0, 1),
       ((SELECT id FROM product WHERE code = 'P87253216427' LIMIT 1),
        'https://shopping-phinf.pstatic.net/main_8725321/87253216427.2.jpg', '상품 상세', 1, 0),
       ((SELECT id FROM product WHERE code = 'P87253216427' LIMIT 1),
        'https://shopping-phinf.pstatic.net/main_8725321/87253216427.3.jpg', '성분 정보', 2, 0);
INSERT INTO product_variant (product_id, variant_name, list_price, sale_price, volume, upc_code, pill_size,
                             nutrition_facts, max_qty_per_order, restock_eta)
VALUES ((SELECT id FROM product WHERE code = 'P87253216427' LIMIT 1), '90캡슐', 95000, 93000, 90, '600000000821',
        '10x10x5mm', '펄세스 크릴56선물세트', 6, NULL),
       ((SELECT id FROM product WHERE code = 'P87253216427' LIMIT 1), '45캡슐', 55000, 53000, 45, '600000000822',
        '10x10x5mm', '펄세스 크릴56선물세트', 6, NULL);
INSERT IGNORE INTO stock (product_variant_id, amount, updated_at, restocked_at)
VALUES ((SELECT id
         FROM product_variant
         WHERE variant_name = '90캡슐'
           AND product_id = (SELECT id FROM product WHERE code = 'P87253216427' LIMIT 1)
         LIMIT 1),
        5, '2025-09-29 12:00:00', '2025-08-20 12:00:00'),
       ((SELECT id
         FROM product_variant
         WHERE variant_name = '45캡슐'
           AND product_id = (SELECT id FROM product WHERE code = 'P87253216427' LIMIT 1)
         LIMIT 1),
        3, '2025-09-29 12:00:00', '2025-08-20 12:00:00');
INSERT INTO product_category (product_id, category_id)
VALUES ((SELECT id FROM product WHERE code = 'P87253216427' LIMIT 1),
        (SELECT id FROM category WHERE name = '크릴 오일' LIMIT 1));
INSERT IGNORE INTO product_rank (product_id, recent_sales, updated_at)
VALUES ((SELECT id FROM product WHERE code = 'P87253216427' LIMIT 1), 450, '2025-09-29 12:00:00');


INSERT INTO product (brand_id, name, code, description, instruction, ingredients, cautions, disclaimer,
                     sale_start_date, expiration_date, max_qty_per_order, sales, avg_rating, review_count, min_price)
VALUES ((SELECT id FROM brand WHERE name = '순수식품'),
        '순수식품 크릴오일1000 1000mg x 30캡슐, 4개',
        'P52647379145', '순수식품 크릴오일1000 1000mg x 30캡슐, 4개',
        '하루 1-2정을 식후에 섭취하세요.', '크릴오일, 순수식품',
        '과다섭취 시 부작용이 있을 수 있습니다.', '본 제품은 질병의 예방 및 치료를 위한 의약품이 아닙니다.',
        '2025-11-08 00:00:00', 30, 6, 1420, 4.0, 210, 42000);
INSERT INTO product_img (product_id, image_url, alt_text, sort_idx, is_primary)
VALUES ((SELECT id FROM product WHERE code = 'P52647379145' LIMIT 1),
        'https://shopping-phinf.pstatic.net/main_5264737/52647379145.1.jpg', '대표 이미지', 0, 1),
       ((SELECT id FROM product WHERE code = 'P52647379145' LIMIT 1),
        'https://shopping-phinf.pstatic.net/main_5264737/52647379145.2.jpg', '상품 상세', 1, 0),
       ((SELECT id FROM product WHERE code = 'P52647379145' LIMIT 1),
        'https://shopping-phinf.pstatic.net/main_5264737/52647379145.3.jpg', '성분 정보', 2, 0);
INSERT INTO product_variant (product_id, variant_name, list_price, sale_price, volume, upc_code, pill_size,
                             nutrition_facts, max_qty_per_order, restock_eta)
VALUES ((SELECT id FROM product WHERE code = 'P52647379145' LIMIT 1), '4개', 42000, 40000, 4, '600000000823',
        '10x10x5mm', '순수식품 크릴오일1000', 6, NULL),
       ((SELECT id FROM product WHERE code = 'P52647379145' LIMIT 1), '2개', 24000, 22000, 2, '600000000824',
        '10x10x5mm', '순수식품 크릴오일1000', 6, NULL);
INSERT IGNORE INTO stock (product_variant_id, amount, updated_at, restocked_at)
VALUES ((SELECT id
         FROM product_variant
         WHERE variant_name = '4개'
           AND product_id = (SELECT id FROM product WHERE code = 'P52647379145' LIMIT 1)
         LIMIT 1),
        15, '2025-09-29 12:00:00', '2025-08-20 12:00:00'),
       ((SELECT id
         FROM product_variant
         WHERE variant_name = '2개'
           AND product_id = (SELECT id FROM product WHERE code = 'P52647379145' LIMIT 1)
         LIMIT 1),
        10, '2025-09-29 12:00:00', '2025-08-20 12:00:00');
INSERT INTO product_category (product_id, category_id)
VALUES ((SELECT id FROM product WHERE code = 'P52647379145' LIMIT 1),
        (SELECT id FROM category WHERE name = '크릴 오일' LIMIT 1));
INSERT IGNORE INTO product_rank (product_id, recent_sales, updated_at)
VALUES ((SELECT id FROM product WHERE code = 'P52647379145' LIMIT 1), 1420, '2025-09-29 12:00:00');


INSERT INTO product (brand_id, name, code, description, instruction, ingredients, cautions, disclaimer,
                     sale_start_date, expiration_date, max_qty_per_order, sales, avg_rating, review_count, min_price)
VALUES ((SELECT id FROM brand WHERE name = '칼라일'),
        '칼라일 남극 크릴오일 2000mg x 120캡슐, 2개',
        'P53530694605', '칼라일 남극 크릴오일 2000mg x 120캡슐, 2개',
        '하루 1-2정을 식후에 섭취하세요.', '크릴오일, 남극',
        '과다섭취 시 부작용이 있을 수 있습니다.', '본 제품은 질병의 예방 및 치료를 위한 의약품이 아닙니다.',
        '2025-12-22 00:00:00', 30, 6, 920, 4.2, 180, 45400);
INSERT INTO product_img (product_id, image_url, alt_text, sort_idx, is_primary)
VALUES ((SELECT id FROM product WHERE code = 'P53530694605' LIMIT 1),
        'https://shopping-phinf.pstatic.net/main_5353069/53530694605.1.jpg', '대표 이미지', 0, 1),
       ((SELECT id FROM product WHERE code = 'P53530694605' LIMIT 1),
        'https://shopping-phinf.pstatic.net/main_5353069/53530694605.2.jpg', '상품 상세', 1, 0),
       ((SELECT id FROM product WHERE code = 'P53530694605' LIMIT 1),
        'https://shopping-phinf.pstatic.net/main_5353069/53530694605.3.jpg', '성분 정보', 2, 0);
INSERT INTO product_variant (product_id, variant_name, list_price, sale_price, volume, upc_code, pill_size,
                             nutrition_facts, max_qty_per_order, restock_eta)
VALUES ((SELECT id FROM product WHERE code = 'P53530694605' LIMIT 1), '2개', 45400, 43400, 2, '600000000825',
        '10x10x5mm', '칼라일 남극크릴오일', 6, NULL),
       ((SELECT id FROM product WHERE code = 'P53530694605' LIMIT 1), '1개', 26400, 24400, 1, '600000000826',
        '10x10x5mm', '칼라일 남극크릴오일', 6, NULL);
INSERT IGNORE INTO stock (product_variant_id, amount, updated_at, restocked_at)
VALUES ((SELECT id
         FROM product_variant
         WHERE variant_name = '2개'
           AND product_id = (SELECT id FROM product WHERE code = 'P53530694605' LIMIT 1)
         LIMIT 1),
        12, '2025-09-29 12:00:00', '2025-08-20 12:00:00'),
       ((SELECT id
         FROM product_variant
         WHERE variant_name = '1개'
           AND product_id = (SELECT id FROM product WHERE code = 'P53530694605' LIMIT 1)
         LIMIT 1),
        8, '2025-09-29 12:00:00', '2025-08-20 12:00:00');
INSERT INTO product_category (product_id, category_id)
VALUES ((SELECT id FROM product WHERE code = 'P53530694605' LIMIT 1),
        (SELECT id FROM category WHERE name = '크릴 오일' LIMIT 1));
INSERT IGNORE INTO product_rank (product_id, recent_sales, updated_at)
VALUES ((SELECT id FROM product WHERE code = 'P53530694605' LIMIT 1), 920, '2025-09-29 12:00:00');


INSERT INTO product (brand_id, name, code, description, instruction, ingredients, cautions, disclaimer,
                     sale_start_date, expiration_date, max_qty_per_order, sales, avg_rating, review_count, min_price)
VALUES ((SELECT id FROM brand WHERE name = '뉴트리코어'),
        '뉴트리코어 맥스 크릴오일 1100mg x 30캡슐, 5개',
        'P52647725715', '뉴트리코어 맥스 크릴오일 1100mg x 30캡슐, 5개',
        '하루 1-2정을 식후에 섭취하세요.', '크릴오일, 맥스',
        '과다섭취 시 부작용이 있을 수 있습니다.', '본 제품은 질병의 예방 및 치료를 위한 의약품이 아닙니다.',
        '2025-10-18 00:00:00', 30, 6, 320, 4.3, 85, 196000);
INSERT INTO product_img (product_id, image_url, alt_text, sort_idx, is_primary)
VALUES ((SELECT id FROM product WHERE code = 'P52647725715' LIMIT 1),
        'https://shopping-phinf.pstatic.net/main_5264772/52647725715.1.jpg', '대표 이미지', 0, 1),
       ((SELECT id FROM product WHERE code = 'P52647725715' LIMIT 1),
        'https://shopping-phinf.pstatic.net/main_5264772/52647725715.2.jpg', '상품 상세', 1, 0),
       ((SELECT id FROM product WHERE code = 'P52647725715' LIMIT 1),
        'https://shopping-phinf.pstatic.net/main_5264772/52647725715.3.jpg', '성분 정보', 2, 0);
INSERT INTO product_variant (product_id, variant_name, list_price, sale_price, volume, upc_code, pill_size,
                             nutrition_facts, max_qty_per_order, restock_eta)
VALUES ((SELECT id FROM product WHERE code = 'P52647725715' LIMIT 1), '5개', 196000, 194000, 5, '600000000827',
        '10x10x5mm', '뉴트리코어 맥스크릴오일', 6, NULL),
       ((SELECT id FROM product WHERE code = 'P52647725715' LIMIT 1), '2개', 89000, 87000, 2, '600000000828',
        '10x10x5mm', '뉴트리코어 맥스크릴오일', 6, NULL);
INSERT IGNORE INTO stock (product_variant_id, amount, updated_at, restocked_at)
VALUES ((SELECT id
         FROM product_variant
         WHERE variant_name = '5개'
           AND product_id = (SELECT id FROM product WHERE code = 'P52647725715' LIMIT 1)
         LIMIT 1),
        3, '2025-09-29 12:00:00', '2025-08-20 12:00:00'),
       ((SELECT id
         FROM product_variant
         WHERE variant_name = '2개'
           AND product_id = (SELECT id FROM product WHERE code = 'P52647725715' LIMIT 1)
         LIMIT 1),
        2, '2025-09-29 12:00:00', '2025-08-20 12:00:00');
INSERT INTO product_category (product_id, category_id)
VALUES ((SELECT id FROM product WHERE code = 'P52647725715' LIMIT 1),
        (SELECT id FROM category WHERE name = '크릴 오일' LIMIT 1));
INSERT IGNORE INTO product_rank (product_id, recent_sales, updated_at)
VALUES ((SELECT id FROM product WHERE code = 'P52647725715' LIMIT 1), 320, '2025-09-29 12:00:00');


INSERT INTO product (brand_id, name, code, description, instruction, ingredients, cautions, disclaimer,
                     sale_start_date, expiration_date, max_qty_per_order, sales, avg_rating, review_count, min_price)
VALUES ((SELECT id FROM brand WHERE name = '피터앤존'),
        '피터앤존 레드 크릴오일 1500 60캡슐',
        'P29651301618', '피터앤존 레드 크릴오일 1500 60캡슐',
        '하루 1-2정을 식후에 섭취하세요.', '크릴오일, 레드',
        '과다섭취 시 부작용이 있을 수 있습니다.', '본 제품은 질병의 예방 및 치료를 위한 의약품이 아닙니다.',
        '2025-11-25 00:00:00', 30, 6, 680, 4.1, 150, 47000);
INSERT INTO product_img (product_id, image_url, alt_text, sort_idx, is_primary)
VALUES ((SELECT id FROM product WHERE code = 'P29651301618' LIMIT 1),
        'https://shopping-phinf.pstatic.net/main_2965130/29651301618.1.jpg', '대표 이미지', 0, 1),
       ((SELECT id FROM product WHERE code = 'P29651301618' LIMIT 1),
        'https://shopping-phinf.pstatic.net/main_2965130/29651301618.2.jpg', '상품 상세', 1, 0),
       ((SELECT id FROM product WHERE code = 'P29651301618' LIMIT 1),
        'https://shopping-phinf.pstatic.net/main_2965130/29651301618.3.jpg', '성분 정보', 2, 0);
INSERT INTO product_variant (product_id, variant_name, list_price, sale_price, volume, upc_code, pill_size,
                             nutrition_facts, max_qty_per_order, restock_eta)
VALUES ((SELECT id FROM product WHERE code = 'P29651301618' LIMIT 1), '60캡슐', 47000, 45000, 60, '600000000829',
        '10x10x5mm', '피터앤존 레드크릴오일', 6, NULL),
       ((SELECT id FROM product WHERE code = 'P29651301618' LIMIT 1), '30캡슐', 27000, 25000, 30, '600000000830',
        '10x10x5mm', '피터앤존 레드크릴오일', 6, NULL);
INSERT IGNORE INTO stock (product_variant_id, amount, updated_at, restocked_at)
VALUES ((SELECT id
         FROM product_variant
         WHERE variant_name = '60캡슐'
           AND product_id = (SELECT id FROM product WHERE code = 'P29651301618' LIMIT 1)
         LIMIT 1),
        10, '2025-09-29 12:00:00', '2025-08-20 12:00:00'),
       ((SELECT id
         FROM product_variant
         WHERE variant_name = '30캡슐'
           AND product_id = (SELECT id FROM product WHERE code = 'P29651301618' LIMIT 1)
         LIMIT 1),
        6, '2025-09-29 12:00:00', '2025-08-20 12:00:00');
INSERT INTO product_category (product_id, category_id)
VALUES ((SELECT id FROM product WHERE code = 'P29651301618' LIMIT 1),
        (SELECT id FROM category WHERE name = '크릴 오일' LIMIT 1));
INSERT IGNORE INTO product_rank (product_id, recent_sales, updated_at)
VALUES ((SELECT id FROM product WHERE code = 'P29651301618' LIMIT 1), 680, '2025-09-29 12:00:00');


INSERT INTO product (brand_id, name, code, description, instruction, ingredients, cautions, disclaimer,
                     sale_start_date, expiration_date, max_qty_per_order, sales, avg_rating, review_count, min_price)
VALUES ((SELECT id FROM brand WHERE name = '커클랜드'),
        '코스트코 크릴오일 커클랜드 500mg 180캡슐',
        'P83340839958', '코스트코 크릴오일 커클랜드 500mg 180캡슐',
        '하루 1-2정을 식후에 섭취하세요.', '크릴오일, 커클랜드',
        '과다섭취 시 부작용이 있을 수 있습니다.', '본 제품은 질병의 예방 및 치료를 위한 의약품이 아닙니다.',
        '2025-12-08 00:00:00', 30, 6, 1420, 4.0, 210, 42990);
INSERT INTO product_img (product_id, image_url, alt_text, sort_idx, is_primary)
VALUES ((SELECT id FROM product WHERE code = 'P83340839958' LIMIT 1),
        'https://shopping-phinf.pstatic.net/main_8334083/83340839958.1.jpg', '대표 이미지', 0, 1),
       ((SELECT id FROM product WHERE code = 'P83340839958' LIMIT 1),
        'https://shopping-phinf.pstatic.net/main_8334083/83340839958.2.jpg', '상품 상세', 1, 0),
       ((SELECT id FROM product WHERE code = 'P83340839958' LIMIT 1),
        'https://shopping-phinf.pstatic.net/main_8334083/83340839958.3.jpg', '성분 정보', 2, 0);
INSERT INTO product_variant (product_id, variant_name, list_price, sale_price, volume, upc_code, pill_size,
                             nutrition_facts, max_qty_per_order, restock_eta)
VALUES ((SELECT id FROM product WHERE code = 'P83340839958' LIMIT 1), '180캡슐', 42990, 40990, 180, '600000000831',
        '10x10x5mm', '코코리빙마트 커클랜드', 6, NULL),
       ((SELECT id FROM product WHERE code = 'P83340839958' LIMIT 1), '90캡슐', 24990, 22990, 90, '600000000832',
        '10x10x5mm', '코코리빙마트 커클랜드', 6, NULL);
INSERT IGNORE INTO stock (product_variant_id, amount, updated_at, restocked_at)
VALUES ((SELECT id
         FROM product_variant
         WHERE variant_name = '180캡슐'
           AND product_id = (SELECT id FROM product WHERE code = 'P83340839958' LIMIT 1)
         LIMIT 1),
        15, '2025-09-29 12:00:00', '2025-08-20 12:00:00'),
       ((SELECT id
         FROM product_variant
         WHERE variant_name = '90캡슐'
           AND product_id = (SELECT id FROM product WHERE code = 'P83340839958' LIMIT 1)
         LIMIT 1),
        10, '2025-09-29 12:00:00', '2025-08-20 12:00:00');
INSERT INTO product_category (product_id, category_id)
VALUES ((SELECT id FROM product WHERE code = 'P83340839958' LIMIT 1),
        (SELECT id FROM category WHERE name = '크릴 오일' LIMIT 1));
INSERT IGNORE INTO product_rank (product_id, recent_sales, updated_at)
VALUES ((SELECT id FROM product WHERE code = 'P83340839958' LIMIT 1), 1420, '2025-09-29 12:00:00');


INSERT INTO product (brand_id, name, code, description, instruction, ingredients, cautions, disclaimer,
                     sale_start_date, expiration_date, max_qty_per_order, sales, avg_rating, review_count, min_price)
VALUES ((SELECT id FROM brand WHERE name = '디딤푸드'),
        '캐나다 크릴오일 1000mg 30캡슐 남극 크릴새우 효능',
        'P85597192681', '캐나다 크릴오일 1000mg 30캡슐 남극 크릴새우 효능',
        '하루 1-2정을 식후에 섭취하세요.', '크릴오일, 남극',
        '과다섭취 시 부작용이 있을 수 있습니다.', '본 제품은 질병의 예방 및 치료를 위한 의약품이 아닙니다.',
        '2025-10-05 00:00:00', 30, 6, 1890, 4.2, 280, 13900);
INSERT INTO product_img (product_id, image_url, alt_text, sort_idx, is_primary)
VALUES ((SELECT id FROM product WHERE code = 'P85597192681' LIMIT 1),
        'https://shopping-phinf.pstatic.net/main_8559719/85597192681.1.jpg', '대표 이미지', 0, 1),
       ((SELECT id FROM product WHERE code = 'P85597192681' LIMIT 1),
        'https://shopping-phinf.pstatic.net/main_8559719/85597192681.2.jpg', '상품 상세', 1, 0),
       ((SELECT id FROM product WHERE code = 'P85597192681' LIMIT 1),
        'https://shopping-phinf.pstatic.net/main_8559719/85597192681.3.jpg', '성분 정보', 2, 0);
INSERT INTO product_variant (product_id, variant_name, list_price, sale_price, volume, upc_code, pill_size,
                             nutrition_facts, max_qty_per_order, restock_eta)
VALUES ((SELECT id FROM product WHERE code = 'P85597192681' LIMIT 1), '30캡슐', 13900, 11900, 30, '600000000833',
        '10x10x5mm', '디딤푸드 캐나다크릴오일', 6, NULL),
       ((SELECT id FROM product WHERE code = 'P85597192681' LIMIT 1), '15캡슐', 7900, 5900, 15, '600000000834',
        '10x10x5mm', '디딤푸드 캐나다크릴오일', 6, NULL);
INSERT IGNORE INTO stock (product_variant_id, amount, updated_at, restocked_at)
VALUES ((SELECT id
         FROM product_variant
         WHERE variant_name = '30캡슐'
           AND product_id = (SELECT id FROM product WHERE code = 'P85597192681' LIMIT 1)
         LIMIT 1),
        28, '2025-09-29 12:00:00', '2025-08-20 12:00:00'),
       ((SELECT id
         FROM product_variant
         WHERE variant_name = '15캡슐'
           AND product_id = (SELECT id FROM product WHERE code = 'P85597192681' LIMIT 1)
         LIMIT 1),
        18, '2025-09-29 12:00:00', '2025-08-20 12:00:00');
INSERT INTO product_category (product_id, category_id)
VALUES ((SELECT id FROM product WHERE code = 'P85597192681' LIMIT 1),
        (SELECT id FROM category WHERE name = '크릴 오일' LIMIT 1));
INSERT IGNORE INTO product_rank (product_id, recent_sales, updated_at)
VALUES ((SELECT id FROM product WHERE code = 'P85597192681' LIMIT 1), 1890, '2025-09-29 12:00:00');


INSERT INTO product (brand_id, name, code, description, instruction, ingredients, cautions, disclaimer,
                     sale_start_date, expiration_date, max_qty_per_order, sales, avg_rating, review_count, min_price)
VALUES ((SELECT id FROM brand WHERE name = 'JW중외제약'),
        'JW중외제약 프리미엄 리얼메디 크릴오일 500mg x 30캡슐, 3개',
        'P52647379703', 'JW중외제약 프리미엄 리얼메디 크릴오일 500mg x 30캡슐, 3개',
        '하루 1-2정을 식후에 섭취하세요.', '크릴오일, 프리미엄',
        '과다섭취 시 부작용이 있을 수 있습니다.', '본 제품은 질병의 예방 및 치료를 위한 의약품이 아닙니다.',
        '2025-11-12 00:00:00', 30, 6, 920, 4.1, 180, 25610);
INSERT INTO product_img (product_id, image_url, alt_text, sort_idx, is_primary)
VALUES ((SELECT id FROM product WHERE code = 'P52647379703' LIMIT 1),
        'https://shopping-phinf.pstatic.net/main_5264737/52647379703.1.jpg', '대표 이미지', 0, 1),
       ((SELECT id FROM product WHERE code = 'P52647379703' LIMIT 1),
        'https://shopping-phinf.pstatic.net/main_5264737/52647379703.2.jpg', '상품 상세', 1, 0),
       ((SELECT id FROM product WHERE code = 'P52647379703' LIMIT 1),
        'https://shopping-phinf.pstatic.net/main_5264737/52647379703.3.jpg', '성분 정보', 2, 0);
INSERT INTO product_variant (product_id, variant_name, list_price, sale_price, volume, upc_code, pill_size,
                             nutrition_facts, max_qty_per_order, restock_eta)
VALUES ((SELECT id FROM product WHERE code = 'P52647379703' LIMIT 1), '3개', 25610, 23610, 3, '600000000835',
        '10x10x5mm', 'JW중외제약 프리미엄리얼메디', 6, NULL),
       ((SELECT id FROM product WHERE code = 'P52647379703' LIMIT 1), '1개', 9610, 7610, 1, '600000000836', '10x10x5mm',
        'JW중외제약 프리미엄리얼메디', 6, NULL);
INSERT IGNORE INTO stock (product_variant_id, amount, updated_at, restocked_at)
VALUES ((SELECT id
         FROM product_variant
         WHERE variant_name = '3개'
           AND product_id = (SELECT id FROM product WHERE code = 'P52647379703' LIMIT 1)
         LIMIT 1),
        18, '2025-09-29 12:00:00', '2025-08-20 12:00:00'),
       ((SELECT id
         FROM product_variant
         WHERE variant_name = '1개'
           AND product_id = (SELECT id FROM product WHERE code = 'P52647379703' LIMIT 1)
         LIMIT 1),
        12, '2025-09-29 12:00:00', '2025-08-20 12:00:00');
INSERT INTO product_category (product_id, category_id)
VALUES ((SELECT id FROM product WHERE code = 'P52647379703' LIMIT 1),
        (SELECT id FROM category WHERE name = '크릴 오일' LIMIT 1));
INSERT IGNORE INTO product_rank (product_id, recent_sales, updated_at)
VALUES ((SELECT id FROM product WHERE code = 'P52647379703' LIMIT 1), 920, '2025-09-29 12:00:00');


INSERT INTO product (brand_id, name, code, description, instruction, ingredients, cautions, disclaimer,
                     sale_start_date, expiration_date, max_qty_per_order, sales, avg_rating, review_count, min_price)
VALUES ((SELECT id FROM brand WHERE name = '에버하스'),
        '비아벨로 비크릴 100 인지질 크릴오일',
        'P89491369992', '비아벨로 비크릴 100 인지질 크릴오일',
        '하루 1-2정을 식후에 섭취하세요.', '크릴오일, 인지질',
        '과다섭취 시 부작용이 있을 수 있습니다.', '본 제품은 질병의 예방 및 치료를 위한 의약품이 아닙니다.',
        '2025-12-20 00:00:00', 30, 6, 680, 4.3, 150, 30780);
INSERT INTO product_img (product_id, image_url, alt_text, sort_idx, is_primary)
VALUES ((SELECT id FROM product WHERE code = 'P89491369992' LIMIT 1),
        'https://shopping-phinf.pstatic.net/main_8949136/89491369992.1.jpg', '대표 이미지', 0, 1),
       ((SELECT id FROM product WHERE code = 'P89491369992' LIMIT 1),
        'https://shopping-phinf.pstatic.net/main_8949136/89491369992.2.jpg', '상품 상세', 1, 0),
       ((SELECT id FROM product WHERE code = 'P89491369992' LIMIT 1),
        'https://shopping-phinf.pstatic.net/main_8949136/89491369992.3.jpg', '성분 정보', 2, 0);
INSERT INTO product_variant (product_id, variant_name, list_price, sale_price, volume, upc_code, pill_size,
                             nutrition_facts, max_qty_per_order, restock_eta)
VALUES ((SELECT id FROM product WHERE code = 'P89491369992' LIMIT 1), '100캡슐', 30780, 28780, 100, '600000000837',
        '10x10x5mm', '에버하스 비아벨로비크릴', 6, NULL),
       ((SELECT id FROM product WHERE code = 'P89491369992' LIMIT 1), '50캡슐', 17780, 15780, 50, '600000000838',
        '10x10x5mm', '에버하스 비아벨로비크릴', 6, NULL);
INSERT IGNORE INTO stock (product_variant_id, amount, updated_at, restocked_at)
VALUES ((SELECT id
         FROM product_variant
         WHERE variant_name = '100캡슐'
           AND product_id = (SELECT id FROM product WHERE code = 'P89491369992' LIMIT 1)
         LIMIT 1),
        12, '2025-09-29 12:00:00', '2025-08-20 12:00:00'),
       ((SELECT id
         FROM product_variant
         WHERE variant_name = '50캡슐'
           AND product_id = (SELECT id FROM product WHERE code = 'P89491369992' LIMIT 1)
         LIMIT 1),
        8, '2025-09-29 12:00:00', '2025-08-20 12:00:00');
INSERT INTO product_category (product_id, category_id)
VALUES ((SELECT id FROM product WHERE code = 'P89491369992' LIMIT 1),
        (SELECT id FROM category WHERE name = '크릴 오일' LIMIT 1));
INSERT IGNORE INTO product_rank (product_id, recent_sales, updated_at)
VALUES ((SELECT id FROM product WHERE code = 'P89491369992' LIMIT 1), 680, '2025-09-29 12:00:00');


